// Code generated by gen-avatar from Logo_Horizontal_Color.png. DO NOT EDIT.

package main

const logoW, logoH = 320, 140

var logo = [logoW * logoH * 2]byte{
	0x00, 0x00, 0x00, 0x00, 0x00, 0x00, 0x00, 0x00, 0x00, 0x00, 0x00, 0x00, 0x00, 0x00, 0x00, 0x00, 
	0x00, 0x00, 0x00, 0x00, 0x00, 0x00, 0x00, 0x00, 0x00, 0x00, 0x00, 0x00, 0x00, 0x00, 0x00, 0x00, 
	0x00, 0x00, 0x00, 0x00, 0x00, 0x00, 0x00, 0x00, 0x00, 0x00, 0x00, 0x00, 0x00, 0x00, 0x00, 0x00, 
	0x00, 0x00, 0x00, 0x00, 0x00, 0x00, 0x00, 0x00, 0x00, 0x00, 0x00, 0x00, 0x00, 0x00, 0x00, 0x00, 
	0x00, 0x00, 0x00, 0x00, 0x00, 0x00, 0x00, 0x00, 0x00, 0x00, 0x00, 0x00, 0x00, 0x00, 0x00, 0x00, 
	0x00, 0x00, 0x00, 0x00, 0x00, 0x00, 0x00, 0x00, 0x00, 0x00, 0x00, 0x00, 0x00, 0x00, 0x00, 0x21, 
	0x00, 0xE6, 0x00, 0xE6, 0x00, 0x00, 0x00, 0x00, 0x00, 0x00, 0x00, 0x00, 0x00, 0x00, 0x00, 0x00, 
	0x00, 0x00, 0x00, 0x00, 0x00, 0x00, 0x00, 0x00, 0x00, 0x00, 0x00, 0x00, 0x00, 0x00, 0x00, 0x00, 
	0x00, 0x00, 0x00, 0x00, 0x00, 0x00, 0x00, 0x00, 0x00, 0x00, 0x00, 0x00, 0x00, 0x00, 0x00, 0x00, 
	0x00, 0x00, 0x00, 0x00, 0x00, 0x00, 0x00, 0x00, 0x00, 0x00, 0x00, 0x00, 0x00, 0x00, 0x00, 0x00, 
	0x00, 0x00, 0x00, 0x00, 0x00, 0x00, 0x00, 0x00, 0x00, 0x00, 0x00, 0x00, 0x00, 0x00, 0x00, 0x00, 
	0x00, 0x00, 0x00, 0x00, 0x00, 0x00, 0x00, 0x00, 0x00, 0x00, 0x00, 0x00, 0x00, 0x00, 0x00, 0x00, 
	0x00, 0x00, 0x00, 0x00, 0x00, 0x00, 0x00, 0x00, 0x00, 0x00, 0x00, 0x00, 0x00, 0x00, 0x00, 0x00, 
	0x00, 0x00, 0x00, 0x00, 0x00, 0x00, 0x00, 0x00, 0x00, 0x00, 0x00, 0x00, 0x00, 0x00, 0x00, 0x00, 
	0x00, 0x00, 0x00, 0x00, 0x00, 0x00, 0x00, 0x00, 0x00, 0x00, 0x00, 0x00, 0x00, 0x00, 0x00, 0x00, 
	0x00, 0x00, 0x00, 0x00, 0x00, 0x00, 0x00, 0x00, 0x00, 0x00, 0x00, 0x00, 0x00, 0x00, 0x00, 0x00, 
	0x00, 0x00, 0x00, 0x00, 0x00, 0x00, 0x00, 0x00, 0x00, 0x00, 0x00, 0x00, 0x00, 0x00, 0x00, 0x00, 
	0x00, 0x00, 0x00, 0x00, 0x00, 0x00, 0x00, 0x00, 0x00, 0x00, 0x00, 0x00, 0x00, 0x00, 0x00, 0x00, 
	0x00, 0x00, 0x00, 0x00, 0x00, 0x00, 0x00, 0x00, 0x00, 0x00, 0x00, 0x00, 0x00, 0x00, 0x00, 0x00, 
	0x00, 0x00, 0x00, 0x00, 0x00, 0x00, 0x00, 0x00, 0x00, 0x00, 0x00, 0x00, 0x00, 0x00, 0x00, 0x00, 
	0x00, 0x00, 0x00, 0x00, 0x00, 0x00, 0x00, 0x00, 0x00, 0x00, 0x00, 0x00, 0x00, 0x00, 0x00, 0x00, 
	0x00, 0x00, 0x00, 0x00, 0x00, 0x00, 0x00, 0x00, 0x00, 0x00, 0x00, 0x00, 0x00, 0x00, 0x00, 0x00, 
	0x00, 0x00, 0x00, 0x00, 0x00, 0x00, 0x00, 0x00, 0x00, 0x00, 0x00, 0x00, 0x00, 0x00, 0x00, 0x00, 
	0x00, 0x00, 0x00, 0x00, 0x00, 0x00, 0x00, 0x00, 0x00, 0x00, 0x00, 0x00, 0x00, 0x00, 0x00, 0x00, 
	0x00, 0x00, 0x00, 0x00, 0x00, 0x00, 0x00, 0x00, 0x00, 0x00, 0x00, 0x00, 0x00, 0x00, 0x00, 0x00, 
	0x00, 0x00, 0x00, 0x00, 0x00, 0x00, 0x00, 0x00, 0x00, 0x00, 0x00, 0x00, 0x00, 0x00, 0x00, 0x00, 
	0x00, 0x00, 0x00, 0x00, 0x00, 0x00, 0x00, 0x00, 0x00, 0x00, 0x00, 0x00, 0x00, 0x00, 0x00, 0x00, 
	0x00, 0x00, 0x00, 0x00, 0x00, 0x00, 0x00, 0x00, 0x00, 0x00, 0x00, 0x00, 0x00, 0x00, 0x00, 0x00, 
	0x00, 0x00, 0x00, 0x00, 0x00, 0x00, 0x00, 0x00, 0x00, 0x00, 0x00, 0x00, 0x00, 0x00, 0x00, 0x00, 
	0x00, 0x00, 0x00, 0x00, 0x00, 0x00, 0x00, 0x00, 0x00, 0x00, 0x00, 0x00, 0x00, 0x00, 0x00, 0x00, 
	0x00, 0x00, 0x00, 0x00, 0x00, 0x00, 0x00, 0x00, 0x00, 0x00, 0x00, 0x00, 0x00, 0x00, 0x00, 0x00, 
	0x00, 0x00, 0x00, 0x00, 0x00, 0x00, 0x00, 0x00, 0x00, 0x00, 0x00, 0x00, 0x00, 0x00, 0x00, 0x00, 
	0x00, 0x00, 0x00, 0x00, 0x00, 0x00, 0x00, 0x00, 0x00, 0x00, 0x00, 0x00, 0x00, 0x00, 0x00, 0x00, 
	0x00, 0x00, 0x00, 0x00, 0x00, 0x00, 0x00, 0x00, 0x00, 0x00, 0x00, 0x00, 0x00, 0x00, 0x00, 0x00, 
	0x00, 0x00, 0x00, 0x00, 0x00, 0x00, 0x00, 0x00, 0x00, 0x00, 0x00, 0x00, 0x00, 0x00, 0x00, 0x00, 
	0x00, 0x00, 0x00, 0x00, 0x00, 0x00, 0x00, 0x00, 0x00, 0x00, 0x00, 0x00, 0x00, 0x00, 0x00, 0x00, 
	0x00, 0x00, 0x00, 0x00, 0x00, 0x00, 0x00, 0x00, 0x00, 0x00, 0x00, 0x00, 0x00, 0x00, 0x00, 0x00, 
	0x00, 0x00, 0x00, 0x00, 0x00, 0x00, 0x00, 0x00, 0x00, 0x00, 0x00, 0x00, 0x00, 0x00, 0x00, 0x00, 
	0x00, 0x00, 0x00, 0x00, 0x00, 0x00, 0x00, 0x00, 0x00, 0x00, 0x00, 0x00, 0x00, 0x00, 0x00, 0x00, 
	0x00, 0x00, 0x00, 0x00, 0x00, 0x00, 0x00, 0x00, 0x00, 0x00, 0x00, 0x00, 0x00, 0x00, 0x00, 0x00, 
	0x00, 0x00, 0x00, 0x00, 0x00, 0x00, 0x00, 0x00, 0x00, 0x00, 0x00, 0x00, 0x00, 0x00, 0x00, 0x00, 
	0x00, 0x00, 0x00, 0x00, 0x00, 0x00, 0x00, 0x00, 0x00, 0x00, 0x00, 0x00, 0x00, 0x00, 0x00, 0x00, 
	0x00, 0x00, 0x00, 0x00, 0x00, 0x00, 0x00, 0x00, 0x00, 0x00, 0x00, 0x00, 0x00, 0x00, 0x00, 0x00, 
	0x00, 0x00, 0x00, 0x00, 0x00, 0x00, 0x00, 0x00, 0x00, 0x00, 0x00, 0x00, 0x00, 0x00, 0x00, 0x00, 
	0x00, 0x00, 0x00, 0x00, 0x00, 0x00, 0x00, 0x00, 0x00, 0x00, 0x00, 0x00, 0x00, 0x00, 0x00, 0x00, 
	0x00, 0x00, 0x00, 0x00, 0x00, 0x00, 0x00, 0x00, 0x00, 0x00, 0x09, 0xCD, 0x09, 0xCD, 0x09, 0xCD, 
	0x09, 0xCD, 0x09, 0xCD, 0x09, 0xCD, 0x09, 0xCD, 0x00, 0x84, 0x00, 0x00, 0x00, 0x00, 0x00, 0x00, 
	0x00, 0x00, 0x00, 0x00, 0x00, 0x00, 0x00, 0x00, 0x00, 0x00, 0x00, 0x00, 0x00, 0x00, 0x00, 0x00, 
	0x00, 0x00, 0x00, 0x00, 0x00, 0x00, 0x00, 0x00, 0x00, 0x00, 0x00, 0x00, 0x00, 0x00, 0x00, 0x00, 
	0x00, 0x00, 0x00, 0x00, 0x00, 0x00, 0x00, 0x00, 0x00, 0x00, 0x00, 0x00, 0x00, 0x00, 0x00, 0x00, 
	0x00, 0x00, 0x00, 0x00, 0x00, 0x00, 0x00, 0x00, 0x00, 0x00, 0x00, 0x00, 0x00, 0x00, 0x00, 0x00, 
	0x00, 0x00, 0x00, 0x00, 0x00, 0x00, 0x00, 0x00, 0x00, 0x00, 0x00, 0x00, 0x00, 0x00, 0x00, 0x00, 
	0x00, 0x00, 0x00, 0x00, 0x00, 0x00, 0x00, 0x00, 0x00, 0x00, 0x00, 0x00, 0x00, 0x00, 0x00, 0x00, 
	0x00, 0x00, 0x00, 0x00, 0x00, 0x00, 0x00, 0x00, 0x00, 0x00, 0x00, 0x00, 0x00, 0x00, 0x00, 0x00, 
	0x00, 0x00, 0x00, 0x00, 0x00, 0x00, 0x00, 0x00, 0x00, 0x00, 0x00, 0x00, 0x00, 0x00, 0x00, 0x00, 
	0x00, 0x00, 0x00, 0x00, 0x00, 0x00, 0x00, 0x00, 0x00, 0x00, 0x00, 0x00, 0x00, 0x00, 0x00, 0x00, 
	0x00, 0x00, 0x00, 0x00, 0x00, 0x00, 0x00, 0x00, 0x00, 0x00, 0x00, 0x00, 0x00, 0x00, 0x00, 0x00, 
	0x00, 0x00, 0x00, 0x00, 0x00, 0x00, 0x00, 0x00, 0x00, 0x00, 0x00, 0x00, 0x00, 0x00, 0x00, 0x00, 
	0x00, 0x00, 0x00, 0x00, 0x00, 0x00, 0x00, 0x00, 0x00, 0x00, 0x00, 0x00, 0x00, 0x00, 0x00, 0x00, 
	0x00, 0x00, 0x00, 0x00, 0x00, 0x00, 0x00, 0x00, 0x00, 0x00, 0x00, 0x00, 0x00, 0x00, 0x00, 0x00, 
	0x00, 0x00, 0x00, 0x00, 0x00, 0x00, 0x00, 0x00, 0x00, 0x00, 0x00, 0x00, 0x00, 0x00, 0x00, 0x00, 
	0x00, 0x00, 0x00, 0x00, 0x00, 0x00, 0x00, 0x00, 0x00, 0x00, 0x00, 0x00, 0x00, 0x00, 0x00, 0x00, 
	0x00, 0x00, 0x00, 0x00, 0x00, 0x00, 0x00, 0x00, 0x00, 0x00, 0x00, 0x00, 0x00, 0x00, 0x00, 0x00, 
	0x00, 0x00, 0x00, 0x00, 0x00, 0x00, 0x00, 0x00, 0x00, 0x00, 0x00, 0x00, 0x00, 0x00, 0x00, 0x00, 
	0x00, 0x00, 0x00, 0x00, 0x00, 0x00, 0x00, 0x00, 0x00, 0x00, 0x00, 0x00, 0x00, 0x00, 0x00, 0x00, 
	0x00, 0x00, 0x00, 0x00, 0x00, 0x00, 0x00, 0x00, 0x00, 0x00, 0x00, 0x00, 0x00, 0x00, 0x00, 0x00, 
	0x00, 0x00, 0x00, 0x00, 0x00, 0x00, 0x00, 0x00, 0x00, 0x00, 0x00, 0x00, 0x00, 0x00, 0x00, 0x00, 
	0x00, 0x00, 0x00, 0x00, 0x00, 0x00, 0x00, 0x00, 0x00, 0x00, 0x00, 0x00, 0x00, 0x00, 0x00, 0x00, 
	0x00, 0x00, 0x00, 0x00, 0x00, 0x00, 0x00, 0x00, 0x00, 0x00, 0x00, 0x00, 0x00, 0x00, 0x00, 0x00, 
	0x00, 0x00, 0x00, 0x00, 0x00, 0x00, 0x00, 0x00, 0x00, 0x00, 0x00, 0x00, 0x00, 0x00, 0x00, 0x00, 
	0x00, 0x00, 0x00, 0x00, 0x00, 0x00, 0x00, 0x00, 0x00, 0x00, 0x00, 0x00, 0x00, 0x00, 0x00, 0x00, 
	0x00, 0x00, 0x00, 0x00, 0x00, 0x00, 0x00, 0x00, 0x00, 0x00, 0x00, 0x00, 0x00, 0x00, 0x00, 0x00, 
	0x00, 0x00, 0x00, 0x00, 0x00, 0x00, 0x00, 0x00, 0x00, 0x00, 0x00, 0x00, 0x00, 0x00, 0x00, 0x00, 
	0x00, 0x00, 0x00, 0x00, 0x00, 0x00, 0x00, 0x00, 0x00, 0x00, 0x00, 0x00, 0x00, 0x00, 0x00, 0x00, 
	0x00, 0x00, 0x00, 0x00, 0x00, 0x00, 0x00, 0x00, 0x00, 0x00, 0x00, 0x00, 0x00, 0x00, 0x00, 0x00, 
	0x00, 0x00, 0x00, 0x00, 0x00, 0x00, 0x00, 0x00, 0x00, 0x00, 0x00, 0x00, 0x00, 0x00, 0x00, 0x00, 
	0x00, 0x00, 0x00, 0x00, 0x00, 0x00, 0x00, 0x00, 0x00, 0x00, 0x00, 0x00, 0x00, 0x00, 0x00, 0x00, 
	0x00, 0x00, 0x00, 0x00, 0x00, 0x00, 0x00, 0x00, 0x00, 0x00, 0x00, 0x00, 0x00, 0x00, 0x00, 0x00, 
	0x00, 0x00, 0x00, 0x00, 0x00, 0x00, 0x00, 0x00, 0x00, 0x00, 0x00, 0x00, 0x00, 0x00, 0x00, 0x00, 
	0x00, 0x00, 0x00, 0x00, 0x00, 0x00, 0x00, 0x00, 0x00, 0x00, 0x00, 0x00, 0x00, 0x00, 0x00, 0x00, 
	0x00, 0x00, 0x00, 0x00, 0x00, 0x00, 0x00, 0x00, 0x00, 0x00, 0x00, 0x00, 0x00, 0x00, 0x00, 0x00, 
	0x00, 0x00, 0x00, 0x00, 0x00, 0x00, 0x00, 0x00, 0x00, 0x00, 0x00, 0x00, 0x00, 0x00, 0x00, 0x00, 
	0x00, 0x00, 0x00, 0x00, 0x00, 0x00, 0x00, 0x00, 0x00, 0x00, 0x00, 0x00, 0x00, 0x00, 0x00, 0x00, 
	0x00, 0x00, 0x00, 0x00, 0x00, 0x00, 0x00, 0x00, 0x00, 0x00, 0x00, 0x00, 0x00, 0x00, 0x00, 0x00, 
	0x00, 0x00, 0x00, 0x00, 0x00, 0x00, 0x00, 0x00, 0x00, 0x00, 0x00, 0x00, 0x00, 0x00, 0x00, 0x00, 
	0x00, 0x00, 0x00, 0x00, 0x00, 0x00, 0x00, 0x21, 0x09, 0xCD, 0x09, 0xCD, 0x09, 0xCD, 0x09, 0xCD, 
	0x09, 0xCD, 0x09, 0xCD, 0x09, 0xCD, 0x09, 0xCD, 0x09, 0xCD, 0x09, 0xCD, 0x00, 0x00, 0x00, 0x00, 
	0x00, 0x00, 0x00, 0x00, 0x00, 0x00, 0x00, 0x00, 0x00, 0x00, 0x00, 0x00, 0x00, 0x00, 0x00, 0x00, 
	0x00, 0x00, 0x00, 0x00, 0x00, 0x00, 0x00, 0x00, 0x00, 0x00, 0x00, 0x00, 0x00, 0x00, 0x00, 0x00, 
	0x00, 0x00, 0x00, 0x00, 0x00, 0x00, 0x00, 0x00, 0x00, 0x00, 0x00, 0x00, 0x00, 0x00, 0x00, 0x00, 
	0x00, 0x00, 0x00, 0x00, 0x00, 0x00, 0x00, 0x00, 0x00, 0x00, 0x00, 0x00, 0x00, 0x00, 0x00, 0x00, 
	0x00, 0x00, 0x00, 0x00, 0x00, 0x00, 0x00, 0x00, 0x00, 0x00, 0x00, 0x00, 0x00, 0x00, 0x00, 0x00, 
	0x00, 0x00, 0x00, 0x00, 0x00, 0x00, 0x00, 0x00, 0x00, 0x00, 0x00, 0x00, 0x00, 0x00, 0x00, 0x00, 
	0x00, 0x00, 0x00, 0x00, 0x00, 0x00, 0x00, 0x00, 0x00, 0x00, 0x00, 0x00, 0x00, 0x00, 0x00, 0x00, 
	0x00, 0x00, 0x00, 0x00, 0x00, 0x00, 0x00, 0x00, 0x00, 0x00, 0x00, 0x00, 0x00, 0x00, 0x00, 0x00, 
	0x00, 0x00, 0x00, 0x00, 0x00, 0x00, 0x00, 0x00, 0x00, 0x00, 0x00, 0x00, 0x00, 0x00, 0x00, 0x00, 
	0x00, 0x00, 0x00, 0x00, 0x00, 0x00, 0x00, 0x00, 0x00, 0x00, 0x00, 0x00, 0x00, 0x00, 0x00, 0x00, 
	0x00, 0x00, 0x00, 0x00, 0x00, 0x00, 0x00, 0x00, 0x00, 0x00, 0x00, 0x00, 0x00, 0x00, 0x00, 0x00, 
	0x00, 0x00, 0x00, 0x00, 0x00, 0x00, 0x00, 0x00, 0x00, 0x00, 0x00, 0x00, 0x00, 0x00, 0x00, 0x00, 
	0x00, 0x00, 0x00, 0x00, 0x00, 0x00, 0x00, 0x00, 0x00, 0x00, 0x00, 0x00, 0x00, 0x00, 0x00, 0x00, 
	0x00, 0x00, 0x00, 0x00, 0x00, 0x00, 0x00, 0x00, 0x00, 0x00, 0x00, 0x00, 0x00, 0x00, 0x00, 0x00, 
	0x00, 0x00, 0x00, 0x00, 0x00, 0x00, 0x00, 0x00, 0x00, 0x00, 0x00, 0x00, 0x00, 0x00, 0x00, 0x00, 
	0x00, 0x00, 0x00, 0x00, 0x00, 0x00, 0x00, 0x00, 0x00, 0x00, 0x00, 0x00, 0x00, 0x00, 0x00, 0x00, 
	0x00, 0x00, 0x00, 0x00, 0x00, 0x00, 0x00, 0x00, 0x00, 0x00, 0x00, 0x00, 0x00, 0x00, 0x00, 0x00, 
	0x00, 0x00, 0x00, 0x00, 0x00, 0x00, 0x00, 0x00, 0x00, 0x00, 0x00, 0x00, 0x00, 0x00, 0x00, 0x00, 
	0x00, 0x00, 0x00, 0x00, 0x00, 0x00, 0x00, 0x00, 0x00, 0x00, 0x00, 0x00, 0x00, 0x00, 0x00, 0x00, 
	0x00, 0x00, 0x00, 0x00, 0x00, 0x00, 0x00, 0x00, 0x00, 0x00, 0x00, 0x00, 0x00, 0x00, 0x00, 0x00, 
	0x00, 0x00, 0x00, 0x00, 0x00, 0x00, 0x00, 0x00, 0x00, 0x00, 0x00, 0x00, 0x00, 0x00, 0x00, 0x00, 
	0x00, 0x00, 0x00, 0x00, 0x00, 0x00, 0x00, 0x00, 0x00, 0x00, 0x00, 0x00, 0x00, 0x00, 0x00, 0x00, 
	0x00, 0x00, 0x00, 0x00, 0x00, 0x00, 0x00, 0x00, 0x00, 0x00, 0x00, 0x00, 0x00, 0x00, 0x00, 0x00, 
	0x00, 0x00, 0x00, 0x00, 0x00, 0x00, 0x00, 0x00, 0x00, 0x00, 0x00, 0x00, 0x00, 0x00, 0x00, 0x00, 
	0x00, 0x00, 0x00, 0x00, 0x00, 0x00, 0x00, 0x00, 0x00, 0x00, 0x00, 0x00, 0x00, 0x00, 0x00, 0x00, 
	0x00, 0x00, 0x00, 0x00, 0x00, 0x00, 0x00, 0x00, 0x00, 0x00, 0x00, 0x00, 0x00, 0x00, 0x00, 0x00, 
	0x00, 0x00, 0x00, 0x00, 0x00, 0x00, 0x00, 0x00, 0x00, 0x00, 0x00, 0x00, 0x00, 0x00, 0x00, 0x00, 
	0x00, 0x00, 0x00, 0x00, 0x00, 0x00, 0x00, 0x00, 0x00, 0x00, 0x00, 0x00, 0x00, 0x00, 0x00, 0x00, 
	0x00, 0x00, 0x00, 0x00, 0x00, 0x00, 0x00, 0x00, 0x00, 0x00, 0x00, 0x00, 0x00, 0x00, 0x00, 0x00, 
	0x00, 0x00, 0x00, 0x00, 0x00, 0x00, 0x00, 0x00, 0x00, 0x00, 0x00, 0x00, 0x00, 0x00, 0x00, 0x00, 
	0x00, 0x00, 0x00, 0x00, 0x00, 0x00, 0x00, 0x00, 0x00, 0x00, 0x00, 0x00, 0x00, 0x00, 0x00, 0x00, 
	0x00, 0x00, 0x00, 0x00, 0x00, 0x00, 0x00, 0x00, 0x00, 0x00, 0x00, 0x00, 0x00, 0x00, 0x00, 0x00, 
	0x00, 0x00, 0x00, 0x00, 0x00, 0x00, 0x00, 0x00, 0x00, 0x00, 0x00, 0x00, 0x00, 0x00, 0x00, 0x00, 
	0x00, 0x00, 0x00, 0x00, 0x00, 0x00, 0x00, 0x00, 0x00, 0x00, 0x00, 0x00, 0x00, 0x00, 0x00, 0x00, 
	0x00, 0x00, 0x00, 0x00, 0x00, 0x00, 0x00, 0x00, 0x00, 0x00, 0x00, 0x00, 0x00, 0x00, 0x00, 0x00, 
	0x00, 0x00, 0x00, 0x00, 0x00, 0x00, 0x00, 0x00, 0x00, 0x00, 0x00, 0x00, 0x00, 0x00, 0x00, 0x00, 
	0x00, 0x00, 0x00, 0x00, 0x00, 0x00, 0x00, 0x00, 0x00, 0x00, 0x00, 0x00, 0x00, 0x00, 0x00, 0x00, 
	0x00, 0x00, 0x00, 0x00, 0x00, 0x00, 0x00, 0x00, 0x00, 0x00, 0x00, 0x00, 0x00, 0x00, 0x00, 0x00, 
	0x00, 0x00, 0x00, 0x00, 0x01, 0x08, 0x09, 0xCD, 0x09, 0xCD, 0x09, 0xCD, 0x09, 0xCD, 0x09, 0xCD, 
	0x09, 0xCD, 0x09, 0xCD, 0x09, 0xCD, 0x09, 0xCD, 0x09, 0xCD, 0x09, 0xCD, 0x09, 0xCD, 0x00, 0x00, 
	0x00, 0x00, 0x00, 0x00, 0x00, 0x00, 0x00, 0x00, 0x00, 0x00, 0x00, 0x00, 0x00, 0x00, 0x00, 0x00, 
	0x00, 0x00, 0x00, 0x00, 0x00, 0x00, 0x00, 0x00, 0x00, 0x00, 0x00, 0x00, 0x00, 0x00, 0x00, 0x00, 
	0x00, 0x00, 0x00, 0x00, 0x00, 0x00, 0x00, 0x00, 0x00, 0x00, 0x00, 0x00, 0x00, 0x00, 0x00, 0x00, 
	0x00, 0x00, 0x00, 0x00, 0x00, 0x00, 0x00, 0x00, 0x00, 0x00, 0x00, 0x00, 0x00, 0x00, 0x00, 0x00, 
	0x00, 0x00, 0x00, 0x00, 0x00, 0x00, 0x00, 0x00, 0x00, 0x00, 0x00, 0x00, 0x00, 0x00, 0x00, 0x00, 
	0x00, 0x00, 0x00, 0x00, 0x00, 0x00, 0x00, 0x00, 0x00, 0x00, 0x00, 0x00, 0x00, 0x00, 0x00, 0x00, 
	0x00, 0x00, 0x00, 0x00, 0x00, 0x00, 0x00, 0x00, 0x00, 0x00, 0x00, 0x00, 0x00, 0x00, 0x00, 0x00, 
	0x00, 0x00, 0x00, 0x00, 0x00, 0x00, 0x00, 0x00, 0x00, 0x00, 0x00, 0x00, 0x00, 0x00, 0x00, 0x00, 
	0x00, 0x00, 0x00, 0x00, 0x00, 0x00, 0x00, 0x00, 0x00, 0x00, 0x00, 0x00, 0x00, 0x00, 0x00, 0x00, 
	0x00, 0x00, 0x00, 0x00, 0x00, 0x00, 0x00, 0x00, 0x00, 0x00, 0x00, 0x00, 0x00, 0x00, 0x00, 0x00, 
	0x00, 0x00, 0x00, 0x00, 0x00, 0x00, 0x00, 0x00, 0x00, 0x00, 0x00, 0x00, 0x00, 0x00, 0x00, 0x00, 
	0x00, 0x00, 0x00, 0x00, 0x00, 0x00, 0x00, 0x00, 0x00, 0x00, 0x00, 0x00, 0x00, 0x00, 0x00, 0x00, 
	0x00, 0x00, 0x00, 0x00, 0x00, 0x00, 0x00, 0x00, 0x00, 0x00, 0x00, 0x00, 0x00, 0x00, 0x00, 0x00, 
	0x00, 0x00, 0x00, 0x00, 0x00, 0x00, 0x00, 0x00, 0x00, 0x00, 0x00, 0x00, 0x00, 0x00, 0x00, 0x00, 
	0x00, 0x00, 0x00, 0x00, 0x00, 0x00, 0x00, 0x00, 0x00, 0x00, 0x00, 0x00, 0x00, 0x00, 0x00, 0x00, 
	0x00, 0x00, 0x00, 0x00, 0x00, 0x00, 0x00, 0x00, 0x00, 0x00, 0x00, 0x00, 0x00, 0x00, 0x00, 0x00, 
	0x00, 0x00, 0x00, 0x00, 0x00, 0x00, 0x00, 0x00, 0x00, 0x00, 0x00, 0x00, 0x00, 0x00, 0x00, 0x00, 
	0x00, 0x00, 0x00, 0x00, 0x00, 0x00, 0x00, 0x00, 0x00, 0x00, 0x00, 0x00, 0x00, 0x00, 0x00, 0x00, 
	0x00, 0x00, 0x00, 0x00, 0x00, 0x00, 0x00, 0x00, 0x00, 0x00, 0x00, 0x00, 0x00, 0x00, 0x00, 0x00, 
	0x00, 0x00, 0x00, 0x00, 0x00, 0x00, 0x00, 0x00, 0x00, 0x00, 0x00, 0x00, 0x00, 0x00, 0x00, 0x00, 
	0x00, 0x00, 0x00, 0x00, 0x00, 0x00, 0x00, 0x00, 0x00, 0x00, 0x00, 0x00, 0x00, 0x00, 0x00, 0x00, 
	0x00, 0x00, 0x00, 0x00, 0x00, 0x00, 0x00, 0x00, 0x00, 0x00, 0x00, 0x00, 0x00, 0x00, 0x00, 0x00, 
	0x00, 0x00, 0x00, 0x00, 0x00, 0x00, 0x00, 0x00, 0x00, 0x00, 0x00, 0x00, 0x00, 0x00, 0x00, 0x00, 
	0x00, 0x00, 0x00, 0x00, 0x00, 0x00, 0x00, 0x00, 0x00, 0x00, 0x00, 0x00, 0x00, 0x00, 0x00, 0x00, 
	0x00, 0x00, 0x00, 0x00, 0x00, 0x00, 0x00, 0x00, 0x00, 0x00, 0x00, 0x00, 0x00, 0x00, 0x00, 0x00, 
	0x00, 0x00, 0x00, 0x00, 0x00, 0x00, 0x00, 0x00, 0x00, 0x00, 0x00, 0x00, 0x00, 0x00, 0x00, 0x00, 
	0x00, 0x00, 0x00, 0x00, 0x00, 0x00, 0x00, 0x00, 0x00, 0x00, 0x00, 0x00, 0x00, 0x00, 0x00, 0x00, 
	0x00, 0x00, 0x00, 0x00, 0x00, 0x00, 0x00, 0x00, 0x00, 0x00, 0x00, 0x00, 0x00, 0x00, 0x00, 0x00, 
	0x00, 0x00, 0x00, 0x00, 0x00, 0x00, 0x00, 0x00, 0x00, 0x00, 0x00, 0x00, 0x00, 0x00, 0x00, 0x00, 
	0x00, 0x00, 0x00, 0x00, 0x00, 0x00, 0x00, 0x00, 0x00, 0x00, 0x00, 0x00, 0x00, 0x00, 0x00, 0x00, 
	0x00, 0x00, 0x00, 0x00, 0x00, 0x00, 0x00, 0x00, 0x00, 0x00, 0x00, 0x00, 0x00, 0x00, 0x00, 0x00, 
	0x00, 0x00, 0x00, 0x00, 0x00, 0x00, 0x00, 0x00, 0x00, 0x00, 0x00, 0x00, 0x00, 0x00, 0x00, 0x00, 
	0x00, 0x00, 0x00, 0x00, 0x00, 0x00, 0x00, 0x00, 0x00, 0x00, 0x00, 0x00, 0x00, 0x00, 0x00, 0x00, 
	0x00, 0x00, 0x00, 0x00, 0x00, 0x00, 0x00, 0x00, 0x00, 0x00, 0x00, 0x00, 0x00, 0x00, 0x00, 0x00, 
	0x00, 0x00, 0x00, 0x00, 0x00, 0x00, 0x00, 0x00, 0x00, 0x00, 0x00, 0x00, 0x00, 0x00, 0x00, 0x00, 
	0x00, 0x00, 0x00, 0x00, 0x00, 0x00, 0x00, 0x00, 0x00, 0x00, 0x00, 0x00, 0x00, 0x00, 0x00, 0x00, 
	0x00, 0x00, 0x00, 0x00, 0x00, 0x00, 0x00, 0x00, 0x00, 0x00, 0x00, 0x00, 0x00, 0x00, 0x00, 0x00, 
	0x00, 0x00, 0x00, 0x00, 0x00, 0x00, 0x00, 0x00, 0x00, 0x00, 0x00, 0x00, 0x00, 0x00, 0x00, 0x00, 
	0x00, 0x00, 0x00, 0x00, 0x09, 0xCD, 0x09, 0xCD, 0x09, 0xCD, 0x09, 0xCD, 0x09, 0xCD, 0x09, 0xCD, 
	0x09, 0xCD, 0x09, 0xCD, 0x09, 0xCD, 0x09, 0xCD, 0x09, 0xCD, 0x09, 0xCD, 0x09, 0xCD, 0x09, 0xCD, 
	0x00, 0x00, 0x00, 0x00, 0x00, 0x00, 0x00, 0x00, 0x00, 0x00, 0x00, 0x00, 0x00, 0x00, 0x00, 0x00, 
	0x00, 0x00, 0x00, 0x00, 0x00, 0x00, 0x00, 0x00, 0x00, 0x00, 0x00, 0x00, 0x00, 0x00, 0x00, 0x00, 
	0x00, 0x00, 0x00, 0x00, 0x00, 0x00, 0x00, 0x00, 0x00, 0x00, 0x00, 0x00, 0x00, 0x00, 0x00, 0x00, 
	0x00, 0x00, 0x00, 0x00, 0x00, 0x00, 0x00, 0x00, 0x00, 0x00, 0x00, 0x00, 0x00, 0x00, 0x00, 0x00, 
	0x00, 0x00, 0x00, 0x00, 0x00, 0x00, 0x00, 0x00, 0x00, 0x00, 0x00, 0x00, 0x00, 0x00, 0x00, 0x00, 
	0x00, 0x00, 0x00, 0x00, 0x00, 0x00, 0x00, 0x00, 0x00, 0x00, 0x00, 0x00, 0x00, 0x00, 0x00, 0x00, 
	0x00, 0x00, 0x00, 0x00, 0x00, 0x00, 0x00, 0x00, 0x00, 0x00, 0x00, 0x00, 0x00, 0x00, 0x00, 0x00, 
	0x00, 0x00, 0x00, 0x00, 0x00, 0x00, 0x00, 0x00, 0x00, 0x00, 0x00, 0x00, 0x00, 0x00, 0x00, 0x00, 
	0x00, 0x00, 0x00, 0x00, 0x00, 0x00, 0x00, 0x00, 0x00, 0x00, 0x00, 0x00, 0x00, 0x00, 0x00, 0x00, 
	0x00, 0x00, 0x00, 0x00, 0x00, 0x00, 0x00, 0x00, 0x00, 0x00, 0x00, 0x00, 0x00, 0x00, 0x00, 0x00, 
	0x00, 0x00, 0x00, 0x00, 0x00, 0x00, 0x00, 0x00, 0x00, 0x00, 0x00, 0x00, 0x00, 0x00, 0x00, 0x00, 
	0x00, 0x00, 0x00, 0x00, 0x00, 0x00, 0x00, 0x00, 0x00, 0x00, 0x00, 0x00, 0x00, 0x00, 0x00, 0x00, 
	0x00, 0x00, 0x00, 0x00, 0x00, 0x00, 0x00, 0x00, 0x00, 0x00, 0x00, 0x00, 0x00, 0x00, 0x00, 0x00, 
	0x00, 0x00, 0x00, 0x00, 0x00, 0x00, 0x00, 0x00, 0x00, 0x00, 0x00, 0x00, 0x00, 0x00, 0x00, 0x00, 
	0x00, 0x00, 0x00, 0x00, 0x00, 0x00, 0x00, 0x00, 0x00, 0x00, 0x00, 0x00, 0x00, 0x00, 0x00, 0x00, 
	0x00, 0x00, 0x00, 0x00, 0x00, 0x00, 0x00, 0x00, 0x00, 0x00, 0x00, 0x00, 0x00, 0x00, 0x00, 0x00, 
	0x00, 0x00, 0x00, 0x00, 0x00, 0x00, 0x00, 0x00, 0x00, 0x00, 0x00, 0x00, 0x00, 0x00, 0x00, 0x00, 
	0x00, 0x00, 0x00, 0x00, 0x00, 0x00, 0x00, 0x00, 0x00, 0x00, 0x00, 0x00, 0x00, 0x00, 0x00, 0x00, 
	0x00, 0x00, 0x00, 0x00, 0x00, 0x00, 0x00, 0x00, 0x00, 0x00, 0x00, 0x00, 0x00, 0x00, 0x00, 0x00, 
	0x00, 0x00, 0x00, 0x00, 0x00, 0x00, 0x00, 0x00, 0x00, 0x00, 0x00, 0x00, 0x00, 0x00, 0x00, 0x00, 
	0x00, 0x00, 0x00, 0x00, 0x00, 0x00, 0x00, 0x00, 0x00, 0x00, 0x00, 0x00, 0x00, 0x00, 0x00, 0x00, 
	0x00, 0x00, 0x00, 0x00, 0x00, 0x00, 0x00, 0x00, 0x00, 0x00, 0x00, 0x00, 0x00, 0x00, 0x00, 0x00, 
	0x00, 0x00, 0x00, 0x00, 0x00, 0x00, 0x00, 0x00, 0x00, 0x00, 0x00, 0x00, 0x00, 0x00, 0x00, 0x00, 
	0x00, 0x00, 0x00, 0x00, 0x00, 0x00, 0x00, 0x00, 0x00, 0x00, 0x00, 0x00, 0x00, 0x00, 0x00, 0x00, 
	0x00, 0x00, 0x00, 0x00, 0x00, 0x00, 0x00, 0x00, 0x00, 0x00, 0x00, 0x00, 0x00, 0x00, 0x00, 0x00, 
	0x00, 0x00, 0x00, 0x00, 0x00, 0x00, 0x00, 0x00, 0x00, 0x00, 0x00, 0x00, 0x00, 0x00, 0x00, 0x00, 
	0x00, 0x00, 0x00, 0x00, 0x00, 0x00, 0x00, 0x00, 0x00, 0x00, 0x00, 0x00, 0x00, 0x00, 0x00, 0x00, 
	0x00, 0x00, 0x00, 0x00, 0x00, 0x00, 0x00, 0x00, 0x00, 0x00, 0x00, 0x00, 0x00, 0x00, 0x00, 0x00, 
	0x00, 0x00, 0x00, 0x00, 0x00, 0x00, 0x00, 0x00, 0x00, 0x00, 0x00, 0x00, 0x00, 0x00, 0x00, 0x00, 
	0x00, 0x00, 0x00, 0x00, 0x00, 0x00, 0x00, 0x00, 0x00, 0x00, 0x00, 0x00, 0x00, 0x00, 0x00, 0x00, 
	0x00, 0x00, 0x00, 0x00, 0x00, 0x00, 0x00, 0x00, 0x00, 0x00, 0x00, 0x00, 0x00, 0x00, 0x00, 0x00, 
	0x00, 0x00, 0x00, 0x00, 0x00, 0x00, 0x00, 0x00, 0x00, 0x00, 0x00, 0x00, 0x00, 0x00, 0x00, 0x00, 
	0x00, 0x00, 0x00, 0x00, 0x00, 0x00, 0x00, 0x00, 0x00, 0x00, 0x00, 0x00, 0x00, 0x00, 0x00, 0x00, 
	0x00, 0x00, 0x00, 0x00, 0x00, 0x00, 0x00, 0x00, 0x00, 0x00, 0x00, 0x00, 0x00, 0x00, 0x00, 0x00, 
	0x00, 0x00, 0x00, 0x00, 0x00, 0x00, 0x00, 0x00, 0x00, 0x00, 0x00, 0x00, 0x00, 0x00, 0x00, 0x00, 
	0x00, 0x00, 0x00, 0x00, 0x00, 0x00, 0x00, 0x00, 0x00, 0x00, 0x00, 0x00, 0x00, 0x00, 0x00, 0x00, 
	0x00, 0x00, 0x00, 0x00, 0x00, 0x00, 0x00, 0x00, 0x00, 0x00, 0x00, 0x00, 0x00, 0x00, 0x00, 0x00, 
	0x00, 0x00, 0x00, 0x00, 0x00, 0x00, 0x00, 0x00, 0x00, 0x00, 0x00, 0x00, 0x00, 0x00, 0x00, 0x00, 
	0x00, 0x00, 0x09, 0xCD, 0x09, 0xCD, 0x09, 0xCD, 0x09, 0xCD, 0x09, 0xCD, 0x09, 0xCD, 0x09, 0xCD, 
	0x09, 0xCD, 0x09, 0xCD, 0x09, 0xCD, 0x09, 0xCD, 0x09, 0xCD, 0x09, 0xCD, 0x09, 0xCD, 0x09, 0xCD, 
	0x09, 0xCD, 0x00, 0x00, 0x00, 0x00, 0x00, 0x00, 0x00, 0x00, 0x00, 0x00, 0x00, 0x00, 0x00, 0x00, 
	0x00, 0x00, 0x00, 0x00, 0x00, 0x00, 0x00, 0x00, 0x00, 0x00, 0x00, 0x00, 0x00, 0x00, 0x00, 0x00, 
	0x00, 0x00, 0x00, 0x00, 0x00, 0x00, 0x00, 0x00, 0x00, 0x00, 0x00, 0x00, 0x00, 0x00, 0x00, 0x00, 
	0x00, 0x00, 0x00, 0x00, 0x00, 0x00, 0x00, 0x00, 0x00, 0x00, 0x00, 0x00, 0x00, 0x00, 0x00, 0x00, 
	0x00, 0x00, 0x00, 0x00, 0x00, 0x00, 0x00, 0x00, 0x00, 0x00, 0x00, 0x00, 0x00, 0x00, 0x00, 0x00, 
	0x00, 0x00, 0x00, 0x00, 0x00, 0x00, 0x00, 0x00, 0x00, 0x00, 0x00, 0x00, 0x00, 0x00, 0x00, 0x00, 
	0x00, 0x00, 0x00, 0x00, 0x00, 0x00, 0x00, 0x00, 0x00, 0x00, 0x00, 0x00, 0x00, 0x00, 0x00, 0x00, 
	0x00, 0x00, 0x00, 0x00, 0x00, 0x00, 0x00, 0x00, 0x00, 0x00, 0x00, 0x00, 0x00, 0x00, 0x00, 0x00, 
	0x00, 0x00, 0x00, 0x00, 0x00, 0x00, 0x00, 0x00, 0x00, 0x00, 0x00, 0x00, 0x00, 0x00, 0x00, 0x00, 
	0x00, 0x00, 0x00, 0x00, 0x00, 0x00, 0x00, 0x00, 0x00, 0x00, 0x00, 0x00, 0x00, 0x00, 0x00, 0x00, 
	0x00, 0x00, 0x00, 0x00, 0x00, 0x00, 0x00, 0x00, 0x00, 0x00, 0x00, 0x00, 0x00, 0x00, 0x00, 0x00, 
	0x00, 0x00, 0x00, 0x00, 0x00, 0x00, 0x00, 0x00, 0x00, 0x00, 0x00, 0x00, 0x00, 0x00, 0x00, 0x00, 
	0x00, 0x00, 0x00, 0x00, 0x00, 0x00, 0x00, 0x00, 0x00, 0x00, 0x00, 0x00, 0x00, 0x00, 0x00, 0x00, 
	0x00, 0x00, 0x00, 0x00, 0x00, 0x00, 0x00, 0x00, 0x00, 0x00, 0x00, 0x00, 0x00, 0x00, 0x00, 0x00, 
	0x00, 0x00, 0x00, 0x00, 0x00, 0x00, 0x00, 0x00, 0x00, 0x00, 0x00, 0x00, 0x00, 0x00, 0x00, 0x00, 
	0x00, 0x00, 0x00, 0x00, 0x00, 0x00, 0x00, 0x00, 0x00, 0x00, 0x00, 0x00, 0x00, 0x00, 0x00, 0x00, 
	0x00, 0x00, 0x00, 0x00, 0x00, 0x00, 0x00, 0x00, 0x00, 0x00, 0x00, 0x00, 0x00, 0x00, 0x00, 0x00, 
	0x00, 0x00, 0x00, 0x00, 0x00, 0x00, 0x00, 0x00, 0x00, 0x00, 0x00, 0x00, 0x00, 0x00, 0x00, 0x00, 
	0x00, 0x00, 0x00, 0x00, 0x00, 0x00, 0x00, 0x00, 0x00, 0x00, 0x00, 0x00, 0x00, 0x00, 0x00, 0x00, 
	0x00, 0x00, 0x00, 0x00, 0x00, 0x00, 0x00, 0x00, 0x00, 0x00, 0x00, 0x00, 0x00, 0x00, 0x00, 0x00, 
	0x00, 0x00, 0x00, 0x00, 0x00, 0x00, 0x00, 0x00, 0x00, 0x00, 0x00, 0x00, 0x00, 0x00, 0x00, 0x00, 
	0x00, 0x00, 0x00, 0x00, 0x00, 0x00, 0x00, 0x00, 0x00, 0x00, 0x00, 0x00, 0x00, 0x00, 0x00, 0x00, 
	0x00, 0x00, 0x00, 0x00, 0x00, 0x00, 0x00, 0x00, 0x00, 0x00, 0x00, 0x00, 0x00, 0x00, 0x00, 0x00, 
	0x00, 0x00, 0x00, 0x00, 0x00, 0x00, 0x00, 0x00, 0x00, 0x00, 0x00, 0x00, 0x00, 0x00, 0x00, 0x00, 
	0x00, 0x00, 0x00, 0x00, 0x00, 0x00, 0x00, 0x00, 0x00, 0x00, 0x00, 0x00, 0x00, 0x00, 0x00, 0x00, 
	0x00, 0x00, 0x00, 0x00, 0x00, 0x00, 0x00, 0x00, 0x00, 0x00, 0x00, 0x00, 0x00, 0x00, 0x00, 0x00, 
	0x00, 0x00, 0x00, 0x00, 0x00, 0x00, 0x00, 0x00, 0x00, 0x00, 0x00, 0x00, 0x00, 0x00, 0x00, 0x00, 
	0x00, 0x00, 0x00, 0x00, 0x00, 0x00, 0x00, 0x00, 0x00, 0x00, 0x00, 0x00, 0x00, 0x00, 0x00, 0x00, 
	0x00, 0x00, 0x00, 0x00, 0x00, 0x00, 0x00, 0x00, 0x00, 0x00, 0x00, 0x00, 0x00, 0x00, 0x00, 0x00, 
	0x00, 0x00, 0x00, 0x00, 0x00, 0x00, 0x00, 0x00, 0x00, 0x00, 0x00, 0x00, 0x00, 0x00, 0x00, 0x00, 
	0x00, 0x00, 0x00, 0x00, 0x00, 0x00, 0x00, 0x00, 0x00, 0x00, 0x00, 0x00, 0x00, 0x00, 0x00, 0x00, 
	0x00, 0x00, 0x00, 0x00, 0x00, 0x00, 0x00, 0x00, 0x00, 0x00, 0x00, 0x00, 0x00, 0x00, 0x00, 0x00, 
	0x00, 0x00, 0x00, 0x00, 0x00, 0x00, 0x00, 0x00, 0x00, 0x00, 0x00, 0x00, 0x00, 0x00, 0x00, 0x00, 
	0x00, 0x00, 0x00, 0x00, 0x00, 0x00, 0x00, 0x00, 0x00, 0x00, 0x00, 0x00, 0x00, 0x00, 0x00, 0x00, 
	0x00, 0x00, 0x00, 0x00, 0x00, 0x00, 0x00, 0x00, 0x00, 0x00, 0x00, 0x00, 0x00, 0x00, 0x00, 0x00, 
	0x00, 0x00, 0x00, 0x00, 0x00, 0x00, 0x00, 0x00, 0x00, 0x00, 0x00, 0x00, 0x00, 0x00, 0x00, 0x00, 
	0x00, 0x00, 0x00, 0x00, 0x00, 0x00, 0x00, 0x00, 0x00, 0x00, 0x00, 0x00, 0x00, 0x00, 0x00, 0x00, 
	0x00, 0x00, 0x00, 0x00, 0x00, 0x00, 0x00, 0x00, 0x00, 0x00, 0x00, 0x00, 0x00, 0x00, 0x00, 0x00, 
	0x00, 0x00, 0x09, 0xCD, 0x09, 0xCD, 0x09, 0xCD, 0x09, 0xCD, 0x09, 0xCD, 0x09, 0xCD, 0x09, 0xCD, 
	0x09, 0xCD, 0x09, 0xCD, 0x09, 0xCD, 0x09, 0xCD, 0x09, 0xCD, 0x09, 0xCD, 0x09, 0xCD, 0x09, 0xCD, 
	0x09, 0xCD, 0x00, 0xA5, 0x00, 0x00, 0x00, 0x00, 0x00, 0x00, 0x00, 0x00, 0x00, 0x00, 0x00, 0x00, 
	0x00, 0x00, 0x00, 0x00, 0x00, 0x00, 0x00, 0x00, 0x00, 0x00, 0x00, 0x00, 0x00, 0x00, 0x00, 0x00, 
	0x00, 0x00, 0x00, 0x00, 0x00, 0x00, 0x00, 0x00, 0x00, 0x00, 0x00, 0x00, 0x00, 0x00, 0x00, 0x00, 
	0x00, 0x00, 0x00, 0x00, 0x00, 0x00, 0x00, 0x00, 0x00, 0x00, 0x00, 0x00, 0x00, 0x00, 0x00, 0x00, 
	0x00, 0x00, 0x00, 0x00, 0x00, 0x00, 0x00, 0x00, 0x00, 0x00, 0x00, 0x00, 0x00, 0x00, 0x00, 0x00, 
	0x00, 0x00, 0x00, 0x00, 0x00, 0x00, 0x00, 0x00, 0x00, 0x00, 0x00, 0x00, 0x00, 0x00, 0x00, 0x00, 
	0x00, 0x00, 0x00, 0x00, 0x00, 0x00, 0x00, 0x00, 0x00, 0x00, 0x00, 0x00, 0x00, 0x00, 0x00, 0x00, 
	0x00, 0x00, 0x00, 0x00, 0x00, 0x00, 0x00, 0x00, 0x00, 0x00, 0x00, 0x00, 0x00, 0x00, 0x00, 0x00, 
	0x00, 0x00, 0x00, 0x00, 0x00, 0x00, 0x00, 0x00, 0x00, 0x00, 0x00, 0x00, 0x00, 0x00, 0x00, 0x00, 
	0x00, 0x00, 0x00, 0x00, 0x00, 0x00, 0x00, 0x00, 0x00, 0x00, 0x00, 0x00, 0x00, 0x00, 0x00, 0x00, 
	0x00, 0x00, 0x00, 0x00, 0x00, 0x00, 0x00, 0x00, 0x00, 0x00, 0x00, 0x00, 0x00, 0x00, 0x00, 0x00, 
	0x00, 0x00, 0x00, 0x00, 0x00, 0x00, 0x00, 0x00, 0x00, 0x00, 0x00, 0x00, 0x00, 0x00, 0x00, 0x00, 
	0x00, 0x00, 0x00, 0x00, 0x00, 0x00, 0x00, 0x00, 0x00, 0x00, 0x00, 0x00, 0x00, 0x00, 0x00, 0x00, 
	0x00, 0x00, 0x00, 0x00, 0x00, 0x00, 0x00, 0x00, 0x00, 0x00, 0x00, 0x00, 0x00, 0x00, 0x00, 0x00, 
	0x00, 0x00, 0x00, 0x00, 0x00, 0x00, 0x00, 0x00, 0x00, 0x00, 0x00, 0x00, 0x00, 0x00, 0x00, 0x00, 
	0x00, 0x00, 0x00, 0x00, 0x00, 0x00, 0x00, 0x00, 0x00, 0x00, 0x00, 0x00, 0x00, 0x00, 0x00, 0x00, 
	0x00, 0x00, 0x00, 0x00, 0x00, 0x00, 0x00, 0x00, 0x00, 0x00, 0x00, 0x00, 0x00, 0x00, 0x00, 0x00, 
	0x00, 0x00, 0x00, 0x00, 0x00, 0x00, 0x00, 0x00, 0x00, 0x00, 0x00, 0x00, 0x00, 0x00, 0x00, 0x00, 
	0x00, 0x00, 0x00, 0x00, 0x00, 0x00, 0x00, 0x00, 0x00, 0x00, 0x00, 0x00, 0x00, 0x00, 0x00, 0x00, 
	0x00, 0x00, 0x00, 0x00, 0x00, 0x00, 0x00, 0x00, 0x00, 0x00, 0x00, 0x00, 0x00, 0x00, 0x00, 0x00, 
	0x00, 0x00, 0x00, 0x00, 0x00, 0x00, 0x00, 0x00, 0x00, 0x00, 0x00, 0x00, 0x00, 0x00, 0x00, 0x00, 
	0x00, 0x00, 0x00, 0x00, 0x00, 0x00, 0x00, 0x00, 0x00, 0x00, 0x00, 0x00, 0x00, 0x00, 0x00, 0x00, 
	0x00, 0x00, 0x00, 0x00, 0x00, 0x00, 0x00, 0x00, 0x00, 0x00, 0x00, 0x00, 0x00, 0x00, 0x00, 0x00, 
	0x00, 0x00, 0x00, 0x00, 0x00, 0x00, 0x00, 0x00, 0x00, 0x00, 0x00, 0x00, 0x00, 0x00, 0x00, 0x00, 
	0x00, 0x00, 0x00, 0x00, 0x00, 0x00, 0x00, 0x00, 0x00, 0x00, 0x00, 0x00, 0x00, 0x00, 0x00, 0x00, 
	0x00, 0x00, 0x00, 0x00, 0x00, 0x00, 0x00, 0x00, 0x00, 0x00, 0x00, 0x00, 0x00, 0x00, 0x00, 0x00, 
	0x00, 0x00, 0x00, 0x00, 0x00, 0x00, 0x00, 0x00, 0x00, 0x00, 0x00, 0x00, 0x00, 0x00, 0x00, 0x00, 
	0x00, 0x00, 0x00, 0x00, 0x00, 0x00, 0x00, 0x00, 0x00, 0x00, 0x00, 0x00, 0x00, 0x00, 0x00, 0x00, 
	0x00, 0x00, 0x00, 0x00, 0x00, 0x00, 0x00, 0x00, 0x00, 0x00, 0x00, 0x00, 0x00, 0x00, 0x00, 0x00, 
	0x00, 0x00, 0x00, 0x00, 0x00, 0x00, 0x00, 0x00, 0x00, 0x00, 0x00, 0x00, 0x00, 0x00, 0x00, 0x00, 
	0x00, 0x00, 0x00, 0x00, 0x00, 0x00, 0x00, 0x00, 0x00, 0x00, 0x00, 0x00, 0x00, 0x00, 0x00, 0x00, 
	0x00, 0x00, 0x00, 0x00, 0x00, 0x00, 0x00, 0x00, 0x00, 0x00, 0x00, 0x00, 0x00, 0x00, 0x00, 0x00, 
	0x00, 0x00, 0x00, 0x00, 0x00, 0x00, 0x00, 0x00, 0x00, 0x00, 0x00, 0x00, 0x00, 0x00, 0x00, 0x00, 
	0x00, 0x00, 0x00, 0x00, 0x00, 0x00, 0x00, 0x00, 0x00, 0x00, 0x00, 0x00, 0x00, 0x00, 0x00, 0x00, 
	0x00, 0x00, 0x00, 0x00, 0x00, 0x00, 0x00, 0x00, 0x00, 0x00, 0x00, 0x00, 0x00, 0x00, 0x00, 0x00, 
	0x00, 0x00, 0x00, 0x00, 0x00, 0x00, 0x00, 0x00, 0x00, 0x00, 0x00, 0x00, 0x00, 0x00, 0x00, 0x00, 
	0x00, 0x00, 0x00, 0x00, 0x00, 0x00, 0x00, 0x00, 0x00, 0x00, 0x00, 0x00, 0x00, 0x00, 0x00, 0x00, 
	0x00, 0x00, 0x00, 0x00, 0x00, 0x00, 0x00, 0x00, 0x00, 0x00, 0x00, 0x00, 0x00, 0x00, 0x00, 0x00, 
	0x09, 0xCD, 0x09, 0xCD, 0x09, 0xCD, 0x09, 0xCD, 0x09, 0xCD, 0x09, 0xCD, 0x09, 0xCD, 0x09, 0xCD, 
	0x09, 0xCD, 0x09, 0xCD, 0x09, 0xCD, 0x09, 0xCD, 0x09, 0xCD, 0x09, 0xCD, 0x09, 0xCD, 0x09, 0xCD, 
	0x09, 0xCD, 0x09, 0xCD, 0x00, 0x00, 0x00, 0x00, 0x00, 0x00, 0x00, 0x00, 0x00, 0x00, 0x00, 0x00, 
	0x00, 0x00, 0x00, 0x00, 0x00, 0x00, 0x00, 0x00, 0x00, 0x00, 0x00, 0x00, 0x00, 0x00, 0x00, 0x00, 
	0x00, 0x00, 0x00, 0x00, 0x00, 0x00, 0x00, 0x00, 0x00, 0x00, 0x00, 0x00, 0x00, 0x00, 0x00, 0x00, 
	0x00, 0x00, 0x00, 0x00, 0x00, 0x00, 0x00, 0x00, 0x00, 0x00, 0x00, 0x00, 0x00, 0x00, 0x00, 0x00, 
	0x00, 0x00, 0x00, 0x00, 0x00, 0x00, 0x00, 0x00, 0x00, 0x00, 0x00, 0x00, 0x00, 0x00, 0x00, 0x00, 
	0x00, 0x00, 0x00, 0x00, 0x00, 0x00, 0x00, 0x00, 0x00, 0x00, 0x00, 0x00, 0x00, 0x00, 0x00, 0x00, 
	0x00, 0x00, 0x00, 0x00, 0x00, 0x00, 0x00, 0x00, 0x00, 0x00, 0x00, 0x00, 0x00, 0x00, 0x00, 0x00, 
	0x00, 0x00, 0x00, 0x00, 0x00, 0x00, 0x00, 0x00, 0x00, 0x00, 0x00, 0x00, 0x00, 0x00, 0x00, 0x00, 
	0x00, 0x00, 0x00, 0x00, 0x00, 0x00, 0x00, 0x00, 0x00, 0x00, 0x00, 0x00, 0x00, 0x00, 0x00, 0x00, 
	0x00, 0x00, 0x00, 0x00, 0x00, 0x00, 0x00, 0x00, 0x00, 0x00, 0x00, 0x00, 0x00, 0x00, 0x00, 0x00, 
	0x00, 0x00, 0x00, 0x00, 0x00, 0x00, 0x00, 0x00, 0x00, 0x00, 0x00, 0x00, 0x00, 0x00, 0x00, 0x00, 
	0x00, 0x00, 0x00, 0x00, 0x00, 0x00, 0x00, 0x00, 0x00, 0x00, 0x00, 0x00, 0x00, 0x00, 0x00, 0x00, 
	0x00, 0x00, 0x00, 0x00, 0x00, 0x00, 0x00, 0x00, 0x00, 0x00, 0x00, 0x00, 0x00, 0x00, 0x00, 0x00, 
	0x00, 0x00, 0x00, 0x00, 0x00, 0x00, 0x00, 0x00, 0x00, 0x00, 0x00, 0x00, 0x00, 0x00, 0x00, 0x00, 
	0x00, 0x00, 0x00, 0x00, 0x00, 0x00, 0x00, 0x00, 0x00, 0x00, 0x00, 0x00, 0x00, 0x00, 0x00, 0x00, 
	0x00, 0x00, 0x00, 0x00, 0x00, 0x00, 0x00, 0x00, 0x00, 0x00, 0x00, 0x00, 0x00, 0x00, 0x00, 0x00, 
	0x00, 0x00, 0x00, 0x00, 0x00, 0x00, 0x00, 0x00, 0x00, 0x00, 0x00, 0x00, 0x00, 0x00, 0x00, 0x00, 
	0x00, 0x00, 0x00, 0x00, 0x00, 0x00, 0x00, 0x00, 0x00, 0x00, 0x00, 0x00, 0x00, 0x00, 0x00, 0x00, 
	0x00, 0x00, 0x00, 0x00, 0x00, 0x00, 0x00, 0x00, 0x00, 0x00, 0x00, 0x00, 0x00, 0x00, 0x00, 0x00, 
	0x00, 0x00, 0x00, 0x00, 0x00, 0x00, 0x00, 0x00, 0x00, 0x00, 0x00, 0x00, 0x00, 0x00, 0x00, 0x00, 
	0x00, 0x00, 0x00, 0x00, 0x00, 0x00, 0x00, 0x00, 0x00, 0x00, 0x00, 0x00, 0x00, 0x00, 0x00, 0x00, 
	0x00, 0x00, 0x00, 0x00, 0x00, 0x00, 0x00, 0x00, 0x00, 0x00, 0x00, 0x00, 0x00, 0x00, 0x00, 0x00, 
	0x00, 0x00, 0x00, 0x00, 0x00, 0x00, 0x00, 0x00, 0x00, 0x00, 0x00, 0x00, 0x00, 0x00, 0x00, 0x00, 
	0x00, 0x00, 0x00, 0x00, 0x00, 0x00, 0x00, 0x00, 0x00, 0x00, 0x00, 0x00, 0x00, 0x00, 0x00, 0x00, 
	0x00, 0x00, 0x00, 0x00, 0x00, 0x00, 0x00, 0x00, 0x00, 0x00, 0x00, 0x00, 0x00, 0x00, 0x00, 0x00, 
	0x00, 0x00, 0x00, 0x00, 0x00, 0x00, 0x00, 0x00, 0x00, 0x00, 0x00, 0x00, 0x00, 0x00, 0x00, 0x00, 
	0x00, 0x00, 0x00, 0x00, 0x00, 0x00, 0x00, 0x00, 0x00, 0x00, 0x00, 0x00, 0x00, 0x00, 0x00, 0x00, 
	0x00, 0x00, 0x00, 0x00, 0x00, 0x00, 0x00, 0x00, 0x00, 0x00, 0x00, 0x00, 0x00, 0x00, 0x00, 0x00, 
	0x00, 0x00, 0x00, 0x00, 0x00, 0x00, 0x00, 0x00, 0x00, 0x00, 0x00, 0x00, 0x00, 0x00, 0x00, 0x00, 
	0x00, 0x00, 0x00, 0x00, 0x00, 0x00, 0x00, 0x00, 0x00, 0x00, 0x00, 0x00, 0x00, 0x00, 0x00, 0x00, 
	0x00, 0x00, 0x00, 0x00, 0x00, 0x00, 0x00, 0x00, 0x00, 0x00, 0x00, 0x00, 0x00, 0x00, 0x00, 0x00, 
	0x00, 0x00, 0x00, 0x00, 0x00, 0x00, 0x00, 0x00, 0x00, 0x00, 0x00, 0x00, 0x00, 0x00, 0x00, 0x00, 
	0x00, 0x00, 0x00, 0x00, 0x00, 0x00, 0x00, 0x00, 0x00, 0x00, 0x00, 0x00, 0x00, 0x00, 0x00, 0x00, 
	0x00, 0x00, 0x00, 0x00, 0x00, 0x00, 0x00, 0x00, 0x00, 0x00, 0x00, 0x00, 0x00, 0x00, 0x00, 0x00, 
	0x00, 0x00, 0x00, 0x00, 0x00, 0x00, 0x00, 0x00, 0x00, 0x00, 0x00, 0x00, 0x00, 0x00, 0x00, 0x00, 
	0x00, 0x00, 0x00, 0x00, 0x00, 0x00, 0x00, 0x00, 0x00, 0x00, 0x00, 0x00, 0x00, 0x00, 0x00, 0x00, 
	0x00, 0x00, 0x00, 0x00, 0x00, 0x00, 0x00, 0x00, 0x00, 0x00, 0x00, 0x00, 0x00, 0x00, 0x00, 0x00, 
	0x00, 0x00, 0x00, 0x00, 0x00, 0x00, 0x00, 0x00, 0x00, 0x00, 0x00, 0x00, 0x00, 0x00, 0x00, 0xE6, 
	0x09, 0xCD, 0x09, 0xCD, 0x09, 0xCD, 0x09, 0xCD, 0x09, 0xCD, 0x09, 0xCD, 0x09, 0xCD, 0x09, 0xCD, 
	0x09, 0xCD, 0x09, 0xCD, 0x09, 0xCD, 0x09, 0xCD, 0x09, 0xCD, 0x09, 0xCD, 0x09, 0xCD, 0x09, 0xCD, 
	0x09, 0xCD, 0x09, 0xCD, 0x09, 0xCD, 0x00, 0x00, 0x00, 0x00, 0x00, 0x00, 0x00, 0x00, 0x00, 0x00, 
	0x00, 0x00, 0x00, 0x00, 0x00, 0x00, 0x00, 0x00, 0x00, 0x00, 0x00, 0x00, 0x00, 0x00, 0x00, 0x00, 
	0x00, 0x00, 0x00, 0x00, 0x00, 0x00, 0x00, 0x00, 0x00, 0x00, 0x00, 0x00, 0x00, 0x00, 0x00, 0x00, 
	0x00, 0x00, 0x00, 0x00, 0x00, 0x00, 0x00, 0x00, 0x00, 0x00, 0x00, 0x00, 0x00, 0x00, 0x00, 0x00, 
	0x00, 0x00, 0x00, 0x00, 0x00, 0x00, 0x00, 0x00, 0x00, 0x00, 0x00, 0x00, 0x00, 0x00, 0x00, 0x00, 
	0x00, 0x00, 0x00, 0x00, 0x00, 0x00, 0x00, 0x00, 0x00, 0x00, 0x00, 0x00, 0x00, 0x00, 0x00, 0x00, 
	0x00, 0x00, 0x00, 0x00, 0x00, 0x00, 0x00, 0x00, 0x00, 0x00, 0x00, 0x00, 0x00, 0x00, 0x00, 0x00, 
	0x00, 0x00, 0x00, 0x00, 0x00, 0x00, 0x00, 0x00, 0x00, 0x00, 0x00, 0x00, 0x00, 0x00, 0x00, 0x00, 
	0x00, 0x00, 0x00, 0x00, 0x00, 0x00, 0x00, 0x00, 0x00, 0x00, 0x00, 0x00, 0x00, 0x00, 0x00, 0x00, 
	0x00, 0x00, 0x00, 0x00, 0x00, 0x00, 0x00, 0x00, 0x00, 0x00, 0x00, 0x00, 0x00, 0x00, 0x00, 0x00, 
	0x00, 0x00, 0x00, 0x00, 0x00, 0x00, 0x00, 0x00, 0x00, 0x00, 0x00, 0x00, 0x00, 0x00, 0x00, 0x00, 
	0x00, 0x00, 0x00, 0x00, 0x00, 0x00, 0x00, 0x00, 0x00, 0x00, 0x00, 0x00, 0x00, 0x00, 0x00, 0x00, 
	0x00, 0x00, 0x00, 0x00, 0x00, 0x00, 0x00, 0x00, 0x00, 0x00, 0x00, 0x00, 0x00, 0x00, 0x00, 0x00, 
	0x00, 0x00, 0x00, 0x00, 0x00, 0x00, 0x00, 0x00, 0x00, 0x00, 0x00, 0x00, 0x00, 0x00, 0x00, 0x00, 
	0x00, 0x00, 0x00, 0x00, 0x00, 0x00, 0x00, 0x00, 0x00, 0x00, 0x00, 0x00, 0x00, 0x00, 0x00, 0x00, 
	0x00, 0x00, 0x00, 0x00, 0x00, 0x00, 0x00, 0x00, 0x00, 0x00, 0x00, 0x00, 0x00, 0x00, 0x00, 0x00, 
	0x00, 0x00, 0x00, 0x00, 0x00, 0x00, 0x00, 0x00, 0x00, 0x00, 0x00, 0x00, 0x00, 0x00, 0x00, 0x00, 
	0x00, 0x00, 0x00, 0x00, 0x00, 0x00, 0x00, 0x00, 0x00, 0x00, 0x00, 0x00, 0x00, 0x00, 0x00, 0x00, 
	0x00, 0x00, 0x00, 0x00, 0x00, 0x00, 0x00, 0x00, 0x00, 0x00, 0x00, 0x00, 0x00, 0x00, 0x00, 0x00, 
	0x00, 0x00, 0x00, 0x00, 0x00, 0x00, 0x00, 0x00, 0x00, 0x00, 0x00, 0x00, 0x00, 0x00, 0x00, 0x00, 
	0x00, 0x00, 0x00, 0x00, 0x00, 0x00, 0x00, 0x00, 0x00, 0x00, 0x00, 0x00, 0x00, 0x00, 0x00, 0x00, 
	0x00, 0x00, 0x00, 0x00, 0x00, 0x00, 0x00, 0x00, 0x00, 0x00, 0x00, 0x00, 0x00, 0x00, 0x00, 0x00, 
	0x00, 0x00, 0x00, 0x00, 0x00, 0x00, 0x00, 0x00, 0x00, 0x00, 0x00, 0x00, 0x00, 0x00, 0x00, 0x00, 
	0x00, 0x00, 0x00, 0x00, 0x00, 0x00, 0x00, 0x00, 0x00, 0x00, 0x00, 0x00, 0x00, 0x00, 0x00, 0x00, 
	0x00, 0x00, 0x00, 0x00, 0x00, 0x00, 0x00, 0x00, 0x00, 0x00, 0x00, 0x00, 0x00, 0x00, 0x00, 0x00, 
	0x00, 0x00, 0x00, 0x00, 0x00, 0x00, 0x00, 0x00, 0x00, 0x00, 0x00, 0x00, 0x00, 0x00, 0x00, 0x00, 
	0x00, 0x00, 0x00, 0x00, 0x00, 0x00, 0x00, 0x00, 0x00, 0x00, 0x00, 0x00, 0x00, 0x00, 0x00, 0x00, 
	0x00, 0x00, 0x00, 0x00, 0x00, 0x00, 0x00, 0x00, 0x00, 0x00, 0x00, 0x00, 0x00, 0x00, 0x00, 0x00, 
	0x00, 0x00, 0x00, 0x00, 0x00, 0x00, 0x00, 0x00, 0x00, 0x00, 0x00, 0x00, 0x00, 0x00, 0x00, 0x00, 
	0x00, 0x00, 0x00, 0x00, 0x00, 0x00, 0x00, 0x00, 0x00, 0x00, 0x00, 0x00, 0x00, 0x00, 0x00, 0x00, 
	0x00, 0x00, 0x00, 0x00, 0x00, 0x00, 0x00, 0x00, 0x00, 0x00, 0x00, 0x00, 0x00, 0x00, 0x00, 0x00, 
	0x00, 0x00, 0x00, 0x00, 0x00, 0x00, 0x00, 0x00, 0x00, 0x00, 0x00, 0x00, 0x00, 0x00, 0x00, 0x00, 
	0x00, 0x00, 0x00, 0x00, 0x00, 0x00, 0x00, 0x00, 0x00, 0x00, 0x00, 0x00, 0x00, 0x00, 0x00, 0x00, 
	0x00, 0x00, 0x00, 0x00, 0x00, 0x00, 0x00, 0x00, 0x00, 0x00, 0x00, 0x00, 0x00, 0x00, 0x00, 0x00, 
	0x00, 0x00, 0x00, 0x00, 0x00, 0x00, 0x00, 0x00, 0x00, 0x00, 0x00, 0x00, 0x00, 0x00, 0x00, 0x00, 
	0x00, 0x00, 0x00, 0x00, 0x00, 0x00, 0x00, 0x00, 0x00, 0x00, 0x00, 0x00, 0x00, 0x00, 0x00, 0x00, 
	0x00, 0x00, 0x00, 0x00, 0x00, 0x00, 0x00, 0x00, 0x00, 0x00, 0x00, 0x00, 0x00, 0x00, 0x00, 0x00, 
	0x00, 0x00, 0x00, 0x00, 0x00, 0x00, 0x00, 0x00, 0x00, 0x00, 0x00, 0x00, 0x00, 0x00, 0x09, 0xCD, 
	0x09, 0xCD, 0x09, 0xCD, 0x09, 0xCD, 0x09, 0xCD, 0x09, 0xCD, 0x09, 0xCD, 0x09, 0xCD, 0x09, 0xCD, 
	0x00, 0x00, 0x00, 0x00, 0x09, 0xCD, 0x09, 0xCD, 0x09, 0xCD, 0x09, 0xCD, 0x09, 0xCD, 0x09, 0xCD, 
	0x09, 0xCD, 0x09, 0xCD, 0x09, 0xCD, 0x09, 0xCD, 0x00, 0x00, 0x00, 0x00, 0x00, 0x00, 0x00, 0x00, 
	0x00, 0x00, 0x00, 0x00, 0x00, 0x00, 0x00, 0x00, 0x00, 0x00, 0x00, 0x00, 0x00, 0x00, 0x00, 0x00, 
	0x00, 0x00, 0x00, 0x00, 0x00, 0x00, 0x00, 0x00, 0x00, 0x00, 0x00, 0x00, 0x00, 0x00, 0x00, 0x00, 
	0x00, 0x00, 0x00, 0x00, 0x00, 0x00, 0x00, 0x00, 0x00, 0x00, 0x00, 0x00, 0x00, 0x00, 0x00, 0x00, 
	0x00, 0x00, 0x00, 0x00, 0x00, 0x00, 0x00, 0x00, 0x00, 0x00, 0x00, 0x00, 0x00, 0x00, 0x00, 0x00, 
	0x00, 0x00, 0x00, 0x00, 0x00, 0x00, 0x00, 0x00, 0x00, 0x00, 0x00, 0x00, 0x00, 0x00, 0x00, 0x00, 
	0x00, 0x00, 0x00, 0x00, 0x00, 0x00, 0x00, 0x00, 0x00, 0x00, 0x00, 0x00, 0x00, 0x00, 0x00, 0x00, 
	0x00, 0x00, 0x00, 0x00, 0x00, 0x00, 0x00, 0x00, 0x00, 0x00, 0x00, 0x00, 0x00, 0x00, 0x00, 0x00, 
	0x00, 0x00, 0x00, 0x00, 0x00, 0x00, 0x00, 0x00, 0x00, 0x00, 0x00, 0x00, 0x00, 0x00, 0x00, 0x00, 
	0x00, 0x00, 0x00, 0x00, 0x00, 0x00, 0x00, 0x00, 0x00, 0x00, 0x00, 0x00, 0x00, 0x00, 0x00, 0x00, 
	0x00, 0x00, 0x00, 0x00, 0x00, 0x00, 0x00, 0x00, 0x00, 0x00, 0x00, 0x00, 0x00, 0x00, 0x00, 0x00, 
	0x00, 0x00, 0x00, 0x00, 0x00, 0x00, 0x00, 0x00, 0x00, 0x00, 0x00, 0x00, 0x00, 0x00, 0x00, 0x00, 
	0x00, 0x00, 0x00, 0x00, 0x00, 0x00, 0x00, 0x00, 0x00, 0x00, 0x00, 0x00, 0x00, 0x00, 0x00, 0x00, 
	0x00, 0x00, 0x00, 0x00, 0x00, 0x00, 0x00, 0x00, 0x00, 0x00, 0x00, 0x00, 0x00, 0x00, 0x00, 0x00, 
	0x00, 0x00, 0x00, 0x00, 0x00, 0x00, 0x00, 0x00, 0x00, 0x00, 0x00, 0x00, 0x00, 0x00, 0x00, 0x00, 
	0x00, 0x00, 0x00, 0x00, 0x00, 0x00, 0x00, 0x00, 0x00, 0x00, 0x00, 0x00, 0x00, 0x00, 0x00, 0x00, 
	0x00, 0x00, 0x00, 0x00, 0x00, 0x00, 0x00, 0x00, 0x00, 0x00, 0x00, 0x00, 0x00, 0x00, 0x00, 0x00, 
	0x00, 0x00, 0x00, 0x00, 0x00, 0x00, 0x00, 0x00, 0x00, 0x00, 0x00, 0x00, 0x00, 0x00, 0x00, 0x00, 
	0x00, 0x00, 0x00, 0x00, 0x00, 0x00, 0x00, 0x00, 0x00, 0x00, 0x00, 0x00, 0x00, 0x00, 0x00, 0x00, 
	0x00, 0x00, 0x00, 0x00, 0x00, 0x00, 0x00, 0x00, 0x00, 0x00, 0x00, 0x00, 0x00, 0x00, 0x00, 0x00, 
	0x00, 0x00, 0x00, 0x00, 0x00, 0x00, 0x00, 0x00, 0x00, 0x00, 0x00, 0x00, 0x00, 0x00, 0x00, 0x00, 
	0x00, 0x00, 0x00, 0x00, 0x00, 0x00, 0x00, 0x00, 0x00, 0x00, 0x00, 0x00, 0x00, 0x00, 0x00, 0x00, 
	0x00, 0x00, 0x00, 0x00, 0x00, 0x00, 0x00, 0x00, 0x00, 0x00, 0x00, 0x00, 0x00, 0x00, 0x00, 0x00, 
	0x00, 0x00, 0x00, 0x00, 0x00, 0x00, 0x00, 0x00, 0x00, 0x00, 0x00, 0x00, 0x00, 0x00, 0x00, 0x00, 
	0x00, 0x00, 0x00, 0x00, 0x00, 0x00, 0x00, 0x00, 0x00, 0x00, 0x00, 0x00, 0x00, 0x00, 0x00, 0x00, 
	0x00, 0x00, 0x00, 0x00, 0x00, 0x00, 0x00, 0x00, 0x00, 0x00, 0x00, 0x00, 0x00, 0x00, 0x00, 0x00, 
	0x00, 0x00, 0x00, 0x00, 0x00, 0x00, 0x00, 0x00, 0x00, 0x00, 0x00, 0x00, 0x00, 0x00, 0x00, 0x00, 
	0x00, 0x00, 0x00, 0x00, 0x00, 0x00, 0x00, 0x00, 0x00, 0x00, 0x00, 0x00, 0x00, 0x00, 0x00, 0x00, 
	0x00, 0x00, 0x00, 0x00, 0x00, 0x00, 0x00, 0x00, 0x00, 0x00, 0x00, 0x00, 0x00, 0x00, 0x00, 0x00, 
	0x00, 0x00, 0x00, 0x00, 0x00, 0x00, 0x00, 0x00, 0x00, 0x00, 0x00, 0x00, 0x00, 0x00, 0x00, 0x00, 
	0x00, 0x00, 0x00, 0x00, 0x00, 0x00, 0x00, 0x00, 0x00, 0x00, 0x00, 0x00, 0x00, 0x00, 0x00, 0x00, 
	0x00, 0x00, 0x00, 0x00, 0x00, 0x00, 0x00, 0x00, 0x00, 0x00, 0x00, 0x00, 0x00, 0x00, 0x00, 0x00, 
	0x00, 0x00, 0x00, 0x00, 0x00, 0x00, 0x00, 0x00, 0x00, 0x00, 0x00, 0x00, 0x00, 0x00, 0x00, 0x00, 
	0x00, 0x00, 0x00, 0x00, 0x00, 0x00, 0x00, 0x00, 0x00, 0x00, 0x00, 0x00, 0x00, 0x00, 0x00, 0x00, 
	0x00, 0x00, 0x00, 0x00, 0x00, 0x00, 0x00, 0x00, 0x00, 0x00, 0x00, 0x00, 0x00, 0x00, 0x00, 0x00, 
	0x00, 0x00, 0x00, 0x00, 0x00, 0x00, 0x00, 0x00, 0x00, 0x00, 0x00, 0x00, 0x00, 0x00, 0x00, 0x00, 
	0x00, 0x00, 0x00, 0x00, 0x00, 0x00, 0x00, 0x00, 0x00, 0x00, 0x00, 0x00, 0x00, 0x00, 0x00, 0x00, 
	0x00, 0x00, 0x00, 0x00, 0x00, 0x00, 0x00, 0x00, 0x00, 0x00, 0x00, 0x00, 0x00, 0x00, 0x09, 0xCD, 
	0x09, 0xCD, 0x09, 0xCD, 0x09, 0xCD, 0x09, 0xCD, 0x09, 0xCD, 0x09, 0xCD, 0x09, 0xCD, 0x00, 0x00, 
	0x00, 0x00, 0x00, 0x00, 0x00, 0x00, 0x09, 0xCD, 0x09, 0xCD, 0x09, 0xCD, 0x09, 0xCD, 0x09, 0xCD, 
	0x09, 0xCD, 0x09, 0xCD, 0x09, 0xCD, 0x09, 0xCD, 0x00, 0x00, 0x00, 0x00, 0x00, 0x00, 0x00, 0x00, 
	0x00, 0x00, 0x00, 0x00, 0x00, 0x00, 0x00, 0x00, 0x00, 0x00, 0x00, 0x00, 0x00, 0x00, 0x00, 0x00, 
	0x00, 0x00, 0x00, 0x00, 0x00, 0x00, 0x00, 0x00, 0x00, 0x00, 0x00, 0x00, 0x00, 0x00, 0x00, 0x00, 
	0x00, 0x00, 0x00, 0x00, 0x00, 0x00, 0x00, 0x00, 0x00, 0x00, 0x00, 0x00, 0x00, 0x00, 0x00, 0x00, 
	0x00, 0x00, 0x00, 0x00, 0x00, 0x00, 0x00, 0x00, 0x00, 0x00, 0x00, 0x00, 0x00, 0x00, 0x00, 0x00, 
	0x00, 0x00, 0x00, 0x00, 0x00, 0x00, 0x00, 0x00, 0x00, 0x00, 0x00, 0x00, 0x00, 0x00, 0x00, 0x00, 
	0x00, 0x00, 0x00, 0x00, 0x00, 0x00, 0x00, 0x00, 0x00, 0x00, 0x00, 0x00, 0x00, 0x00, 0x00, 0x00, 
	0x00, 0x00, 0x00, 0x00, 0x00, 0x00, 0x00, 0x00, 0x00, 0x00, 0x00, 0x00, 0x00, 0x00, 0x00, 0x00, 
	0x00, 0x00, 0x00, 0x00, 0x00, 0x00, 0x00, 0x00, 0x00, 0x00, 0x00, 0x00, 0x00, 0x00, 0x00, 0x00, 
	0x00, 0x00, 0x00, 0x00, 0x00, 0x00, 0x00, 0x00, 0x00, 0x00, 0x00, 0x00, 0x00, 0x00, 0x00, 0x00, 
	0x00, 0x00, 0x00, 0x00, 0x00, 0x00, 0x00, 0x00, 0x00, 0x00, 0x00, 0x00, 0x00, 0x00, 0x00, 0x00, 
	0x00, 0x00, 0x00, 0x00, 0x00, 0x00, 0x00, 0x00, 0x00, 0x00, 0x00, 0x00, 0x00, 0x00, 0x00, 0x00, 
	0x00, 0x00, 0x00, 0x00, 0x00, 0x00, 0x00, 0x00, 0x00, 0x00, 0x00, 0x00, 0x00, 0x00, 0x00, 0x00, 
	0x00, 0x00, 0x00, 0x00, 0x00, 0x00, 0x00, 0x00, 0x00, 0x00, 0x00, 0x00, 0x00, 0x00, 0x00, 0x00, 
	0x00, 0x00, 0x00, 0x00, 0x00, 0x00, 0x00, 0x00, 0x00, 0x00, 0x00, 0x00, 0x00, 0x00, 0x00, 0x00, 
	0x00, 0x00, 0x00, 0x00, 0x00, 0x00, 0x00, 0x00, 0x00, 0x00, 0x00, 0x00, 0x00, 0x00, 0x00, 0x00, 
	0x00, 0x00, 0x00, 0x00, 0x00, 0x00, 0x00, 0x00, 0x00, 0x00, 0x00, 0x00, 0x00, 0x00, 0x00, 0x00, 
	0x00, 0x00, 0x00, 0x00, 0x00, 0x00, 0x00, 0x00, 0x00, 0x00, 0x00, 0x00, 0x00, 0x00, 0x00, 0x00, 
	0x00, 0x00, 0x00, 0x00, 0x00, 0x00, 0x00, 0x00, 0x00, 0x00, 0x00, 0x00, 0x00, 0x00, 0x00, 0x00, 
	0x00, 0x00, 0x00, 0x00, 0x00, 0x00, 0x00, 0x00, 0x00, 0x00, 0x00, 0x00, 0x00, 0x00, 0x00, 0x00, 
	0x00, 0x00, 0x00, 0x00, 0x00, 0x00, 0x00, 0x00, 0x00, 0x00, 0x00, 0x00, 0x00, 0x00, 0x00, 0x00, 
	0x00, 0x00, 0x00, 0x00, 0x00, 0x00, 0x00, 0x00, 0x00, 0x00, 0x00, 0x00, 0x00, 0x00, 0x00, 0x00, 
	0x00, 0x00, 0x00, 0x00, 0x00, 0x00, 0x00, 0x00, 0x00, 0x00, 0x00, 0x00, 0x00, 0x00, 0x00, 0x00, 
	0x00, 0x00, 0x00, 0x00, 0x00, 0x00, 0x00, 0x00, 0x00, 0x00, 0x00, 0x00, 0x00, 0x00, 0x00, 0x00, 
	0x00, 0x00, 0x00, 0x00, 0x00, 0x00, 0x00, 0x00, 0x00, 0x00, 0x00, 0x00, 0x00, 0x00, 0x00, 0x00, 
	0x00, 0x00, 0x00, 0x00, 0x00, 0x00, 0x00, 0x00, 0x00, 0x00, 0x00, 0x00, 0x00, 0x00, 0x00, 0x00, 
	0x00, 0x00, 0x00, 0x00, 0x00, 0x00, 0x00, 0x00, 0x00, 0x00, 0x00, 0x00, 0x00, 0x00, 0x00, 0x00, 
	0x00, 0x00, 0x00, 0x00, 0x00, 0x00, 0x00, 0x00, 0x00, 0x00, 0x00, 0x00, 0x00, 0x00, 0x00, 0x00, 
	0x00, 0x00, 0x00, 0x00, 0x00, 0x00, 0x00, 0x00, 0x00, 0x00, 0x00, 0x00, 0x00, 0x00, 0x00, 0x00, 
	0x00, 0x00, 0x00, 0x00, 0x00, 0x00, 0x00, 0x00, 0x00, 0x00, 0x00, 0x00, 0x00, 0x00, 0x00, 0x00, 
	0x00, 0x00, 0x00, 0x00, 0x00, 0x00, 0x00, 0x00, 0x00, 0x00, 0x00, 0x00, 0x00, 0x00, 0x00, 0x00, 
	0x00, 0x00, 0x00, 0x00, 0x00, 0x00, 0x00, 0x00, 0x00, 0x00, 0x00, 0x00, 0x00, 0x00, 0x00, 0x00, 
	0x00, 0x00, 0x00, 0x00, 0x00, 0x00, 0x00, 0x00, 0x00, 0x00, 0x00, 0x00, 0x00, 0x00, 0x00, 0x00, 
	0x00, 0x00, 0x00, 0x00, 0x00, 0x00, 0x00, 0x00, 0x00, 0x00, 0x00, 0x00, 0x00, 0x00, 0x00, 0x00, 
	0x00, 0x00, 0x00, 0x00, 0x00, 0x00, 0x00, 0x00, 0x00, 0x00, 0x00, 0x00, 0x00, 0x00, 0x00, 0x00, 
	0x00, 0x00, 0x00, 0x00, 0x00, 0x00, 0x00, 0x00, 0x00, 0x00, 0x00, 0x00, 0x00, 0x00, 0x00, 0x00, 
	0x00, 0x00, 0x00, 0x00, 0x00, 0x00, 0x00, 0x00, 0x00, 0x00, 0x00, 0x00, 0x00, 0x00, 0x00, 0x00, 
	0x00, 0x00, 0x00, 0x00, 0x00, 0x00, 0x00, 0x00, 0x00, 0x00, 0x00, 0x00, 0x00, 0x00, 0x09, 0xCD, 
	0x09, 0xCD, 0x09, 0xCD, 0x09, 0xCD, 0x09, 0xCD, 0x09, 0xCD, 0x09, 0xCD, 0x09, 0x8B, 0x00, 0x00, 
	0x00, 0x00, 0x00, 0x00, 0x00, 0x00, 0x00, 0x21, 0x09, 0xCD, 0x09, 0xCD, 0x09, 0xCD, 0x09, 0xCD, 
	0x09, 0xCD, 0x09, 0xCD, 0x09, 0xCD, 0x09, 0xCD, 0x09, 0xCD, 0x00, 0x00, 0x00, 0x00, 0x00, 0x00, 
	0x00, 0x00, 0x00, 0x00, 0x00, 0x00, 0x00, 0x00, 0x00, 0x00, 0x00, 0x00, 0x00, 0x00, 0x00, 0x00, 
	0x00, 0x00, 0x00, 0x00, 0x00, 0x00, 0x00, 0x00, 0x00, 0x00, 0x00, 0x00, 0x00, 0x00, 0x00, 0x00, 
	0x00, 0x00, 0x00, 0x00, 0x00, 0x00, 0x00, 0x00, 0x00, 0x00, 0x00, 0x00, 0x00, 0x00, 0x00, 0x00, 
	0x00, 0x00, 0x00, 0x00, 0x00, 0x00, 0x00, 0x00, 0x00, 0x00, 0x00, 0x00, 0x00, 0x00, 0x00, 0x00, 
	0x00, 0x00, 0x00, 0x00, 0x00, 0x00, 0x00, 0x00, 0x00, 0x00, 0x00, 0x00, 0x00, 0x00, 0x00, 0x00, 
	0x00, 0x00, 0x00, 0x00, 0x00, 0x00, 0x00, 0x00, 0x00, 0x00, 0x00, 0x00, 0x00, 0x00, 0x00, 0x00, 
	0x00, 0x00, 0x00, 0x00, 0x00, 0x00, 0x00, 0x00, 0x00, 0x00, 0x00, 0x00, 0x00, 0x00, 0x00, 0x00, 
	0x00, 0x00, 0x00, 0x00, 0x00, 0x00, 0x00, 0x00, 0x00, 0x00, 0x00, 0x00, 0x00, 0x00, 0x00, 0x00, 
	0x00, 0x00, 0x00, 0x00, 0x00, 0x00, 0x00, 0x00, 0x00, 0x00, 0x00, 0x00, 0x00, 0x00, 0x00, 0x00, 
	0x00, 0x00, 0x00, 0x00, 0x00, 0x00, 0x00, 0x00, 0x00, 0x00, 0x00, 0x00, 0x00, 0x00, 0x00, 0x00, 
	0x00, 0x00, 0x00, 0x00, 0x00, 0x00, 0x00, 0x00, 0x00, 0x00, 0x00, 0x00, 0x00, 0x00, 0x00, 0x00, 
	0x00, 0x00, 0x00, 0x00, 0x00, 0x00, 0x00, 0x00, 0x00, 0x00, 0x00, 0x00, 0x00, 0x00, 0x00, 0x00, 
	0x00, 0x00, 0x00, 0x00, 0x00, 0x00, 0x00, 0x00, 0x00, 0x00, 0x00, 0x00, 0x00, 0x00, 0x00, 0x00, 
	0x00, 0x00, 0x00, 0x00, 0x00, 0x00, 0x00, 0x00, 0x00, 0x00, 0x00, 0x00, 0x00, 0x00, 0x00, 0x00, 
	0x00, 0x00, 0x00, 0x00, 0x00, 0x00, 0x00, 0x00, 0x00, 0x00, 0x00, 0x00, 0x00, 0x00, 0x00, 0x00, 
	0x00, 0x00, 0x00, 0x00, 0x00, 0x00, 0x00, 0x00, 0x00, 0x00, 0x00, 0x00, 0x00, 0x00, 0x00, 0x00, 
	0x00, 0x00, 0x00, 0x00, 0x00, 0x00, 0x00, 0x00, 0x00, 0x00, 0x00, 0x00, 0x00, 0x00, 0x00, 0x00, 
	0x00, 0x00, 0x00, 0x00, 0x00, 0x00, 0x00, 0x00, 0x00, 0x00, 0x00, 0x00, 0x00, 0x00, 0x00, 0x00, 
	0x00, 0x00, 0x00, 0x00, 0x00, 0x00, 0x00, 0x00, 0x00, 0x00, 0x00, 0x00, 0x00, 0x00, 0x00, 0x00, 
	0x00, 0x00, 0x00, 0x00, 0x00, 0x00, 0x00, 0x00, 0x00, 0x00, 0x00, 0x00, 0x00, 0x00, 0x00, 0x00, 
	0x00, 0x00, 0x00, 0x00, 0x00, 0x00, 0x00, 0x00, 0x00, 0x00, 0x00, 0x00, 0x00, 0x00, 0x00, 0x00, 
	0x00, 0x00, 0x00, 0x00, 0x00, 0x00, 0x00, 0x00, 0x00, 0x00, 0x00, 0x00, 0x00, 0x00, 0x00, 0x00, 
	0x00, 0x00, 0x00, 0x00, 0x00, 0x00, 0x00, 0x00, 0x00, 0x00, 0x00, 0x00, 0x00, 0x00, 0x00, 0x00, 
	0x00, 0x00, 0x00, 0x00, 0x00, 0x00, 0x00, 0x00, 0x00, 0x00, 0x00, 0x00, 0x00, 0x00, 0x00, 0x00, 
	0x00, 0x00, 0x00, 0x00, 0x00, 0x00, 0x00, 0x00, 0x00, 0x00, 0x00, 0x00, 0x00, 0x00, 0x00, 0x00, 
	0x00, 0x00, 0x00, 0x00, 0x00, 0x00, 0x00, 0x00, 0x00, 0x00, 0x00, 0x00, 0x00, 0x00, 0x00, 0x00, 
	0x00, 0x00, 0x00, 0x00, 0x00, 0x00, 0x00, 0x00, 0x00, 0x00, 0x00, 0x00, 0x00, 0x00, 0x00, 0x00, 
	0x00, 0x00, 0x00, 0x00, 0x00, 0x00, 0x00, 0x00, 0x00, 0x00, 0x00, 0x00, 0x00, 0x00, 0x00, 0x00, 
	0x00, 0x00, 0x00, 0x00, 0x00, 0x00, 0x00, 0x00, 0x00, 0x00, 0x00, 0x00, 0x00, 0x00, 0x00, 0x00, 
	0x00, 0x00, 0x00, 0x00, 0x00, 0x00, 0x00, 0x00, 0x00, 0x00, 0x00, 0x00, 0x00, 0x00, 0x00, 0x00, 
	0x00, 0x00, 0x00, 0x00, 0x00, 0x00, 0x00, 0x00, 0x00, 0x00, 0x00, 0x00, 0x00, 0x00, 0x00, 0x00, 
	0x00, 0x00, 0x00, 0x00, 0x00, 0x00, 0x00, 0x00, 0x00, 0x00, 0x00, 0x00, 0x00, 0x00, 0x00, 0x00, 
	0x00, 0x00, 0x00, 0x00, 0x00, 0x00, 0x00, 0x00, 0x00, 0x00, 0x00, 0x00, 0x00, 0x00, 0x00, 0x00, 
	0x00, 0x00, 0x00, 0x00, 0x00, 0x00, 0x00, 0x00, 0x00, 0x00, 0x00, 0x00, 0x00, 0x00, 0x00, 0x00, 
	0x00, 0x00, 0x00, 0x00, 0x00, 0x00, 0x00, 0x00, 0x00, 0x00, 0x00, 0x00, 0x00, 0x00, 0x00, 0x00, 
	0x00, 0x00, 0x00, 0x00, 0x00, 0x00, 0x00, 0x00, 0x00, 0x00, 0x00, 0x00, 0x00, 0x00, 0x00, 0x00, 
	0x00, 0x00, 0x00, 0x00, 0x00, 0x00, 0x00, 0x00, 0x00, 0x00, 0x00, 0x00, 0x01, 0x08, 0x09, 0xCD, 
	0x09, 0xCD, 0x09, 0xCD, 0x09, 0xCD, 0x09, 0xCD, 0x09, 0xCD, 0x09, 0xCD, 0x00, 0x00, 0x00, 0x00, 
	0x00, 0x00, 0x00, 0x00, 0x00, 0x00, 0x00, 0x00, 0x09, 0xCD, 0x09, 0xCD, 0x09, 0xCD, 0x09, 0xCD, 
	0x09, 0xCD, 0x09, 0xCD, 0x09, 0xCD, 0x09, 0xCD, 0x09, 0xCD, 0x00, 0x00, 0x00, 0x00, 0x00, 0x00, 
	0x00, 0x00, 0x00, 0x00, 0x00, 0x00, 0x00, 0x00, 0x00, 0x00, 0x00, 0x00, 0x00, 0x00, 0x00, 0x00, 
	0x00, 0x00, 0x00, 0x00, 0x00, 0x00, 0x00, 0x00, 0x00, 0x00, 0x00, 0x00, 0x00, 0x00, 0x00, 0x00, 
	0x00, 0x00, 0x00, 0x00, 0x00, 0x00, 0x00, 0x00, 0x00, 0x00, 0x00, 0x00, 0x00, 0x00, 0x00, 0x00, 
	0x00, 0x00, 0x00, 0x00, 0x00, 0x00, 0x00, 0x00, 0x00, 0x00, 0x00, 0x00, 0x00, 0x00, 0x00, 0x00, 
	0x00, 0x00, 0x00, 0x00, 0x00, 0x00, 0x00, 0x00, 0x00, 0x00, 0x00, 0x00, 0x00, 0x00, 0x00, 0x00, 
	0x00, 0x00, 0x00, 0x00, 0x00, 0x00, 0x00, 0x00, 0x00, 0x00, 0x00, 0x00, 0x00, 0x00, 0x00, 0x00, 
	0x00, 0x00, 0x00, 0x00, 0x00, 0x00, 0x00, 0x00, 0x00, 0x00, 0x00, 0x00, 0x00, 0x00, 0x00, 0x00, 
	0x00, 0x00, 0x00, 0x00, 0x00, 0x00, 0x00, 0x00, 0x00, 0x00, 0x00, 0x00, 0x00, 0x00, 0x00, 0x00, 
	0x00, 0x00, 0x00, 0x00, 0x00, 0x00, 0x00, 0x00, 0x00, 0x00, 0x00, 0x00, 0x00, 0x00, 0x00, 0x00, 
	0x00, 0x00, 0x00, 0x00, 0x00, 0x00, 0x00, 0x00, 0x00, 0x00, 0x00, 0x00, 0x00, 0x00, 0x00, 0x00, 
	0x00, 0x00, 0x00, 0x00, 0x00, 0x00, 0x00, 0x00, 0x00, 0x00, 0x00, 0x00, 0x00, 0x00, 0x00, 0x00, 
	0x00, 0x00, 0x00, 0x00, 0x00, 0x00, 0x00, 0x00, 0x00, 0x00, 0x00, 0x00, 0x00, 0x00, 0x00, 0x00, 
	0x00, 0x00, 0x00, 0x00, 0x00, 0x00, 0x00, 0x00, 0x00, 0x00, 0x00, 0x00, 0x00, 0x00, 0x00, 0x00, 
	0x00, 0x00, 0x00, 0x00, 0x00, 0x00, 0x00, 0x00, 0x00, 0x00, 0x00, 0x00, 0x00, 0x00, 0x00, 0x00, 
	0x00, 0x00, 0x00, 0x00, 0x00, 0x00, 0x00, 0x00, 0x00, 0x00, 0x00, 0x00, 0x00, 0x00, 0x00, 0x00, 
	0x00, 0x00, 0x00, 0x00, 0x00, 0x00, 0x00, 0x00, 0x00, 0x00, 0x00, 0x00, 0x00, 0x00, 0x00, 0x00, 
	0x00, 0x00, 0x00, 0x00, 0x00, 0x00, 0x00, 0x00, 0x00, 0x00, 0x00, 0x00, 0x00, 0x00, 0x00, 0x00, 
	0x00, 0x00, 0x00, 0x00, 0x00, 0x00, 0x00, 0x00, 0x00, 0x00, 0x00, 0x00, 0x00, 0x00, 0x00, 0x00, 
	0x00, 0x00, 0x00, 0x00, 0x00, 0x00, 0x00, 0x00, 0x00, 0x00, 0x00, 0x00, 0x00, 0x00, 0x00, 0x00, 
	0x00, 0x00, 0x00, 0x00, 0x00, 0x00, 0x00, 0x00, 0x00, 0x00, 0x00, 0x00, 0x00, 0x00, 0x00, 0x00, 
	0x00, 0x00, 0x00, 0x00, 0x00, 0x00, 0x00, 0x00, 0x00, 0x00, 0x00, 0x00, 0x00, 0x00, 0x00, 0x00, 
	0x00, 0x00, 0x00, 0x00, 0x00, 0x00, 0x00, 0x00, 0x00, 0x00, 0x00, 0x00, 0x00, 0x00, 0x00, 0x00, 
	0x00, 0x00, 0x00, 0x00, 0x00, 0x00, 0x00, 0x00, 0x00, 0x00, 0x00, 0x00, 0x00, 0x00, 0x00, 0x00, 
	0x00, 0x00, 0x00, 0x00, 0x00, 0x00, 0x00, 0x00, 0x00, 0x00, 0x00, 0x00, 0x00, 0x00, 0x00, 0x00, 
	0x00, 0x00, 0x00, 0x00, 0x00, 0x00, 0x00, 0x00, 0x00, 0x00, 0x00, 0x00, 0x00, 0x00, 0x00, 0x00, 
	0x00, 0x00, 0x00, 0x00, 0x00, 0x00, 0x00, 0x00, 0x00, 0x00, 0x00, 0x00, 0x00, 0x00, 0x00, 0x00, 
	0x00, 0x00, 0x00, 0x00, 0x00, 0x00, 0x00, 0x00, 0x00, 0x00, 0x00, 0x00, 0x00, 0x00, 0x00, 0x00, 
	0x00, 0x00, 0x00, 0x00, 0x00, 0x00, 0x00, 0x00, 0x00, 0x00, 0x00, 0x00, 0x00, 0x00, 0x00, 0x00, 
	0x00, 0x00, 0x00, 0x00, 0x00, 0x00, 0x00, 0x00, 0x00, 0x00, 0x00, 0x00, 0x00, 0x00, 0x00, 0x00, 
	0x00, 0x00, 0x00, 0x00, 0x00, 0x00, 0x00, 0x00, 0x00, 0x00, 0x00, 0x00, 0x00, 0x00, 0x00, 0x00, 
	0x00, 0x00, 0x00, 0x00, 0x00, 0x00, 0x00, 0x00, 0x00, 0x00, 0x00, 0x00, 0x00, 0x00, 0x00, 0x00, 
	0x00, 0x00, 0x00, 0x00, 0x00, 0x00, 0x00, 0x00, 0x00, 0x00, 0x00, 0x00, 0x00, 0x00, 0x00, 0x00, 
	0x00, 0x00, 0x00, 0x00, 0x00, 0x00, 0x00, 0x00, 0x00, 0x00, 0x00, 0x00, 0x00, 0x00, 0x00, 0x00, 
	0x00, 0x00, 0x00, 0x00, 0x00, 0x00, 0x00, 0x00, 0x00, 0x00, 0x00, 0x00, 0x00, 0x00, 0x00, 0x00, 
	0x00, 0x00, 0x00, 0x00, 0x00, 0x00, 0x00, 0x00, 0x00, 0x00, 0x00, 0x00, 0x00, 0x00, 0x00, 0x00, 
	0x00, 0x00, 0x00, 0x00, 0x00, 0x00, 0x00, 0x00, 0x00, 0x00, 0x00, 0x00, 0x00, 0x00, 0x00, 0x00, 
	0x00, 0x00, 0x00, 0x00, 0x00, 0x00, 0x00, 0x00, 0x00, 0x00, 0x00, 0x00, 0x09, 0xCD, 0x09, 0xCD, 
	0x09, 0xCD, 0x09, 0xCD, 0x09, 0xCD, 0x09, 0xCD, 0x09, 0xCD, 0x09, 0xCD, 0x00, 0x00, 0x00, 0x00, 
	0x00, 0x00, 0x00, 0x00, 0x00, 0x00, 0x00, 0x00, 0x00, 0x00, 0x09, 0xCD, 0x09, 0xCD, 0x09, 0xCD, 
	0x09, 0xCD, 0x09, 0xCD, 0x09, 0xCD, 0x09, 0xCD, 0x09, 0xCD, 0x09, 0xCD, 0x00, 0x00, 0x00, 0x00, 
	0x00, 0x00, 0x00, 0x00, 0x00, 0x00, 0x00, 0x00, 0x00, 0x00, 0x00, 0x00, 0x00, 0x00, 0x00, 0x00, 
	0x00, 0x00, 0x00, 0x00, 0x00, 0x00, 0x00, 0x00, 0x00, 0x00, 0x00, 0x00, 0x00, 0x00, 0x00, 0x00, 
	0x00, 0x00, 0x00, 0x00, 0x00, 0x00, 0x00, 0x00, 0x00, 0x00, 0x00, 0x00, 0x00, 0x00, 0x00, 0x00, 
	0x00, 0x00, 0x00, 0x00, 0x00, 0x00, 0x00, 0x00, 0x00, 0x00, 0x00, 0x00, 0x00, 0x00, 0x00, 0x00, 
	0x00, 0x00, 0x00, 0x00, 0x00, 0x00, 0x00, 0x00, 0x00, 0x00, 0x00, 0x00, 0x00, 0x00, 0x00, 0x00, 
	0x00, 0x00, 0x00, 0x00, 0x00, 0x00, 0x00, 0x00, 0x00, 0x00, 0x00, 0x00, 0x00, 0x00, 0x00, 0x00, 
	0x00, 0x00, 0x00, 0x00, 0x00, 0x00, 0x00, 0x00, 0x00, 0x00, 0x00, 0x00, 0x00, 0x00, 0x00, 0x00, 
	0x00, 0x00, 0x00, 0x00, 0x00, 0x00, 0x00, 0x00, 0x00, 0x00, 0x00, 0x00, 0x00, 0x00, 0x00, 0x00, 
	0x00, 0x00, 0x00, 0x00, 0x00, 0x00, 0x00, 0x00, 0x00, 0x00, 0x00, 0x00, 0x00, 0x00, 0x00, 0x00, 
	0x00, 0x00, 0x00, 0x00, 0x00, 0x00, 0x00, 0x00, 0x00, 0x00, 0x00, 0x00, 0x00, 0x00, 0x00, 0x00, 
	0x00, 0x00, 0x00, 0x00, 0x00, 0x00, 0x00, 0x00, 0x00, 0x00, 0x00, 0x00, 0x00, 0x00, 0x00, 0x00, 
	0x00, 0x00, 0x00, 0x00, 0x00, 0x00, 0x00, 0x00, 0x00, 0x00, 0x00, 0x00, 0x00, 0x00, 0x00, 0x00, 
	0x00, 0x00, 0x00, 0x00, 0x00, 0x00, 0x00, 0x00, 0x00, 0x00, 0x00, 0x00, 0x00, 0x00, 0x00, 0x00, 
	0x00, 0x00, 0x00, 0x00, 0x00, 0x00, 0x00, 0x00, 0x00, 0x00, 0x00, 0x00, 0x00, 0x00, 0x00, 0x00, 
	0x00, 0x00, 0x00, 0x00, 0x00, 0x00, 0x00, 0x00, 0x00, 0x00, 0x00, 0x00, 0x00, 0x00, 0x00, 0x00, 
	0x00, 0x00, 0x00, 0x00, 0x00, 0x00, 0x00, 0x00, 0x00, 0x00, 0x00, 0x00, 0x00, 0x00, 0x00, 0x00, 
	0x00, 0x00, 0x00, 0x00, 0x00, 0x00, 0x00, 0x00, 0x00, 0x00, 0x00, 0x00, 0x00, 0x00, 0x00, 0x00, 
	0x00, 0x00, 0x00, 0x00, 0x00, 0x00, 0x00, 0x00, 0x00, 0x00, 0x00, 0x00, 0x00, 0x00, 0x00, 0x00, 
	0x00, 0x00, 0x00, 0x00, 0x00, 0x00, 0x00, 0x00, 0x00, 0x00, 0x00, 0x00, 0x00, 0x00, 0x00, 0x00, 
	0x00, 0x00, 0x00, 0x00, 0x00, 0x00, 0x00, 0x00, 0x00, 0x00, 0x00, 0x00, 0x00, 0x00, 0x00, 0x00, 
	0x00, 0x00, 0x00, 0x00, 0x00, 0x00, 0x00, 0x00, 0x00, 0x00, 0x00, 0x00, 0x00, 0x00, 0x00, 0x00, 
	0x00, 0x00, 0x00, 0x00, 0x00, 0x00, 0x00, 0x00, 0x00, 0x00, 0x00, 0x00, 0x00, 0x00, 0x00, 0x00, 
	0x00, 0x00, 0x00, 0x00, 0x00, 0x00, 0x00, 0x00, 0x00, 0x00, 0x00, 0x00, 0x00, 0x00, 0x00, 0x00, 
	0x00, 0x00, 0x00, 0x00, 0x00, 0x00, 0x00, 0x00, 0x00, 0x00, 0x00, 0x00, 0x00, 0x00, 0x00, 0x00, 
	0x00, 0x00, 0x00, 0x00, 0x00, 0x00, 0x00, 0x00, 0x00, 0x00, 0x00, 0x00, 0x00, 0x00, 0x00, 0x00, 
	0x00, 0x00, 0x00, 0x00, 0x00, 0x00, 0x00, 0x00, 0x00, 0x00, 0x00, 0x00, 0x00, 0x00, 0x00, 0x00, 
	0x00, 0x00, 0x00, 0x00, 0x00, 0x00, 0x00, 0x00, 0x00, 0x00, 0x00, 0x00, 0x00, 0x00, 0x00, 0x00, 
	0x00, 0x00, 0x00, 0x00, 0x00, 0x00, 0x00, 0x00, 0x00, 0x00, 0x00, 0x00, 0x00, 0x00, 0x00, 0x00, 
	0x00, 0x00, 0x00, 0x00, 0x00, 0x00, 0x00, 0x00, 0x00, 0x00, 0x00, 0x00, 0x00, 0x00, 0x00, 0x00, 
	0x00, 0x00, 0x00, 0x00, 0x00, 0x00, 0x00, 0x00, 0x00, 0x00, 0x00, 0x00, 0x00, 0x00, 0x00, 0x00, 
	0x00, 0x00, 0x00, 0x00, 0x00, 0x00, 0x00, 0x00, 0x00, 0x00, 0x00, 0x00, 0x00, 0x00, 0x00, 0x00, 
	0x00, 0x00, 0x00, 0x00, 0x00, 0x00, 0x00, 0x00, 0x00, 0x00, 0x00, 0x00, 0x00, 0x00, 0x00, 0x00, 
	0x00, 0x00, 0x00, 0x00, 0x00, 0x00, 0x00, 0x00, 0x00, 0x00, 0x00, 0x00, 0x00, 0x00, 0x00, 0x00, 
	0x00, 0x00, 0x00, 0x00, 0x00, 0x00, 0x00, 0x00, 0x00, 0x00, 0x00, 0x00, 0x00, 0x00, 0x00, 0x00, 
	0x00, 0x00, 0x00, 0x00, 0x00, 0x00, 0x00, 0x00, 0x00, 0x00, 0x00, 0x00, 0x00, 0x00, 0x00, 0x00, 
	0x00, 0x00, 0x00, 0x00, 0x00, 0x00, 0x00, 0x00, 0x00, 0x00, 0x00, 0x00, 0x00, 0x00, 0x00, 0x00, 
	0x00, 0x00, 0x00, 0x00, 0x00, 0x00, 0x00, 0x00, 0x00, 0x00, 0x00, 0x00, 0x09, 0xCD, 0x09, 0xCD, 
	0x09, 0xCD, 0x09, 0xCD, 0x09, 0xCD, 0x09, 0xCD, 0x09, 0xCD, 0x00, 0x63, 0x00, 0x00, 0x00, 0x00, 
	0x00, 0x00, 0x00, 0x00, 0x00, 0x00, 0x00, 0x00, 0x00, 0x00, 0x00, 0x00, 0x09, 0xCD, 0x09, 0xCD, 
	0x09, 0xCD, 0x09, 0xCD, 0x09, 0xCD, 0x09, 0xCD, 0x09, 0xCD, 0x09, 0xCD, 0x09, 0xCD, 0x00, 0x00, 
	0x00, 0x00, 0x00, 0x63, 0x00, 0x63, 0x00, 0xE6, 0x00, 0xE6, 0x01, 0x29, 0x09, 0x4A, 0x09, 0x4A, 
	0x09, 0x4A, 0x09, 0xCD, 0x09, 0xCD, 0x09, 0xCD, 0x09, 0xCD, 0x09, 0xCD, 0x09, 0xCD, 0x09, 0x4A, 
	0x09, 0x4A, 0x00, 0xE6, 0x00, 0xE6, 0x00, 0x63, 0x00, 0x00, 0x00, 0x00, 0x00, 0x00, 0x00, 0x00, 
	0x00, 0x00, 0x00, 0x00, 0x00, 0x00, 0x00, 0x00, 0x00, 0x00, 0x00, 0x00, 0x00, 0x00, 0x00, 0x00, 
	0x00, 0x00, 0x00, 0x00, 0x00, 0x00, 0x00, 0x00, 0x00, 0x00, 0x00, 0x00, 0x00, 0x00, 0x00, 0x00, 
	0x00, 0x00, 0x00, 0x00, 0x00, 0x00, 0x00, 0x00, 0x00, 0x00, 0x00, 0x00, 0x00, 0x00, 0x00, 0x00, 
	0x00, 0x00, 0x00, 0x00, 0x00, 0x00, 0x00, 0x00, 0x00, 0x00, 0x00, 0x00, 0x00, 0x00, 0x00, 0x00, 
	0x00, 0x00, 0x00, 0x00, 0x00, 0x00, 0x00, 0x00, 0x00, 0x00, 0x00, 0x00, 0x00, 0x00, 0x00, 0x00, 
	0x00, 0x00, 0x00, 0x00, 0x00, 0x00, 0x00, 0x00, 0x00, 0x00, 0x00, 0x00, 0x00, 0x00, 0x00, 0x00, 
	0x00, 0x00, 0x00, 0x00, 0x00, 0x00, 0x00, 0x00, 0x00, 0x00, 0x00, 0x00, 0x00, 0x00, 0x00, 0x00, 
	0x00, 0x00, 0x00, 0x00, 0x00, 0x00, 0x00, 0x00, 0x00, 0x00, 0x00, 0x00, 0x00, 0x00, 0x00, 0x00, 
	0x00, 0x00, 0x00, 0x00, 0x00, 0x00, 0x00, 0x00, 0x00, 0x00, 0x00, 0x00, 0x00, 0x00, 0x00, 0x00, 
	0x00, 0x00, 0x00, 0x00, 0x00, 0x00, 0x00, 0x00, 0x00, 0x00, 0x00, 0x00, 0x00, 0x00, 0x00, 0x00, 
	0x00, 0x00, 0x00, 0x00, 0x00, 0x00, 0x00, 0x00, 0x00, 0x00, 0x00, 0x00, 0x00, 0x00, 0x00, 0x00, 
	0x00, 0x00, 0x00, 0x00, 0x00, 0x00, 0x00, 0x00, 0x00, 0x00, 0x00, 0x00, 0x00, 0x00, 0x00, 0x00, 
	0x00, 0x00, 0x00, 0x00, 0x00, 0x00, 0x00, 0x00, 0x00, 0x00, 0x00, 0x00, 0x00, 0x00, 0x00, 0x00, 
	0x00, 0x00, 0x00, 0x00, 0x00, 0x00, 0x00, 0x00, 0x00, 0x00, 0x00, 0x00, 0x00, 0x00, 0x00, 0x00, 
	0x00, 0x00, 0x00, 0x00, 0x00, 0x00, 0x00, 0x00, 0x00, 0x00, 0x00, 0x00, 0x00, 0x00, 0x00, 0x00, 
	0x00, 0x00, 0x00, 0x00, 0x00, 0x00, 0x00, 0x00, 0x00, 0x00, 0x00, 0x00, 0x00, 0x00, 0x00, 0x00, 
	0x00, 0x00, 0x00, 0x00, 0x00, 0x00, 0x00, 0x00, 0x00, 0x00, 0x00, 0x00, 0x00, 0x00, 0x00, 0x00, 
	0x00, 0x00, 0x00, 0x00, 0x00, 0x00, 0x00, 0x00, 0x00, 0x00, 0x00, 0x00, 0x00, 0x00, 0x00, 0x00, 
	0x00, 0x00, 0x00, 0x00, 0x00, 0x00, 0x00, 0x00, 0x00, 0x00, 0x00, 0x00, 0x00, 0x00, 0x00, 0x00, 
	0x00, 0x00, 0x00, 0x00, 0x00, 0x00, 0x00, 0x00, 0x00, 0x00, 0x00, 0x00, 0x00, 0x00, 0x00, 0x00, 
	0x00, 0x00, 0x00, 0x00, 0x00, 0x00, 0x00, 0x00, 0x00, 0x00, 0x00, 0x00, 0x00, 0x00, 0x00, 0x00, 
	0x00, 0x00, 0x00, 0x00, 0x00, 0x00, 0x00, 0x00, 0x00, 0x00, 0x00, 0x00, 0x00, 0x00, 0x00, 0x00, 
	0x00, 0x00, 0x00, 0x00, 0x00, 0x00, 0x00, 0x00, 0x00, 0x00, 0x00, 0x00, 0x00, 0x00, 0x00, 0x00, 
	0x00, 0x00, 0x00, 0x00, 0x00, 0x00, 0x00, 0x00, 0x00, 0x00, 0x00, 0x00, 0x00, 0x00, 0x00, 0x00, 
	0x00, 0x00, 0x00, 0x00, 0x00, 0x00, 0x00, 0x00, 0x00, 0x00, 0x00, 0x00, 0x00, 0x00, 0x00, 0x00, 
	0x00, 0x00, 0x00, 0x00, 0x00, 0x00, 0x00, 0x00, 0x00, 0x00, 0x00, 0x00, 0x00, 0x00, 0x00, 0x00, 
	0x00, 0x00, 0x00, 0x00, 0x00, 0x00, 0x00, 0x00, 0x00, 0x00, 0x00, 0x00, 0x00, 0x00, 0x00, 0x00, 
	0x00, 0x00, 0x00, 0x00, 0x00, 0x00, 0x00, 0x00, 0x00, 0x00, 0x00, 0x00, 0x00, 0x00, 0x00, 0x00, 
	0x00, 0x00, 0x00, 0x00, 0x00, 0x00, 0x00, 0x00, 0x00, 0x00, 0x00, 0x00, 0x00, 0x00, 0x00, 0x00, 
	0x00, 0x00, 0x00, 0x00, 0x00, 0x00, 0x00, 0x00, 0x00, 0x00, 0x00, 0x00, 0x00, 0x00, 0x00, 0x00, 
	0x00, 0x00, 0x00, 0x00, 0x00, 0x00, 0x00, 0x00, 0x00, 0x00, 0x00, 0x00, 0x00, 0x00, 0x00, 0x00, 
	0x00, 0x00, 0x00, 0x00, 0x00, 0x00, 0x00, 0x00, 0x00, 0x00, 0x00, 0x00, 0x00, 0x00, 0x00, 0x00, 
	0x00, 0x00, 0x00, 0x00, 0x00, 0x00, 0x00, 0x00, 0x00, 0x00, 0x00, 0x00, 0x00, 0x00, 0x00, 0x00, 
	0x00, 0x00, 0x00, 0x00, 0x00, 0x00, 0x00, 0x00, 0x00, 0x00, 0x00, 0x00, 0x09, 0xCD, 0x09, 0xCD, 
	0x09, 0xCD, 0x09, 0xCD, 0x09, 0xCD, 0x09, 0xCD, 0x09, 0xCD, 0x00, 0x00, 0x00, 0x00, 0x00, 0x00, 
	0x00, 0x00, 0x00, 0x00, 0x00, 0x00, 0x00, 0x00, 0x00, 0x00, 0x00, 0x00, 0x09, 0x6B, 0x09, 0xCD, 
	0x09, 0xCD, 0x09, 0xCD, 0x09, 0xCD, 0x09, 0xCD, 0x09, 0xCD, 0x09, 0xCD, 0x09, 0xCD, 0x09, 0xCD, 
	0x09, 0xCD, 0x09, 0xCD, 0x09, 0xCD, 0x09, 0xCD, 0x09, 0xCD, 0x09, 0xCD, 0x09, 0xCD, 0x09, 0xCD, 
	0x09, 0xCD, 0x09, 0xCD, 0x09, 0xCD, 0x09, 0xCD, 0x09, 0xCD, 0x09, 0xCD, 0x09, 0xCD, 0x09, 0xCD, 
	0x09, 0xCD, 0x09, 0xCD, 0x09, 0xCD, 0x09, 0xCD, 0x09, 0xCD, 0x09, 0xCD, 0x09, 0xCD, 0x09, 0xCD, 
	0x09, 0xCD, 0x09, 0xCD, 0x09, 0x4A, 0x00, 0x42, 0x00, 0x00, 0x00, 0x00, 0x00, 0x00, 0x00, 0x00, 
	0x00, 0x00, 0x00, 0x00, 0x00, 0x00, 0x00, 0x00, 0x00, 0x00, 0x00, 0x00, 0x00, 0x00, 0x00, 0x00, 
	0x00, 0x00, 0x00, 0x00, 0x00, 0x00, 0x00, 0x00, 0x00, 0x00, 0x00, 0x00, 0x00, 0x00, 0x00, 0x00, 
	0x00, 0x00, 0x00, 0x00, 0x00, 0x00, 0x00, 0x00, 0x00, 0x00, 0x00, 0x00, 0x00, 0x00, 0x00, 0x00, 
	0x00, 0x00, 0x00, 0x00, 0x00, 0x00, 0x00, 0x00, 0x00, 0x00, 0x00, 0x00, 0x00, 0x00, 0x00, 0x00, 
	0x00, 0x00, 0x00, 0x00, 0x00, 0x00, 0x00, 0x00, 0x00, 0x00, 0x00, 0x00, 0x00, 0x00, 0x00, 0x00, 
	0x00, 0x00, 0x00, 0x00, 0x00, 0x00, 0x00, 0x00, 0x00, 0x00, 0x00, 0x00, 0x00, 0x00, 0x00, 0x00, 
	0x00, 0x00, 0x00, 0x00, 0x00, 0x00, 0x00, 0x00, 0x00, 0x00, 0x00, 0x00, 0x00, 0x00, 0x00, 0x00, 
	0x00, 0x00, 0x00, 0x00, 0x00, 0x00, 0x00, 0x00, 0x00, 0x00, 0x00, 0x00, 0x00, 0x00, 0x00, 0x00, 
	0x00, 0x00, 0x00, 0x00, 0x00, 0x00, 0x00, 0x00, 0x00, 0x00, 0x00, 0x00, 0x00, 0x00, 0x00, 0x00, 
	0x00, 0x00, 0x00, 0x00, 0x00, 0x00, 0x00, 0x00, 0x00, 0x00, 0x00, 0x00, 0x00, 0x00, 0x00, 0x00, 
	0x00, 0x00, 0x00, 0x00, 0x00, 0x00, 0x00, 0x00, 0x00, 0x00, 0x00, 0x00, 0x00, 0x00, 0x00, 0x00, 
	0x00, 0x00, 0x00, 0x00, 0x00, 0x00, 0x00, 0x00, 0x00, 0x00, 0x00, 0x00, 0x00, 0x00, 0x00, 0x00, 
	0x00, 0x00, 0x00, 0x00, 0x00, 0x00, 0x00, 0x00, 0x00, 0x00, 0x00, 0x00, 0x00, 0x00, 0x00, 0x00, 
	0x00, 0x00, 0x00, 0x00, 0x00, 0x00, 0x00, 0x00, 0x00, 0x00, 0x00, 0x00, 0x00, 0x00, 0x00, 0x00, 
	0x00, 0x00, 0x00, 0x00, 0x00, 0x00, 0x00, 0x00, 0x00, 0x00, 0x00, 0x00, 0x00, 0x00, 0x00, 0x00, 
	0x00, 0x00, 0x00, 0x00, 0x00, 0x00, 0x00, 0x00, 0x00, 0x00, 0x00, 0x00, 0x00, 0x00, 0x00, 0x00, 
	0x00, 0x00, 0x00, 0x00, 0x00, 0x00, 0x00, 0x00, 0x00, 0x00, 0x00, 0x00, 0x00, 0x00, 0x00, 0x00, 
	0x00, 0x00, 0x00, 0x00, 0x00, 0x00, 0x00, 0x00, 0x00, 0x00, 0x00, 0x00, 0x00, 0x00, 0x00, 0x00, 
	0x00, 0x00, 0x00, 0x00, 0x00, 0x00, 0x00, 0x00, 0x00, 0x00, 0x00, 0x00, 0x00, 0x00, 0x00, 0x00, 
	0x00, 0x00, 0x00, 0x00, 0x00, 0x00, 0x00, 0x00, 0x00, 0x00, 0x00, 0x00, 0x00, 0x00, 0x00, 0x00, 
	0x00, 0x00, 0x00, 0x00, 0x00, 0x00, 0x00, 0x00, 0x00, 0x00, 0x00, 0x00, 0x00, 0x00, 0x00, 0x00, 
	0x00, 0x00, 0x00, 0x00, 0x00, 0x00, 0x00, 0x00, 0x00, 0x00, 0x00, 0x00, 0x00, 0x00, 0x00, 0x00, 
	0x00, 0x00, 0x00, 0x00, 0x00, 0x00, 0x00, 0x00, 0x00, 0x00, 0x00, 0x00, 0x00, 0x00, 0x00, 0x00, 
	0x00, 0x00, 0x00, 0x00, 0x00, 0x00, 0x00, 0x00, 0x00, 0x00, 0x00, 0x00, 0x00, 0x00, 0x00, 0x00, 
	0x00, 0x00, 0x00, 0x00, 0x00, 0x00, 0x00, 0x00, 0x00, 0x00, 0x00, 0x00, 0x00, 0x00, 0x00, 0x00, 
	0x00, 0x00, 0x00, 0x00, 0x00, 0x00, 0x00, 0x00, 0x00, 0x00, 0x00, 0x00, 0x00, 0x00, 0x00, 0x00, 
	0x00, 0x00, 0x00, 0x00, 0x00, 0x00, 0x00, 0x00, 0x00, 0x00, 0x00, 0x00, 0x00, 0x00, 0x00, 0x00, 
	0x00, 0x00, 0x00, 0x00, 0x00, 0x00, 0x00, 0x00, 0x00, 0x00, 0x00, 0x00, 0x00, 0x00, 0x00, 0x00, 
	0x00, 0x00, 0x00, 0x00, 0x00, 0x00, 0x00, 0x00, 0x00, 0x00, 0x00, 0x00, 0x00, 0x00, 0x00, 0x00, 
	0x00, 0x00, 0x00, 0x00, 0x00, 0x00, 0x00, 0x00, 0x00, 0x00, 0x00, 0x00, 0x00, 0x00, 0x00, 0x00, 
	0x00, 0x00, 0x00, 0x00, 0x00, 0x00, 0x00, 0x00, 0x00, 0x00, 0x00, 0x00, 0x00, 0x00, 0x00, 0x00, 
	0x00, 0x00, 0x00, 0x00, 0x00, 0x00, 0x00, 0x00, 0x00, 0x00, 0x00, 0x00, 0x00, 0x00, 0x00, 0x00, 
	0x00, 0x00, 0x00, 0x00, 0x00, 0x00, 0x00, 0x00, 0x00, 0x00, 0x00, 0x00, 0x09, 0xCD, 0x09, 0xCD, 
	0x09, 0xCD, 0x09, 0xCD, 0x09, 0xCD, 0x09, 0xCD, 0x09, 0xCD, 0x00, 0x00, 0x00, 0x00, 0x00, 0x00, 
	0x00, 0x00, 0x00, 0x00, 0x00, 0x00, 0x00, 0x00, 0x00, 0x00, 0x00, 0x00, 0x00, 0x00, 0x09, 0xCD, 
	0x09, 0xCD, 0x09, 0xCD, 0x09, 0xCD, 0x09, 0xCD, 0x09, 0xCD, 0x09, 0xCD, 0x09, 0xCD, 0x09, 0xCD, 
	0x09, 0xCD, 0x09, 0xCD, 0x09, 0xCD, 0x09, 0xCD, 0x09, 0xCD, 0x09, 0xCD, 0x09, 0xCD, 0x09, 0xCD, 
	0x09, 0xCD, 0x09, 0xCD, 0x09, 0xCD, 0x09, 0xCD, 0x09, 0xCD, 0x09, 0xCD, 0x09, 0xCD, 0x09, 0xCD, 
	0x09, 0xCD, 0x09, 0xCD, 0x09, 0xCD, 0x09, 0xCD, 0x09, 0xCD, 0x09, 0xCD, 0x09, 0xCD, 0x09, 0xCD, 
	0x09, 0xCD, 0x09, 0xCD, 0x09, 0xCD, 0x09, 0xCD, 0x09, 0xCD, 0x09, 0xCD, 0x09, 0xCD, 0x00, 0xC6, 
	0x00, 0x00, 0x00, 0x00, 0x00, 0x00, 0x00, 0x00, 0x00, 0x00, 0x00, 0x00, 0x00, 0x00, 0x00, 0x00, 
	0x00, 0x00, 0x00, 0x00, 0x00, 0x00, 0x00, 0x00, 0x00, 0x00, 0x00, 0x00, 0x00, 0x00, 0x00, 0x00, 
	0x00, 0x00, 0x00, 0x00, 0x00, 0x00, 0x00, 0x00, 0x00, 0x00, 0x00, 0x00, 0x00, 0x00, 0x00, 0x00, 
	0x00, 0x00, 0x00, 0x00, 0x00, 0x00, 0x00, 0x00, 0x00, 0x00, 0x00, 0x00, 0x00, 0x00, 0x00, 0x00, 
	0x00, 0x00, 0x00, 0x00, 0x00, 0x00, 0x00, 0x00, 0x00, 0x00, 0x00, 0x00, 0x00, 0x00, 0x00, 0x00, 
	0x00, 0x00, 0x00, 0x00, 0x00, 0x00, 0x00, 0x00, 0x00, 0x00, 0x00, 0x00, 0x00, 0x00, 0x00, 0x00, 
	0x00, 0x00, 0x00, 0x00, 0x00, 0x00, 0x00, 0x00, 0x00, 0x00, 0x00, 0x00, 0x00, 0x00, 0x00, 0x00, 
	0x00, 0x00, 0x00, 0x00, 0x00, 0x00, 0x00, 0x00, 0x00, 0x00, 0x00, 0x00, 0x00, 0x00, 0x00, 0x00, 
	0x00, 0x00, 0x00, 0x00, 0x00, 0x00, 0x00, 0x00, 0x00, 0x00, 0x00, 0x00, 0x00, 0x00, 0x00, 0x00, 
	0x00, 0x00, 0x00, 0x00, 0x00, 0x00, 0x00, 0x00, 0x00, 0x00, 0x00, 0x00, 0x00, 0x00, 0x00, 0x00, 
	0x00, 0x00, 0x00, 0x00, 0x00, 0x00, 0x00, 0x00, 0x00, 0x00, 0x00, 0x00, 0x00, 0x00, 0x00, 0x00, 
	0x00, 0x00, 0x00, 0x00, 0x00, 0x00, 0x00, 0x00, 0x00, 0x00, 0x00, 0x00, 0x00, 0x00, 0x00, 0x00, 
	0x00, 0x00, 0x00, 0x00, 0x00, 0x00, 0x00, 0x00, 0x00, 0x00, 0x00, 0x00, 0x00, 0x00, 0x00, 0x00, 
	0x00, 0x00, 0x00, 0x00, 0x00, 0x00, 0x00, 0x00, 0x00, 0x00, 0x00, 0x00, 0x00, 0x00, 0x00, 0x00, 
	0x00, 0x00, 0x00, 0x00, 0x00, 0x00, 0x00, 0x00, 0x00, 0x00, 0x00, 0x00, 0x00, 0x00, 0x00, 0x00, 
	0x00, 0x00, 0x00, 0x00, 0x00, 0x00, 0x00, 0x00, 0x00, 0x00, 0x00, 0x00, 0x00, 0x00, 0x00, 0x00, 
	0x00, 0x00, 0x00, 0x00, 0x00, 0x00, 0x00, 0x00, 0x00, 0x00, 0x00, 0x00, 0x00, 0x00, 0x00, 0x00, 
	0x00, 0x00, 0x00, 0x00, 0x00, 0x00, 0x00, 0x00, 0x00, 0x00, 0x00, 0x00, 0x00, 0x00, 0x00, 0x00, 
	0x00, 0x00, 0x00, 0x00, 0x00, 0x00, 0x00, 0x00, 0x00, 0x00, 0x00, 0x00, 0x00, 0x00, 0x00, 0x00, 
	0x00, 0x00, 0x00, 0x00, 0x00, 0x00, 0x00, 0x00, 0x00, 0x00, 0x00, 0x00, 0x00, 0x00, 0x00, 0x00, 
	0x00, 0x00, 0x00, 0x00, 0x00, 0x00, 0x00, 0x00, 0x00, 0x00, 0x00, 0x00, 0x00, 0x00, 0x00, 0x00, 
	0x00, 0x00, 0x00, 0x00, 0x00, 0x00, 0x00, 0x00, 0x00, 0x00, 0x00, 0x00, 0x00, 0x00, 0x00, 0x00, 
	0x00, 0x00, 0x00, 0x00, 0x00, 0x00, 0x00, 0x00, 0x00, 0x00, 0x00, 0x00, 0x00, 0x00, 0x00, 0x00, 
	0x00, 0x00, 0x00, 0x00, 0x00, 0x00, 0x00, 0x00, 0x00, 0x00, 0x00, 0x00, 0x00, 0x00, 0x00, 0x00, 
	0x00, 0x00, 0x00, 0x00, 0x00, 0x00, 0x00, 0x00, 0x00, 0x00, 0x00, 0x00, 0x00, 0x00, 0x00, 0x00, 
	0x00, 0x00, 0x00, 0x00, 0x00, 0x00, 0x00, 0x00, 0x00, 0x00, 0x00, 0x00, 0x00, 0x00, 0x00, 0x00, 
	0x00, 0x00, 0x00, 0x00, 0x00, 0x00, 0x00, 0x00, 0x00, 0x00, 0x00, 0x00, 0x00, 0x00, 0x00, 0x00, 
	0x00, 0x00, 0x00, 0x00, 0x00, 0x00, 0x00, 0x00, 0x00, 0x00, 0x00, 0x00, 0x00, 0x00, 0x00, 0x00, 
	0x00, 0x00, 0x00, 0x00, 0x00, 0x00, 0x00, 0x00, 0x00, 0x00, 0x00, 0x00, 0x00, 0x00, 0x00, 0x00, 
	0x00, 0x00, 0x00, 0x00, 0x00, 0x00, 0x00, 0x00, 0x00, 0x00, 0x00, 0x00, 0x00, 0x00, 0x00, 0x00, 
	0x00, 0x00, 0x00, 0x00, 0x00, 0x00, 0x00, 0x00, 0x00, 0x00, 0x00, 0x00, 0x00, 0x00, 0x00, 0x00, 
	0x00, 0x00, 0x00, 0x00, 0x00, 0x00, 0x00, 0x00, 0x00, 0x00, 0x00, 0x00, 0x00, 0x00, 0x00, 0x00, 
	0x00, 0x00, 0x00, 0x00, 0x00, 0x00, 0x00, 0x00, 0x00, 0x00, 0x00, 0x00, 0x09, 0xCD, 0x09, 0xCD, 
	0x09, 0xCD, 0x09, 0xCD, 0x09, 0xCD, 0x09, 0xCD, 0x09, 0xCD, 0x00, 0x00, 0x00, 0x00, 0x00, 0x00, 
	0x00, 0x00, 0x00, 0x00, 0x00, 0x00, 0x00, 0x00, 0x00, 0x00, 0x00, 0x00, 0x00, 0x00, 0x00, 0xA5, 
	0x09, 0xCD, 0x09, 0xCD, 0x09, 0xCD, 0x09, 0xCD, 0x09, 0xCD, 0x09, 0xCD, 0x09, 0xCD, 0x09, 0xCD, 
	0x09, 0xCD, 0x09, 0xCD, 0x09, 0xCD, 0x09, 0xCD, 0x09, 0xCD, 0x09, 0xCD, 0x09, 0xCD, 0x09, 0xCD, 
	0x09, 0xCD, 0x09, 0xCD, 0x09, 0xCD, 0x09, 0xCD, 0x09, 0xCD, 0x09, 0xCD, 0x09, 0xCD, 0x09, 0xCD, 
	0x09, 0xCD, 0x09, 0xCD, 0x09, 0xCD, 0x09, 0xCD, 0x09, 0xCD, 0x09, 0xCD, 0x09, 0xCD, 0x09, 0xCD, 
	0x09, 0xCD, 0x09, 0xCD, 0x09, 0xCD, 0x09, 0xCD, 0x09, 0xCD, 0x09, 0xCD, 0x09, 0xCD, 0x09, 0xCD, 
	0x09, 0xCD, 0x09, 0xCD, 0x00, 0xE7, 0x00, 0x00, 0x00, 0x00, 0x00, 0x00, 0x00, 0x00, 0x00, 0x00, 
	0x00, 0x00, 0x00, 0x00, 0x00, 0x00, 0x00, 0x00, 0x00, 0x00, 0x00, 0x00, 0x00, 0x00, 0x00, 0x00, 
	0x00, 0x00, 0x00, 0x00, 0x00, 0x00, 0x00, 0x00, 0x00, 0x00, 0x00, 0x00, 0x00, 0x00, 0x00, 0x00, 
	0x00, 0x00, 0x00, 0x00, 0x00, 0x00, 0x00, 0x00, 0x00, 0x00, 0x00, 0x00, 0x00, 0x00, 0x00, 0x00, 
	0x00, 0x00, 0x00, 0x00, 0x00, 0x00, 0x00, 0x00, 0x00, 0x00, 0x00, 0x00, 0x00, 0x00, 0x00, 0x00, 
	0x00, 0x00, 0x00, 0x00, 0x00, 0x00, 0x00, 0x00, 0x00, 0x00, 0x00, 0x00, 0x00, 0x00, 0x00, 0x00, 
	0x00, 0x00, 0x00, 0x00, 0x00, 0x00, 0x00, 0x00, 0x00, 0x00, 0x00, 0x00, 0x00, 0x00, 0x00, 0x00, 
	0x00, 0x00, 0x00, 0x00, 0x00, 0x00, 0x00, 0x00, 0x00, 0x00, 0x00, 0x00, 0x00, 0x00, 0x00, 0x00, 
	0x00, 0x00, 0x00, 0x00, 0x00, 0x00, 0x00, 0x00, 0x00, 0x00, 0x00, 0x00, 0x00, 0x00, 0x00, 0x00, 
	0x00, 0x00, 0x00, 0x00, 0x00, 0x00, 0x00, 0x00, 0x00, 0x00, 0x00, 0x00, 0x00, 0x00, 0x00, 0x00, 
	0x00, 0x00, 0x00, 0x00, 0x00, 0x00, 0x00, 0x00, 0x00, 0x00, 0x00, 0x00, 0x00, 0x00, 0x00, 0x00, 
	0x00, 0x00, 0x00, 0x00, 0x00, 0x00, 0x00, 0x00, 0x00, 0x00, 0x00, 0x00, 0x00, 0x00, 0x00, 0x00, 
	0x00, 0x00, 0x00, 0x00, 0x00, 0x00, 0x00, 0x00, 0x00, 0x00, 0x00, 0x00, 0x00, 0x00, 0x00, 0x00, 
	0x00, 0x00, 0x00, 0x00, 0x00, 0x00, 0x00, 0x00, 0x00, 0x00, 0x00, 0x00, 0x00, 0x00, 0x00, 0x00, 
	0x00, 0x00, 0x00, 0x00, 0x00, 0x00, 0x00, 0x00, 0x00, 0x00, 0x00, 0x00, 0x00, 0x00, 0x00, 0x00, 
	0x00, 0x00, 0x00, 0x00, 0x00, 0x00, 0x00, 0x00, 0x00, 0x00, 0x00, 0x00, 0x00, 0x00, 0x00, 0x00, 
	0x00, 0x00, 0x00, 0x00, 0x00, 0x00, 0x00, 0x00, 0x00, 0x00, 0x00, 0x00, 0x00, 0x00, 0x00, 0x00, 
	0x00, 0x00, 0x00, 0x00, 0x00, 0x00, 0x00, 0x00, 0x00, 0x00, 0x00, 0x00, 0x00, 0x00, 0x00, 0x00, 
	0x00, 0x00, 0x00, 0x00, 0x00, 0x00, 0x00, 0x00, 0x00, 0x00, 0x00, 0x00, 0x00, 0x00, 0x00, 0x00, 
	0x00, 0x00, 0x00, 0x00, 0x00, 0x00, 0x00, 0x00, 0x00, 0x00, 0x00, 0x00, 0x00, 0x00, 0x00, 0x00, 
	0x00, 0x00, 0x00, 0x00, 0x00, 0x00, 0x00, 0x00, 0x00, 0x00, 0x00, 0x00, 0x00, 0x00, 0x00, 0x00, 
	0x00, 0x00, 0x00, 0x00, 0x00, 0x00, 0x00, 0x00, 0x00, 0x00, 0x00, 0x00, 0x00, 0x00, 0x00, 0x00, 
	0x00, 0x00, 0x00, 0x00, 0x00, 0x00, 0x00, 0x00, 0x00, 0x00, 0x00, 0x00, 0x00, 0x00, 0x00, 0x00, 
	0x00, 0x00, 0x00, 0x00, 0x00, 0x00, 0x00, 0x00, 0x00, 0x00, 0x00, 0x00, 0x00, 0x00, 0x00, 0x00, 
	0x00, 0x00, 0x00, 0x00, 0x00, 0x00, 0x00, 0x00, 0x00, 0x00, 0x00, 0x00, 0x00, 0x00, 0x00, 0x00, 
	0x00, 0x00, 0x00, 0x00, 0x00, 0x00, 0x00, 0x00, 0x00, 0x00, 0x00, 0x00, 0x00, 0x00, 0x00, 0x00, 
	0x00, 0x00, 0x00, 0x00, 0x00, 0x00, 0x00, 0x00, 0x00, 0x00, 0x00, 0x00, 0x00, 0x00, 0x00, 0x00, 
	0x00, 0x00, 0x00, 0x00, 0x00, 0x00, 0x00, 0x00, 0x00, 0x00, 0x00, 0x00, 0x00, 0x00, 0x00, 0x00, 
	0x00, 0x00, 0x00, 0x00, 0x00, 0x00, 0x00, 0x00, 0x00, 0x00, 0x00, 0x00, 0x00, 0x00, 0x00, 0x00, 
	0x00, 0x00, 0x00, 0x00, 0x00, 0x00, 0x00, 0x00, 0x00, 0x00, 0x00, 0x00, 0x00, 0x00, 0x00, 0x00, 
	0x00, 0x00, 0x00, 0x00, 0x00, 0x00, 0x00, 0x00, 0x00, 0x00, 0x00, 0x00, 0x00, 0x00, 0x00, 0x00, 
	0x00, 0x00, 0x00, 0x00, 0x00, 0x00, 0x00, 0x00, 0x00, 0x00, 0x00, 0x00, 0x00, 0x00, 0x00, 0x00, 
	0x00, 0x00, 0x00, 0x00, 0x00, 0x00, 0x00, 0x00, 0x00, 0x00, 0x00, 0x00, 0x09, 0xCD, 0x09, 0xCD, 
	0x09, 0xCD, 0x09, 0xCD, 0x09, 0xCD, 0x09, 0xCD, 0x09, 0xCD, 0x00, 0x00, 0x00, 0x00, 0x00, 0x00, 
	0x00, 0x00, 0x00, 0x00, 0x00, 0x00, 0x00, 0x00, 0x00, 0x00, 0x00, 0x00, 0x00, 0x00, 0x00, 0x00, 
	0x09, 0x6B, 0x09, 0xCD, 0x09, 0xCD, 0x09, 0xCD, 0x09, 0xCD, 0x09, 0xCD, 0x09, 0xCD, 0x09, 0xCD, 
	0x09, 0xCD, 0x09, 0xCD, 0x09, 0xCD, 0x09, 0xCD, 0x09, 0xCD, 0x09, 0xCD, 0x09, 0xCD, 0x09, 0xCD, 
	0x09, 0xCD, 0x09, 0xCD, 0x09, 0xCD, 0x09, 0xCD, 0x09, 0xCD, 0x09, 0xCD, 0x09, 0xCD, 0x09, 0xCD, 
	0x09, 0xCD, 0x09, 0xCD, 0x09, 0xCD, 0x09, 0xCD, 0x09, 0xCD, 0x09, 0xCD, 0x09, 0xCD, 0x09, 0xCD, 
	0x09, 0xCD, 0x09, 0xCD, 0x09, 0xCD, 0x09, 0xCD, 0x09, 0xCD, 0x09, 0xCD, 0x09, 0xCD, 0x09, 0xCD, 
	0x09, 0xCD, 0x09, 0xCD, 0x09, 0xCD, 0x09, 0xCD, 0x09, 0xCD, 0x00, 0x00, 0x00, 0x00, 0x00, 0x00, 
	0x00, 0x00, 0x00, 0x00, 0x00, 0x00, 0x00, 0x00, 0x00, 0x00, 0x00, 0x00, 0x00, 0x00, 0x00, 0x00, 
	0x00, 0x00, 0x00, 0x00, 0x00, 0x00, 0x00, 0x00, 0x00, 0x00, 0x00, 0x00, 0x00, 0x00, 0x00, 0x00, 
	0x00, 0x00, 0x00, 0x00, 0x00, 0x00, 0x00, 0x00, 0x00, 0x00, 0x00, 0x00, 0x00, 0x00, 0x00, 0x00, 
	0x00, 0x00, 0x00, 0x00, 0x00, 0x00, 0x00, 0x00, 0x00, 0x00, 0x00, 0x00, 0x00, 0x00, 0x00, 0x00, 
	0x00, 0x00, 0x00, 0x00, 0x00, 0x00, 0x00, 0x00, 0x00, 0x00, 0x00, 0x00, 0x00, 0x00, 0x00, 0x00, 
	0x00, 0x00, 0x00, 0x00, 0x00, 0x00, 0x00, 0x00, 0x00, 0x00, 0x00, 0x00, 0x00, 0x00, 0x00, 0x00, 
	0x00, 0x00, 0x00, 0x00, 0x00, 0x00, 0x00, 0x00, 0x00, 0x00, 0x00, 0x00, 0x00, 0x00, 0x00, 0x00, 
	0x00, 0x00, 0x00, 0x00, 0x00, 0x00, 0x00, 0x00, 0x00, 0x00, 0x00, 0x00, 0x00, 0x00, 0x00, 0x00, 
	0x00, 0x00, 0x00, 0x00, 0x00, 0x00, 0x00, 0x00, 0x00, 0x00, 0x00, 0x00, 0x00, 0x00, 0x00, 0x00, 
	0x00, 0x00, 0x00, 0x00, 0x00, 0x00, 0x00, 0x00, 0x00, 0x00, 0x00, 0x00, 0x00, 0x00, 0x00, 0x00, 
	0x00, 0x00, 0x00, 0x00, 0x00, 0x00, 0x00, 0x00, 0x00, 0x00, 0x00, 0x00, 0x00, 0x00, 0x00, 0x00, 
	0x00, 0x00, 0x00, 0x00, 0x00, 0x00, 0x00, 0x00, 0x00, 0x00, 0x00, 0x00, 0x00, 0x00, 0x00, 0x00, 
	0x00, 0x00, 0x00, 0x00, 0x00, 0x00, 0x00, 0x00, 0x00, 0x00, 0x00, 0x00, 0x00, 0x00, 0x00, 0x00, 
	0x00, 0x00, 0x00, 0x00, 0x00, 0x00, 0x00, 0x00, 0x00, 0x00, 0x00, 0x00, 0x00, 0x00, 0x00, 0x00, 
	0x00, 0x00, 0x00, 0x00, 0x00, 0x00, 0x00, 0x00, 0x00, 0x00, 0x00, 0x00, 0x00, 0x00, 0x00, 0x00, 
	0x00, 0x00, 0x00, 0x00, 0x00, 0x00, 0x00, 0x00, 0x00, 0x00, 0x00, 0x00, 0x00, 0x00, 0x00, 0x00, 
	0x00, 0x00, 0x00, 0x00, 0x00, 0x00, 0x00, 0x00, 0x00, 0x00, 0x00, 0x00, 0x00, 0x00, 0x00, 0x00, 
	0x00, 0x00, 0x00, 0x00, 0x00, 0x00, 0x00, 0x00, 0x00, 0x00, 0x00, 0x00, 0x00, 0x00, 0x00, 0x00, 
	0x00, 0x00, 0x00, 0x00, 0x00, 0x00, 0x00, 0x00, 0x00, 0x00, 0x00, 0x00, 0x00, 0x00, 0x00, 0x00, 
	0x00, 0x00, 0x00, 0x00, 0x00, 0x00, 0x00, 0x00, 0x00, 0x00, 0x00, 0x00, 0x00, 0x00, 0x00, 0x00, 
	0x00, 0x00, 0x00, 0x00, 0x00, 0x00, 0x00, 0x00, 0x00, 0x00, 0x00, 0x00, 0x00, 0x00, 0x00, 0x00, 
	0x00, 0x00, 0x00, 0x00, 0x00, 0x00, 0x00, 0x00, 0x00, 0x00, 0x00, 0x00, 0x00, 0x00, 0x00, 0x00, 
	0x00, 0x00, 0x00, 0x00, 0x00, 0x00, 0x00, 0x00, 0x00, 0x00, 0x00, 0x00, 0x00, 0x00, 0x00, 0x00, 
	0x00, 0x00, 0x00, 0x00, 0x00, 0x00, 0x00, 0x00, 0x00, 0x00, 0x00, 0x00, 0x00, 0x00, 0x00, 0x00, 
	0x00, 0x00, 0x00, 0x00, 0x00, 0x00, 0x00, 0x00, 0x00, 0x00, 0x00, 0x00, 0x00, 0x00, 0x00, 0x00, 
	0x00, 0x00, 0x00, 0x00, 0x00, 0x00, 0x00, 0x00, 0x00, 0x00, 0x00, 0x00, 0x00, 0x00, 0x00, 0x00, 
	0x00, 0x00, 0x00, 0x00, 0x00, 0x00, 0x00, 0x00, 0x00, 0x00, 0x00, 0x00, 0x00, 0x00, 0x00, 0x00, 
	0x00, 0x00, 0x00, 0x00, 0x00, 0x00, 0x00, 0x00, 0x00, 0x00, 0x00, 0x00, 0x00, 0x00, 0x00, 0x00, 
	0x00, 0x00, 0x00, 0x00, 0x00, 0x00, 0x00, 0x00, 0x00, 0x00, 0x00, 0x00, 0x00, 0x00, 0x00, 0x00, 
	0x00, 0x00, 0x00, 0x00, 0x00, 0x00, 0x00, 0x00, 0x00, 0x00, 0x00, 0x00, 0x00, 0x00, 0x00, 0x00, 
	0x00, 0x00, 0x00, 0x00, 0x00, 0x00, 0x00, 0x00, 0x00, 0x00, 0x00, 0x00, 0x00, 0x00, 0x00, 0x00, 
	0x00, 0x00, 0x00, 0x00, 0x00, 0x00, 0x00, 0x00, 0x00, 0x00, 0x00, 0x63, 0x09, 0xCD, 0x09, 0xCD, 
	0x09, 0xCD, 0x09, 0xCD, 0x09, 0xCD, 0x09, 0xCD, 0x09, 0xCD, 0x00, 0x00, 0x00, 0x00, 0x00, 0x00, 
	0x00, 0x00, 0x00, 0x00, 0x00, 0x00, 0x00, 0x00, 0x00, 0x00, 0x00, 0x00, 0x00, 0x00, 0x00, 0x00, 
	0x00, 0x00, 0x09, 0xCD, 0x09, 0xCD, 0x09, 0xCD, 0x09, 0xCD, 0x09, 0xCD, 0x09, 0xCD, 0x09, 0xCD, 
	0x09, 0xCD, 0x09, 0xCD, 0x09, 0xCD, 0x09, 0xCD, 0x09, 0xCD, 0x09, 0xCD, 0x09, 0xCD, 0x09, 0xCD, 
	0x09, 0xCD, 0x09, 0xCD, 0x09, 0xCD, 0x09, 0xCD, 0x09, 0xCD, 0x09, 0xCD, 0x09, 0xCD, 0x09, 0xCD, 
	0x09, 0xCD, 0x09, 0xCD, 0x09, 0xCD, 0x09, 0xCD, 0x09, 0xCD, 0x09, 0xCD, 0x09, 0xCD, 0x09, 0xCD, 
	0x09, 0xCD, 0x09, 0xCD, 0x09, 0xCD, 0x09, 0xCD, 0x09, 0xCD, 0x09, 0xCD, 0x09, 0xCD, 0x09, 0xCD, 
	0x09, 0xCD, 0x09, 0xCD, 0x09, 0xCD, 0x09, 0xCD, 0x09, 0xCD, 0x09, 0xCD, 0x09, 0xCD, 0x09, 0x8B, 
	0x00, 0x00, 0x00, 0x00, 0x00, 0x00, 0x00, 0x00, 0x00, 0x00, 0x00, 0x00, 0x00, 0x00, 0x00, 0x00, 
	0x00, 0x00, 0x00, 0x00, 0x00, 0x00, 0x00, 0x00, 0x00, 0x00, 0x00, 0x00, 0x00, 0x00, 0x00, 0x00, 
	0x00, 0x00, 0x00, 0x00, 0x00, 0x00, 0x00, 0x00, 0x00, 0x00, 0x00, 0x00, 0x00, 0x00, 0x00, 0x00, 
	0x00, 0x00, 0x00, 0x00, 0x00, 0x00, 0x00, 0x00, 0x00, 0x00, 0x00, 0x00, 0x00, 0x00, 0x00, 0x00, 
	0x00, 0x00, 0x00, 0x00, 0x00, 0x00, 0x00, 0x00, 0x00, 0x00, 0x00, 0x00, 0x00, 0x00, 0x00, 0x00, 
	0x00, 0x00, 0x00, 0x00, 0x00, 0x00, 0x00, 0x00, 0x00, 0x00, 0x00, 0x00, 0x00, 0x00, 0x00, 0x00, 
	0x00, 0x00, 0x00, 0x00, 0x00, 0x00, 0x00, 0x00, 0x00, 0x00, 0x00, 0x00, 0x00, 0x00, 0x00, 0x00, 
	0x00, 0x00, 0x00, 0x00, 0x00, 0x00, 0x00, 0x00, 0x00, 0x00, 0x00, 0x00, 0x00, 0x00, 0x00, 0x00, 
	0x00, 0x00, 0x00, 0x00, 0x00, 0x00, 0x00, 0x00, 0x00, 0x00, 0x00, 0x00, 0x00, 0x00, 0x00, 0x00, 
	0x00, 0x00, 0x00, 0x00, 0x00, 0x00, 0x00, 0x00, 0x00, 0x00, 0x00, 0x00, 0x00, 0x00, 0x00, 0x00, 
	0x00, 0x00, 0x00, 0x00, 0x00, 0x00, 0x00, 0x00, 0x00, 0x00, 0x00, 0x00, 0x00, 0x00, 0x00, 0x00, 
	0x00, 0x00, 0x00, 0x00, 0x00, 0x00, 0x00, 0x00, 0x00, 0x00, 0x00, 0x00, 0x00, 0x00, 0x00, 0x00, 
	0x00, 0x00, 0x00, 0x00, 0x00, 0x00, 0x00, 0x00, 0x00, 0x00, 0x00, 0x00, 0x00, 0x00, 0x00, 0x00, 
	0x00, 0x00, 0x00, 0x00, 0x00, 0x00, 0x00, 0x00, 0x00, 0x00, 0x00, 0x00, 0x00, 0x00, 0x00, 0x00, 
	0x00, 0x00, 0x00, 0x00, 0x00, 0x00, 0x00, 0x00, 0x00, 0x00, 0x00, 0x00, 0x00, 0x00, 0x00, 0x00, 
	0x00, 0x00, 0x00, 0x00, 0x00, 0x00, 0x00, 0x00, 0x00, 0x00, 0x00, 0x00, 0x00, 0x00, 0x00, 0x00, 
	0x00, 0x00, 0x00, 0x00, 0x00, 0x00, 0x00, 0x00, 0x00, 0x00, 0x00, 0x00, 0x00, 0x00, 0x00, 0x00, 
	0x00, 0x00, 0x00, 0x00, 0x00, 0x00, 0x00, 0x00, 0x00, 0x00, 0x00, 0x00, 0x00, 0x00, 0x00, 0x00, 
	0x00, 0x00, 0x00, 0x00, 0x00, 0x00, 0x00, 0x00, 0x00, 0x00, 0x00, 0x00, 0x00, 0x00, 0x00, 0x00, 
	0x00, 0x00, 0x00, 0x00, 0x00, 0x00, 0x00, 0x00, 0x00, 0x00, 0x00, 0x00, 0x00, 0x00, 0x00, 0x00, 
	0x00, 0x00, 0x00, 0x00, 0x00, 0x00, 0x00, 0x00, 0x00, 0x00, 0x00, 0x00, 0x00, 0x00, 0x00, 0x00, 
	0x00, 0x00, 0x00, 0x00, 0x00, 0x00, 0x00, 0x00, 0x00, 0x00, 0x00, 0x00, 0x00, 0x00, 0x00, 0x00, 
	0x00, 0x00, 0x00, 0x00, 0x00, 0x00, 0x00, 0x00, 0x00, 0x00, 0x00, 0x00, 0x00, 0x00, 0x00, 0x00, 
	0x00, 0x00, 0x00, 0x00, 0x00, 0x00, 0x00, 0x00, 0x00, 0x00, 0x00, 0x00, 0x00, 0x00, 0x00, 0x00, 
	0x00, 0x00, 0x00, 0x00, 0x00, 0x00, 0x00, 0x00, 0x00, 0x00, 0x00, 0x00, 0x00, 0x00, 0x00, 0x00, 
	0x00, 0x00, 0x00, 0x00, 0x00, 0x00, 0x00, 0x00, 0x00, 0x00, 0x00, 0x00, 0x00, 0x00, 0x00, 0x00, 
	0x00, 0x00, 0x00, 0x00, 0x00, 0x00, 0x00, 0x00, 0x00, 0x00, 0x00, 0x00, 0x00, 0x00, 0x00, 0x00, 
	0x00, 0x00, 0x00, 0x00, 0x00, 0x00, 0x00, 0x00, 0x00, 0x00, 0x00, 0x00, 0x00, 0x00, 0x00, 0x00, 
	0x00, 0x00, 0x00, 0x00, 0x00, 0x00, 0x00, 0x00, 0x00, 0x00, 0x00, 0x00, 0x00, 0x00, 0x00, 0x00, 
	0x00, 0x00, 0x00, 0x00, 0x00, 0x00, 0x00, 0x00, 0x00, 0x00, 0x00, 0x00, 0x00, 0x00, 0x00, 0x00, 
	0x00, 0x00, 0x00, 0x00, 0x00, 0x00, 0x00, 0x00, 0x00, 0x00, 0x00, 0x00, 0x00, 0x00, 0x00, 0x00, 
	0x00, 0x00, 0x00, 0x00, 0x00, 0x00, 0x00, 0x00, 0x00, 0x00, 0x00, 0xE6, 0x09, 0xCD, 0x09, 0xCD, 
	0x09, 0xCD, 0x09, 0xCD, 0x09, 0xCD, 0x09, 0xCD, 0x09, 0xCD, 0x00, 0x00, 0x00, 0x00, 0x00, 0x00, 
	0x00, 0x00, 0x00, 0x00, 0x00, 0x00, 0x00, 0x00, 0x00, 0x00, 0x00, 0x00, 0x00, 0x00, 0x00, 0x00, 
	0x00, 0x00, 0x00, 0x00, 0x09, 0xCD, 0x09, 0xCD, 0x09, 0xCD, 0x09, 0xCD, 0x09, 0xCD, 0x09, 0xCD, 
	0x09, 0xCD, 0x09, 0xCD, 0x09, 0xCD, 0x09, 0xCD, 0x09, 0xCD, 0x09, 0xCD, 0x09, 0xCD, 0x09, 0xCD, 
	0x09, 0xCD, 0x09, 0xCD, 0x09, 0xCD, 0x09, 0xCD, 0x09, 0xCD, 0x09, 0xCD, 0x09, 0xCD, 0x09, 0xCD, 
	0x09, 0xCD, 0x09, 0xCD, 0x09, 0xCD, 0x09, 0xCD, 0x09, 0xCD, 0x09, 0xCD, 0x09, 0xCD, 0x09, 0xCD, 
	0x09, 0xCD, 0x09, 0xCD, 0x09, 0xCD, 0x09, 0xCD, 0x09, 0xCD, 0x09, 0xCD, 0x09, 0xCD, 0x09, 0xCD, 
	0x09, 0xCD, 0x09, 0xCD, 0x09, 0xCD, 0x09, 0xCD, 0x09, 0xCD, 0x09, 0xCD, 0x09, 0xCD, 0x09, 0xCD, 
	0x09, 0xCD, 0x09, 0x8B, 0x00, 0x00, 0x00, 0x00, 0x00, 0x00, 0x00, 0x00, 0x00, 0x00, 0x00, 0x00, 
	0x00, 0x00, 0x00, 0x00, 0x00, 0x00, 0x00, 0x00, 0x00, 0x00, 0x00, 0x00, 0x00, 0x00, 0x00, 0x00, 
	0x00, 0x00, 0x00, 0x00, 0x00, 0x00, 0x00, 0x00, 0x00, 0x00, 0x00, 0x00, 0x00, 0x00, 0x00, 0x00, 
	0x00, 0x00, 0x00, 0x00, 0x00, 0x00, 0x00, 0x00, 0x00, 0x00, 0x00, 0x00, 0x00, 0x00, 0x00, 0x00, 
	0x00, 0x00, 0x00, 0x00, 0x00, 0x00, 0x00, 0x00, 0x00, 0x00, 0x00, 0x00, 0x00, 0x00, 0x00, 0x00, 
	0x00, 0x00, 0x00, 0x00, 0x00, 0x00, 0x00, 0x00, 0x00, 0x00, 0x00, 0x00, 0x00, 0x00, 0x00, 0x00, 
	0x00, 0x00, 0x00, 0x00, 0x00, 0x00, 0x00, 0x00, 0x00, 0x00, 0x00, 0x00, 0x00, 0x00, 0x00, 0x00, 
	0x00, 0x00, 0x00, 0x00, 0x00, 0x00, 0x00, 0x00, 0x00, 0x00, 0x00, 0x00, 0x00, 0x00, 0x00, 0x00, 
	0x00, 0x00, 0x00, 0x00, 0x00, 0x00, 0x00, 0x00, 0x00, 0x00, 0x00, 0x00, 0x00, 0x00, 0x00, 0x00, 
	0x00, 0x00, 0x00, 0x00, 0x00, 0x00, 0x00, 0x00, 0x00, 0x00, 0x00, 0x00, 0x00, 0x00, 0x00, 0x00, 
	0x00, 0x00, 0x00, 0x00, 0x00, 0x00, 0x00, 0x00, 0x00, 0x00, 0x00, 0x00, 0x00, 0x00, 0x00, 0x00, 
	0x00, 0x00, 0x00, 0x00, 0x00, 0x00, 0x00, 0x00, 0x00, 0x00, 0x00, 0x00, 0x00, 0x00, 0x00, 0x00, 
	0x00, 0x00, 0x00, 0x00, 0x00, 0x00, 0x00, 0x00, 0x00, 0x00, 0x00, 0x00, 0x00, 0x00, 0x00, 0x00, 
	0x00, 0x00, 0x00, 0x00, 0x00, 0x00, 0x00, 0x00, 0x00, 0x00, 0x00, 0x00, 0x00, 0x00, 0x00, 0x00, 
	0x00, 0x00, 0x00, 0x00, 0x00, 0x00, 0x00, 0x00, 0x00, 0x00, 0x00, 0x00, 0x00, 0x00, 0x00, 0x00, 
	0x00, 0x00, 0x00, 0x00, 0x00, 0x00, 0x00, 0x00, 0x00, 0x00, 0x00, 0x00, 0x00, 0x00, 0x00, 0x00, 
	0x00, 0x00, 0x00, 0x00, 0x00, 0x00, 0x00, 0x00, 0x00, 0x00, 0x00, 0x00, 0x00, 0x00, 0x00, 0x00, 
	0x00, 0x00, 0x00, 0x00, 0x00, 0x00, 0x00, 0x00, 0x00, 0x00, 0x00, 0x00, 0x00, 0x00, 0x00, 0x00, 
	0x00, 0x00, 0x00, 0x00, 0x00, 0x00, 0x00, 0x00, 0x00, 0x00, 0x00, 0x00, 0x00, 0x00, 0x00, 0x00, 
	0x00, 0x00, 0x00, 0x00, 0x00, 0x00, 0x00, 0x00, 0x00, 0x00, 0x00, 0x00, 0x00, 0x00, 0x00, 0x00, 
	0x00, 0x00, 0x00, 0x00, 0x00, 0x00, 0x00, 0x00, 0x00, 0x00, 0x00, 0x00, 0x00, 0x00, 0x00, 0x00, 
	0x00, 0x00, 0x00, 0x00, 0x00, 0x00, 0x00, 0x00, 0x00, 0x00, 0x00, 0x00, 0x00, 0x00, 0x00, 0x00, 
	0x00, 0x00, 0x00, 0x00, 0x00, 0x00, 0x00, 0x00, 0x00, 0x00, 0x00, 0x00, 0x00, 0x00, 0x00, 0x00, 
	0x00, 0x00, 0x00, 0x00, 0x00, 0x00, 0x00, 0x00, 0x00, 0x00, 0x00, 0x00, 0x00, 0x00, 0x00, 0x00, 
	0x00, 0x00, 0x00, 0x00, 0x00, 0x00, 0x00, 0x00, 0x00, 0x00, 0x00, 0x00, 0x00, 0x00, 0x00, 0x00, 
	0x00, 0x00, 0x00, 0x00, 0x00, 0x00, 0x00, 0x00, 0x00, 0x00, 0x00, 0x00, 0x00, 0x00, 0x00, 0x00, 
	0x00, 0x00, 0x00, 0x00, 0x00, 0x00, 0x00, 0x00, 0x00, 0x00, 0x00, 0x00, 0x00, 0x00, 0x00, 0x00, 
	0x00, 0x00, 0x00, 0x00, 0x00, 0x00, 0x00, 0x00, 0x00, 0x00, 0x00, 0x00, 0x00, 0x00, 0x00, 0x00, 
	0x00, 0x00, 0x00, 0x00, 0x00, 0x00, 0x00, 0x00, 0x00, 0x00, 0x00, 0x00, 0x00, 0x00, 0x00, 0x00, 
	0x00, 0x00, 0x00, 0x00, 0x00, 0x00, 0x00, 0x00, 0x00, 0x00, 0x00, 0x00, 0x00, 0x00, 0x00, 0x00, 
	0x00, 0x00, 0x00, 0x00, 0x00, 0x00, 0x00, 0x00, 0x00, 0x00, 0x00, 0x00, 0x00, 0x00, 0x00, 0x00, 
	0x00, 0x00, 0x00, 0x00, 0x00, 0x00, 0x00, 0x00, 0x00, 0x00, 0x00, 0xE6, 0x09, 0xCD, 0x09, 0xCD, 
	0x09, 0xCD, 0x09, 0xCD, 0x09, 0xCD, 0x09, 0xCD, 0x09, 0xCD, 0x00, 0x00, 0x00, 0x00, 0x00, 0x00, 
	0x00, 0x00, 0x00, 0x00, 0x00, 0x00, 0x00, 0x00, 0x00, 0x00, 0x00, 0x00, 0x00, 0x00, 0x00, 0x00, 
	0x00, 0x00, 0x00, 0x00, 0x00, 0x00, 0x09, 0xCD, 0x09, 0xCD, 0x09, 0xCD, 0x09, 0xCD, 0x09, 0xCD, 
	0x09, 0xCD, 0x09, 0xCD, 0x09, 0xCD, 0x09, 0xCD, 0x09, 0xCD, 0x09, 0xCD, 0x09, 0xCD, 0x09, 0xCD, 
	0x09, 0xCD, 0x09, 0xCD, 0x09, 0xCD, 0x09, 0xCD, 0x09, 0xCD, 0x09, 0xCD, 0x09, 0xCD, 0x09, 0xCD, 
	0x09, 0xCD, 0x09, 0xCD, 0x09, 0xCD, 0x09, 0xCD, 0x09, 0xCD, 0x09, 0xCD, 0x09, 0xCD, 0x09, 0xCD, 
	0x09, 0xCD, 0x09, 0xCD, 0x09, 0xCD, 0x09, 0xCD, 0x09, 0xCD, 0x09, 0xCD, 0x09, 0xCD, 0x09, 0xCD, 
	0x09, 0xCD, 0x09, 0xCD, 0x09, 0xCD, 0x09, 0xCD, 0x09, 0xCD, 0x09, 0xCD, 0x09, 0xCD, 0x09, 0xCD, 
	0x09, 0xCD, 0x09, 0xCD, 0x09, 0xCD, 0x00, 0x00, 0x00, 0x00, 0x00, 0x00, 0x00, 0x00, 0x00, 0x00, 
	0x00, 0x00, 0x00, 0x00, 0x00, 0x00, 0x00, 0x00, 0x00, 0x00, 0x00, 0x00, 0x00, 0x00, 0x00, 0x00, 
	0x00, 0x00, 0x00, 0x00, 0x00, 0x00, 0x00, 0x00, 0x00, 0x00, 0x00, 0x00, 0x00, 0x00, 0x00, 0x00, 
	0x00, 0x00, 0x00, 0x00, 0x00, 0x00, 0x00, 0x00, 0x00, 0x00, 0x00, 0x00, 0x00, 0x00, 0x00, 0x00, 
	0x00, 0x00, 0x00, 0x00, 0x00, 0x00, 0x00, 0x00, 0x00, 0x00, 0x00, 0x00, 0x00, 0x00, 0x00, 0x00, 
	0x00, 0x00, 0x00, 0x00, 0x00, 0x00, 0x00, 0x00, 0x00, 0x00, 0x00, 0x00, 0x00, 0x00, 0x00, 0x00, 
	0x00, 0x00, 0x00, 0x00, 0x00, 0x00, 0x00, 0x00, 0x00, 0x00, 0x00, 0x00, 0x00, 0x00, 0x00, 0x00, 
	0x00, 0x00, 0x00, 0x00, 0x00, 0x00, 0x00, 0x00, 0x00, 0x00, 0x00, 0x00, 0x00, 0x00, 0x00, 0x00, 
	0x00, 0x00, 0x00, 0x00, 0x00, 0x00, 0x00, 0x00, 0x00, 0x00, 0x00, 0x00, 0x00, 0x00, 0x00, 0x00, 
	0x00, 0x00, 0x00, 0x00, 0x00, 0x00, 0x00, 0x00, 0x00, 0x00, 0x00, 0x00, 0x00, 0x00, 0x00, 0x00, 
	0x00, 0x00, 0x00, 0x00, 0x00, 0x00, 0x00, 0x00, 0x00, 0x00, 0x00, 0x00, 0x00, 0x00, 0x00, 0x00, 
	0x00, 0x00, 0x00, 0x00, 0x00, 0x00, 0x00, 0x00, 0x00, 0x00, 0x00, 0x00, 0x00, 0x00, 0x00, 0x00, 
	0x00, 0x00, 0x00, 0x00, 0x00, 0x00, 0x00, 0x00, 0x00, 0x00, 0x00, 0x00, 0x00, 0x00, 0x00, 0x00, 
	0x00, 0x00, 0x00, 0x00, 0x00, 0x00, 0x00, 0x00, 0x00, 0x00, 0x00, 0x00, 0x00, 0x00, 0x00, 0x00, 
	0x00, 0x00, 0x00, 0x00, 0x00, 0x00, 0x00, 0x00, 0x00, 0x00, 0x00, 0x00, 0x00, 0x00, 0x00, 0x00, 
	0x00, 0x00, 0x00, 0x00, 0x00, 0x00, 0x00, 0x00, 0x00, 0x00, 0x00, 0x00, 0x00, 0x00, 0x00, 0x00, 
	0x00, 0x00, 0x00, 0x00, 0x00, 0x00, 0x00, 0x00, 0x00, 0x00, 0x00, 0x00, 0x00, 0x00, 0x00, 0x00, 
	0x00, 0x00, 0x00, 0x00, 0x00, 0x00, 0x00, 0x00, 0x00, 0x00, 0x00, 0x00, 0x00, 0x00, 0x00, 0x00, 
	0x00, 0x00, 0x00, 0x00, 0x00, 0x00, 0x00, 0x00, 0x00, 0x00, 0x00, 0x00, 0x00, 0x00, 0x00, 0x00, 
	0x00, 0x00, 0x00, 0x00, 0x00, 0x00, 0x00, 0x00, 0x00, 0x00, 0x00, 0x00, 0x00, 0x00, 0x00, 0x00, 
	0x00, 0x00, 0x00, 0x00, 0x00, 0x00, 0x00, 0x00, 0x00, 0x00, 0x00, 0x00, 0x00, 0x00, 0x00, 0x00, 
	0x00, 0x00, 0x00, 0x00, 0x00, 0x00, 0x00, 0x00, 0x00, 0x00, 0x00, 0x00, 0x00, 0x00, 0x00, 0x00, 
	0x00, 0x00, 0x00, 0x00, 0x00, 0x00, 0x00, 0x00, 0x00, 0x00, 0x00, 0x00, 0x00, 0x00, 0x00, 0x00, 
	0x00, 0x00, 0x00, 0x00, 0x00, 0x00, 0x00, 0x00, 0x00, 0x00, 0x00, 0x00, 0x00, 0x00, 0x00, 0x00, 
	0x00, 0x00, 0x00, 0x00, 0x00, 0x00, 0x00, 0x00, 0x00, 0x00, 0x00, 0x00, 0x00, 0x00, 0x00, 0x00, 
	0x00, 0x00, 0x00, 0x00, 0x00, 0x00, 0x00, 0x00, 0x00, 0x00, 0x00, 0x00, 0x00, 0x00, 0x00, 0x00, 
	0x00, 0x00, 0x00, 0x00, 0x00, 0x00, 0x00, 0x00, 0x00, 0x00, 0x00, 0x00, 0x00, 0x00, 0x00, 0x00, 
	0x00, 0x00, 0x00, 0x00, 0x00, 0x00, 0x00, 0x00, 0x00, 0x00, 0x00, 0x00, 0x00, 0x00, 0x00, 0x00, 
	0x00, 0x00, 0x00, 0x00, 0x00, 0x00, 0x00, 0x00, 0x00, 0x00, 0x00, 0x00, 0x00, 0x00, 0x00, 0x00, 
	0x00, 0x00, 0x00, 0x00, 0x00, 0x00, 0x00, 0x00, 0x00, 0x00, 0x00, 0x00, 0x00, 0x00, 0x00, 0x00, 
	0x00, 0x00, 0x00, 0x00, 0x00, 0x00, 0x00, 0x00, 0x00, 0x00, 0x00, 0x00, 0x00, 0x00, 0x00, 0x00, 
	0x00, 0x00, 0x00, 0x00, 0x00, 0x00, 0x00, 0x00, 0x00, 0x00, 0x09, 0x4A, 0x09, 0xCD, 0x09, 0xCD, 
	0x09, 0xCD, 0x09, 0xCD, 0x09, 0xCD, 0x09, 0xCD, 0x09, 0xCD, 0x00, 0x00, 0x00, 0x00, 0x00, 0x00, 
	0x00, 0x00, 0x00, 0x00, 0x00, 0x00, 0x00, 0x00, 0x00, 0x00, 0x00, 0x00, 0x00, 0x00, 0x00, 0x00, 
	0x00, 0x00, 0x00, 0x00, 0x00, 0x00, 0x00, 0x00, 0x00, 0xA5, 0x09, 0xCD, 0x09, 0xCD, 0x09, 0xCD, 
	0x09, 0xCD, 0x09, 0xCD, 0x09, 0xCD, 0x09, 0xCD, 0x09, 0xCD, 0x09, 0xCD, 0x09, 0xCD, 0x09, 0xCD, 
	0x09, 0xCD, 0x09, 0xCD, 0x09, 0xCD, 0x09, 0xCD, 0x09, 0xCD, 0x09, 0xCD, 0x09, 0xCD, 0x09, 0xCD, 
	0x09, 0xCD, 0x09, 0xCD, 0x09, 0xCD, 0x09, 0xCD, 0x09, 0xCD, 0x09, 0xCD, 0x09, 0xCD, 0x09, 0xCD, 
	0x09, 0xCD, 0x09, 0xCD, 0x09, 0xCD, 0x09, 0xCD, 0x09, 0xCD, 0x09, 0xCD, 0x09, 0xCD, 0x09, 0xCD, 
	0x09, 0xCD, 0x09, 0xCD, 0x09, 0xCD, 0x09, 0xCD, 0x09, 0xCD, 0x09, 0xCD, 0x09, 0xCD, 0x09, 0xCD, 
	0x09, 0xCD, 0x09, 0xCD, 0x09, 0xCD, 0x09, 0xCD, 0x09, 0xCD, 0x00, 0x00, 0x00, 0x00, 0x00, 0x00, 
	0x00, 0x00, 0x00, 0x00, 0x00, 0x00, 0x00, 0x00, 0x00, 0x00, 0x00, 0x00, 0x00, 0x00, 0x00, 0x00, 
	0x00, 0x00, 0x00, 0x00, 0x00, 0x00, 0x00, 0x00, 0x00, 0x00, 0x00, 0x00, 0x00, 0x00, 0x00, 0x00, 
	0x00, 0x00, 0x00, 0x00, 0x00, 0x00, 0x00, 0x00, 0x00, 0x00, 0x00, 0x00, 0x00, 0x00, 0x00, 0x00, 
	0x00, 0x00, 0x00, 0x00, 0x00, 0x00, 0x00, 0x00, 0x00, 0x00, 0x00, 0x00, 0x00, 0x00, 0x00, 0x00, 
	0x00, 0x00, 0x00, 0x00, 0x00, 0x00, 0x00, 0x00, 0x00, 0x00, 0x00, 0x00, 0x00, 0x00, 0x00, 0x00, 
	0x00, 0x00, 0x00, 0x00, 0x00, 0x00, 0x00, 0x00, 0x00, 0x00, 0x00, 0x00, 0x00, 0x00, 0x00, 0x00, 
	0x00, 0x00, 0x00, 0x00, 0x00, 0x00, 0x00, 0x00, 0x00, 0x00, 0x00, 0x00, 0x00, 0x00, 0x00, 0x00, 
	0x00, 0x00, 0x00, 0x00, 0x00, 0x00, 0x00, 0x00, 0x00, 0x00, 0x00, 0x00, 0x00, 0x00, 0x00, 0x00, 
	0x00, 0x00, 0x00, 0x00, 0x00, 0x00, 0x00, 0x00, 0x00, 0x00, 0x00, 0x00, 0x00, 0x00, 0x00, 0x00, 
	0x00, 0x00, 0x00, 0x00, 0x00, 0x00, 0x00, 0x00, 0x00, 0x00, 0x00, 0x00, 0x00, 0x00, 0x00, 0x00, 
	0x00, 0x00, 0x00, 0x00, 0x00, 0x00, 0x00, 0x00, 0x00, 0x00, 0x00, 0x00, 0x00, 0x00, 0x00, 0x00, 
	0x00, 0x00, 0x00, 0x00, 0x00, 0x00, 0x00, 0x00, 0x00, 0x00, 0x00, 0x00, 0x00, 0x00, 0x00, 0x00, 
	0x00, 0x00, 0x00, 0x00, 0x00, 0x00, 0x00, 0x00, 0x00, 0x00, 0x00, 0x00, 0x00, 0x00, 0x00, 0x00, 
	0x00, 0x00, 0x00, 0x00, 0x00, 0x00, 0x00, 0x00, 0x00, 0x00, 0x00, 0x00, 0x00, 0x00, 0x00, 0x00, 
	0x00, 0x00, 0x00, 0x00, 0x00, 0x00, 0x00, 0x00, 0x00, 0x00, 0x00, 0x00, 0x00, 0x00, 0x00, 0x00, 
	0x00, 0x00, 0x00, 0x00, 0x00, 0x00, 0x00, 0x00, 0x00, 0x00, 0x00, 0x00, 0x00, 0x00, 0x00, 0x00, 
	0x00, 0x00, 0x00, 0x00, 0x00, 0x00, 0x00, 0x00, 0x00, 0x00, 0x00, 0x00, 0x00, 0x00, 0x00, 0x00, 
	0x00, 0x00, 0x00, 0x00, 0x00, 0x00, 0x00, 0x00, 0x00, 0x00, 0x00, 0x00, 0x00, 0x00, 0x00, 0x00, 
	0x00, 0x00, 0x00, 0x00, 0x00, 0x00, 0x00, 0x00, 0x00, 0x00, 0x00, 0x00, 0x00, 0x00, 0x00, 0x00, 
	0x00, 0x00, 0x00, 0x00, 0x00, 0x00, 0x00, 0x00, 0x00, 0x00, 0x00, 0x00, 0x00, 0x00, 0x00, 0x00, 
	0x00, 0x00, 0x00, 0x00, 0x00, 0x00, 0x00, 0x00, 0x00, 0x00, 0x00, 0x00, 0x00, 0x00, 0x00, 0x00, 
	0x00, 0x00, 0x00, 0x00, 0x00, 0x00, 0x00, 0x00, 0x00, 0x00, 0x00, 0x00, 0x00, 0x00, 0x00, 0x00, 
	0x00, 0x00, 0x00, 0x00, 0x00, 0x00, 0x00, 0x00, 0x00, 0x00, 0x00, 0x00, 0x00, 0x00, 0x00, 0x00, 
	0x00, 0x00, 0x00, 0x00, 0x00, 0x00, 0x00, 0x00, 0x00, 0x00, 0x00, 0x00, 0x00, 0x00, 0x00, 0x00, 
	0x00, 0x00, 0x00, 0x00, 0x00, 0x00, 0x00, 0x00, 0x00, 0x00, 0x00, 0x00, 0x00, 0x00, 0x00, 0x00, 
	0x00, 0x00, 0x00, 0x00, 0x00, 0x00, 0x00, 0x00, 0x00, 0x00, 0x00, 0x00, 0x00, 0x00, 0x00, 0x00, 
	0x00, 0x00, 0x00, 0x00, 0x00, 0x00, 0x00, 0x00, 0x00, 0x00, 0x00, 0x00, 0x00, 0x00, 0x00, 0x00, 
	0x00, 0x00, 0x00, 0x00, 0x00, 0x00, 0x00, 0x00, 0x00, 0x00, 0x00, 0x00, 0x00, 0x00, 0x00, 0x00, 
	0x00, 0x00, 0x00, 0x00, 0x00, 0x00, 0x00, 0x00, 0x00, 0x00, 0x00, 0x00, 0x00, 0x00, 0x00, 0x00, 
	0x00, 0x00, 0x00, 0x00, 0x00, 0x00, 0x00, 0x00, 0x00, 0x00, 0x00, 0x00, 0x00, 0x00, 0x00, 0x00, 
	0x00, 0x00, 0x00, 0x00, 0x00, 0x00, 0x00, 0x00, 0x00, 0x00, 0x09, 0x4A, 0x09, 0xCD, 0x09, 0xCD, 
	0x09, 0xCD, 0x09, 0xCD, 0x09, 0xCD, 0x09, 0xCD, 0x09, 0xCD, 0x00, 0x00, 0x00, 0x00, 0x00, 0x00, 
	0x00, 0x00, 0x00, 0x00, 0x00, 0x00, 0x00, 0x00, 0x00, 0x00, 0x00, 0x00, 0x00, 0x00, 0x00, 0x00, 
	0x00, 0x00, 0x00, 0x00, 0x00, 0x00, 0x00, 0x00, 0x00, 0x00, 0x00, 0x00, 0x00, 0x00, 0x00, 0x00, 
	0x00, 0x00, 0x00, 0x00, 0x00, 0x00, 0x00, 0x00, 0x00, 0x00, 0x00, 0x00, 0x00, 0x00, 0x00, 0x00, 
	0x00, 0x00, 0x00, 0x00, 0x00, 0x00, 0x00, 0x00, 0x00, 0x00, 0x00, 0x00, 0x00, 0x00, 0x00, 0x00, 
	0x00, 0x00, 0x00, 0x00, 0x00, 0x00, 0x00, 0x00, 0x00, 0x00, 0x00, 0x00, 0x00, 0x63, 0x09, 0x4A, 
	0x09, 0xCD, 0x09, 0xCD, 0x09, 0xCD, 0x09, 0xCD, 0x09, 0xCD, 0x09, 0xCD, 0x09, 0xCD, 0x09, 0xCD, 
	0x09, 0xCD, 0x09, 0xCD, 0x09, 0xCD, 0x09, 0xCD, 0x09, 0xCD, 0x09, 0xCD, 0x09, 0xCD, 0x09, 0xCD, 
	0x09, 0xCD, 0x09, 0xCD, 0x09, 0xCD, 0x09, 0xCD, 0x09, 0xCD, 0x09, 0xCD, 0x00, 0x63, 0x00, 0x00, 
	0x00, 0x00, 0x00, 0x00, 0x00, 0x00, 0x00, 0x00, 0x00, 0x00, 0x00, 0x00, 0x00, 0x00, 0x00, 0x00, 
	0x00, 0x00, 0x00, 0x00, 0x00, 0x00, 0x00, 0x00, 0x00, 0x00, 0x00, 0x00, 0x00, 0x00, 0x00, 0x00, 
	0x00, 0x00, 0x00, 0x00, 0x00, 0x00, 0x00, 0x00, 0x00, 0x00, 0x00, 0x00, 0x00, 0x00, 0x00, 0x00, 
	0x00, 0x00, 0x00, 0x00, 0x00, 0x00, 0x00, 0x00, 0x00, 0x00, 0x00, 0x00, 0x00, 0x00, 0x00, 0x00, 
	0x00, 0x00, 0x00, 0x00, 0x00, 0x00, 0x00, 0x00, 0x00, 0x00, 0x00, 0x00, 0x00, 0x00, 0x00, 0x00, 
	0x00, 0x00, 0x00, 0x00, 0x00, 0x00, 0x00, 0x00, 0x00, 0x00, 0x00, 0x00, 0x00, 0x00, 0x00, 0x00, 
	0x00, 0x00, 0x00, 0x00, 0x00, 0x00, 0x00, 0x00, 0x00, 0x00, 0x00, 0x00, 0x00, 0x00, 0x00, 0x00, 
	0x00, 0x00, 0x00, 0x00, 0x00, 0x00, 0x00, 0x00, 0x00, 0x00, 0x00, 0x00, 0x00, 0x00, 0x00, 0x00, 
	0x00, 0x00, 0x00, 0x00, 0x00, 0x00, 0x00, 0x00, 0x00, 0x00, 0x00, 0x00, 0x00, 0x00, 0x00, 0x00, 
	0x00, 0x00, 0x00, 0x00, 0x00, 0x00, 0x00, 0x00, 0x00, 0x00, 0x00, 0x00, 0x00, 0x00, 0x00, 0x00, 
	0x00, 0x00, 0x00, 0x00, 0x00, 0x00, 0x00, 0x00, 0x00, 0x00, 0x00, 0x00, 0x00, 0x00, 0x00, 0x00, 
	0x00, 0x00, 0x00, 0x00, 0x00, 0x00, 0x00, 0x00, 0x00, 0x00, 0x00, 0x00, 0x00, 0x00, 0x00, 0x00, 
	0x00, 0x00, 0x00, 0x00, 0x00, 0x00, 0x00, 0x00, 0x00, 0x00, 0x00, 0x00, 0x00, 0x00, 0x00, 0x00, 
	0x00, 0x00, 0x00, 0x00, 0x00, 0x00, 0x00, 0x00, 0x00, 0x00, 0x00, 0x00, 0x00, 0x00, 0x00, 0x00, 
	0x00, 0x00, 0x00, 0x00, 0x00, 0x00, 0x00, 0x00, 0x00, 0x00, 0x00, 0x00, 0x00, 0x00, 0x00, 0x00, 
	0x00, 0x00, 0x00, 0x00, 0x00, 0x00, 0x00, 0x00, 0x00, 0x00, 0x00, 0x00, 0x00, 0x00, 0x00, 0x00, 
	0x00, 0x00, 0x00, 0x00, 0x00, 0x00, 0x00, 0x00, 0x00, 0x00, 0x00, 0x00, 0x00, 0x00, 0x00, 0x00, 
	0x00, 0x00, 0x00, 0x00, 0x00, 0x00, 0x00, 0x00, 0x00, 0x00, 0x00, 0x00, 0x00, 0x00, 0x00, 0x00, 
	0x00, 0x00, 0x00, 0x00, 0x00, 0x00, 0x00, 0x00, 0x00, 0x00, 0x00, 0x00, 0x00, 0x00, 0x00, 0x00, 
	0x00, 0x00, 0x00, 0x00, 0x00, 0x00, 0x00, 0x00, 0x00, 0x00, 0x00, 0x00, 0x00, 0x00, 0x00, 0x00, 
	0x00, 0x00, 0x00, 0x00, 0x00, 0x00, 0x00, 0x00, 0x00, 0x00, 0x00, 0x00, 0x00, 0x00, 0x00, 0x00, 
	0x00, 0x00, 0x00, 0x00, 0x00, 0x00, 0x00, 0x00, 0x00, 0x00, 0x00, 0x00, 0x00, 0x00, 0x00, 0x00, 
	0x00, 0x00, 0x00, 0x00, 0x00, 0x00, 0x00, 0x00, 0x00, 0x00, 0x00, 0x00, 0x00, 0x00, 0x00, 0x00, 
	0x00, 0x00, 0x00, 0x00, 0x00, 0x00, 0x00, 0x00, 0x00, 0x00, 0x00, 0x00, 0x00, 0x00, 0x00, 0x00, 
	0x00, 0x00, 0x00, 0x00, 0x00, 0x00, 0x00, 0x00, 0x00, 0x00, 0x00, 0x00, 0x00, 0x00, 0x00, 0x00, 
	0x00, 0x00, 0x00, 0x00, 0x00, 0x00, 0x00, 0x00, 0x00, 0x00, 0x00, 0x00, 0x00, 0x00, 0x00, 0x00, 
	0x00, 0x00, 0x00, 0x00, 0x00, 0x00, 0x00, 0x00, 0x00, 0x00, 0x00, 0x00, 0x00, 0x00, 0x00, 0x00, 
	0x00, 0x00, 0x00, 0x00, 0x00, 0x00, 0x00, 0x00, 0x00, 0x00, 0x00, 0x00, 0x00, 0x00, 0x00, 0x00, 
	0x00, 0x00, 0x00, 0x00, 0x00, 0x00, 0x00, 0x00, 0x00, 0x00, 0x00, 0x00, 0x00, 0x00, 0x00, 0x00, 
	0x00, 0x00, 0x00, 0x00, 0x00, 0x00, 0x00, 0x00, 0x00, 0x00, 0x00, 0x00, 0x00, 0x00, 0x00, 0x00, 
	0x00, 0x00, 0x00, 0x00, 0x00, 0x00, 0x00, 0x00, 0x00, 0x00, 0x09, 0x4A, 0x09, 0xCD, 0x09, 0xCD, 
	0x09, 0xCD, 0x09, 0xCD, 0x09, 0xCD, 0x09, 0xCD, 0x09, 0xCD, 0x00, 0x00, 0x00, 0x00, 0x00, 0x00, 
	0x00, 0x00, 0x00, 0x00, 0x00, 0x00, 0x00, 0x00, 0x00, 0x00, 0x00, 0x00, 0x00, 0x00, 0x00, 0x00, 
	0x00, 0x00, 0x00, 0x00, 0x00, 0x00, 0x00, 0x00, 0x00, 0x00, 0x00, 0x00, 0x00, 0x00, 0x00, 0x00, 
	0x00, 0x00, 0x00, 0x00, 0x00, 0x00, 0x00, 0x00, 0x00, 0x00, 0x00, 0x00, 0x00, 0x00, 0x00, 0x00, 
	0x00, 0x00, 0x00, 0x00, 0x00, 0x00, 0x00, 0x00, 0x00, 0x00, 0x00, 0x00, 0x00, 0x00, 0x00, 0x00, 
	0x00, 0x00, 0x00, 0x00, 0x00, 0x00, 0x00, 0x00, 0x00, 0x00, 0x00, 0x00, 0x00, 0x00, 0x00, 0x00, 
	0x00, 0x00, 0x00, 0x00, 0x00, 0x00, 0x00, 0x00, 0x00, 0xE6, 0x09, 0xCD, 0x09, 0xCD, 0x09, 0xCD, 
	0x09, 0xCD, 0x09, 0xCD, 0x09, 0xCD, 0x09, 0xCD, 0x09, 0xCD, 0x09, 0xCD, 0x09, 0xCD, 0x09, 0xCD, 
	0x09, 0xCD, 0x09, 0xCD, 0x09, 0xCD, 0x09, 0xCD, 0x09, 0xCD, 0x09, 0xCD, 0x09, 0xCD, 0x09, 0xAC, 
	0x00, 0x00, 0x00, 0x00, 0x00, 0x00, 0x00, 0x00, 0x00, 0x00, 0x00, 0x00, 0x00, 0x00, 0x00, 0x00, 
	0x00, 0x00, 0x00, 0x00, 0x00, 0x00, 0x00, 0x00, 0x00, 0x00, 0x00, 0x00, 0x00, 0x00, 0x00, 0x00, 
	0x00, 0x00, 0x00, 0x00, 0x00, 0x00, 0x00, 0x00, 0x00, 0x00, 0x00, 0x00, 0x00, 0x00, 0x00, 0x00, 
	0x00, 0x00, 0x00, 0x00, 0x00, 0x00, 0x00, 0x00, 0x00, 0x00, 0x00, 0x00, 0x00, 0x00, 0x00, 0x00, 
	0x00, 0x00, 0x00, 0x00, 0x00, 0x00, 0x00, 0x00, 0x00, 0x00, 0x00, 0x00, 0x00, 0x00, 0x00, 0x00, 
	0x00, 0x00, 0x00, 0x00, 0x00, 0x00, 0x00, 0x00, 0x00, 0x00, 0x00, 0x00, 0x00, 0x00, 0x00, 0x00, 
	0x00, 0x00, 0x00, 0x00, 0x00, 0x00, 0x00, 0x00, 0x00, 0x00, 0x00, 0x00, 0x00, 0x00, 0x00, 0x00, 
	0x00, 0x00, 0x00, 0x00, 0x00, 0x00, 0x00, 0x00, 0x00, 0x00, 0x00, 0x00, 0x00, 0x00, 0x00, 0x00, 
	0x00, 0x00, 0x00, 0x00, 0x00, 0x00, 0x00, 0x00, 0x00, 0x00, 0x00, 0x00, 0x00, 0x00, 0x00, 0x00, 
	0x00, 0x00, 0x00, 0x00, 0x00, 0x00, 0x00, 0x00, 0x00, 0x00, 0x00, 0x00, 0x00, 0x00, 0x00, 0x00, 
	0x00, 0x00, 0x00, 0x00, 0x00, 0x00, 0x00, 0x00, 0x00, 0x00, 0x00, 0x00, 0x00, 0x00, 0x00, 0x00, 
	0x00, 0x00, 0x00, 0x00, 0x00, 0x00, 0x00, 0x00, 0x00, 0x00, 0x00, 0x00, 0x00, 0x00, 0x00, 0x00, 
	0x00, 0x00, 0x00, 0x00, 0x00, 0x00, 0x00, 0x00, 0x00, 0x00, 0x00, 0x00, 0x00, 0x00, 0x00, 0x00, 
	0x00, 0x00, 0x00, 0x00, 0x00, 0x00, 0x00, 0x00, 0x00, 0x00, 0x00, 0x00, 0x00, 0x00, 0x00, 0x00, 
	0x00, 0x00, 0x00, 0x00, 0x00, 0x00, 0x00, 0x00, 0x00, 0x00, 0x00, 0x00, 0x00, 0x00, 0x00, 0x00, 
	0x00, 0x00, 0x00, 0x00, 0x00, 0x00, 0x00, 0x00, 0x00, 0x00, 0x00, 0x00, 0x00, 0x00, 0x00, 0x00, 
	0x00, 0x00, 0x00, 0x00, 0x00, 0x00, 0x00, 0x00, 0x00, 0x00, 0x00, 0x00, 0x00, 0x00, 0x00, 0x00, 
	0x00, 0x00, 0x00, 0x00, 0x00, 0x00, 0x00, 0x00, 0x00, 0x00, 0x00, 0x00, 0x00, 0x00, 0x00, 0x00, 
	0x00, 0x00, 0x00, 0x00, 0x00, 0x00, 0x00, 0x00, 0x00, 0x00, 0x00, 0x00, 0x00, 0x00, 0x00, 0x00, 
	0x00, 0x00, 0x00, 0x00, 0x00, 0x00, 0x00, 0x00, 0x00, 0x00, 0x00, 0x00, 0x00, 0x00, 0x00, 0x00, 
	0x00, 0x00, 0x00, 0x00, 0x00, 0x00, 0x00, 0x00, 0x00, 0x00, 0x00, 0x00, 0x00, 0x00, 0x00, 0x00, 
	0x00, 0x00, 0x00, 0x00, 0x00, 0x00, 0x00, 0x00, 0x00, 0x00, 0x00, 0x00, 0x00, 0x00, 0x00, 0x00, 
	0x00, 0x00, 0x00, 0x00, 0x00, 0x00, 0x00, 0x00, 0x00, 0x00, 0x00, 0x00, 0x00, 0x00, 0x00, 0x00, 
	0x00, 0x00, 0x00, 0x00, 0x00, 0x00, 0x00, 0x00, 0x00, 0x00, 0x00, 0x00, 0x00, 0x00, 0x00, 0x00, 
	0x00, 0x00, 0x00, 0x00, 0x00, 0x00, 0x00, 0x00, 0x00, 0x00, 0x00, 0x00, 0x00, 0x00, 0x00, 0x00, 
	0x00, 0x00, 0x00, 0x00, 0x00, 0x00, 0x00, 0x00, 0x00, 0x00, 0x00, 0x00, 0x00, 0x00, 0x00, 0x00, 
	0x00, 0x00, 0x00, 0x00, 0x00, 0x00, 0x00, 0x00, 0x00, 0x00, 0x00, 0x00, 0x00, 0x00, 0x00, 0x00, 
	0x00, 0x00, 0x00, 0x00, 0x00, 0x00, 0x00, 0x00, 0x00, 0x00, 0x00, 0x00, 0x00, 0x00, 0x00, 0x00, 
	0x00, 0x00, 0x00, 0x00, 0x00, 0x00, 0x00, 0x00, 0x00, 0x00, 0x00, 0x00, 0x00, 0x00, 0x00, 0x00, 
	0x00, 0x00, 0x00, 0x00, 0x00, 0x00, 0x00, 0x00, 0x00, 0x00, 0x00, 0x00, 0x00, 0x00, 0x00, 0x00, 
	0x00, 0x00, 0x00, 0x00, 0x00, 0x00, 0x00, 0x00, 0x00, 0x00, 0x00, 0x00, 0x09, 0xCD, 0x09, 0xCD, 
	0x09, 0xCD, 0x09, 0xCD, 0x09, 0xCD, 0x09, 0xCD, 0x00, 0xA5, 0x00, 0x00, 0x00, 0x00, 0x00, 0x00, 
	0x00, 0x00, 0x00, 0x00, 0x00, 0x00, 0x00, 0x00, 0x00, 0x00, 0x00, 0x00, 0x00, 0x00, 0x00, 0x00, 
	0x00, 0x00, 0x00, 0x00, 0x00, 0x00, 0x00, 0x00, 0x00, 0x00, 0x00, 0x00, 0x00, 0x00, 0x00, 0x00, 
	0x00, 0x00, 0x00, 0x00, 0x00, 0x00, 0x00, 0x00, 0x00, 0x00, 0x00, 0x00, 0x00, 0x00, 0x00, 0x00, 
	0x00, 0x00, 0x00, 0x00, 0x00, 0x00, 0x00, 0x00, 0x00, 0x00, 0x00, 0x00, 0x00, 0x00, 0x00, 0x00, 
	0x00, 0x00, 0x00, 0x00, 0x00, 0x00, 0x00, 0x00, 0x00, 0x00, 0x00, 0x00, 0x00, 0x00, 0x00, 0x00, 
	0x00, 0x00, 0x00, 0x00, 0x00, 0x00, 0x00, 0x00, 0x00, 0x00, 0x00, 0x00, 0x00, 0x00, 0x00, 0x00, 
	0x00, 0x21, 0x09, 0xCD, 0x09, 0xCD, 0x09, 0xCD, 0x09, 0xCD, 0x09, 0xCD, 0x09, 0xCD, 0x09, 0xCD, 
	0x09, 0xCD, 0x09, 0xCD, 0x09, 0xCD, 0x09, 0xCD, 0x09, 0xCD, 0x09, 0xCD, 0x09, 0xCD, 0x09, 0xCD, 
	0x09, 0xCD, 0x09, 0xAC, 0x00, 0x00, 0x00, 0x00, 0x00, 0x00, 0x00, 0x00, 0x00, 0x00, 0x00, 0x00, 
	0x00, 0x00, 0x00, 0x00, 0x00, 0x00, 0x00, 0x00, 0x00, 0x00, 0x00, 0x00, 0x00, 0x00, 0x00, 0x00, 
	0x00, 0x00, 0x00, 0x00, 0x00, 0x00, 0x00, 0x00, 0x00, 0x00, 0x00, 0x00, 0x00, 0x00, 0x00, 0x00, 
	0x00, 0x00, 0x00, 0x00, 0x00, 0x00, 0x00, 0x00, 0x00, 0x00, 0x00, 0x00, 0x00, 0x00, 0x00, 0x00, 
	0x00, 0x00, 0x00, 0x00, 0x00, 0x00, 0x00, 0x00, 0x00, 0x00, 0x00, 0x00, 0x00, 0x00, 0x00, 0x00, 
	0x00, 0x00, 0x00, 0x00, 0x00, 0x00, 0x00, 0x00, 0x00, 0x00, 0x00, 0x00, 0x00, 0x00, 0x00, 0x00, 
	0x00, 0x00, 0x00, 0x00, 0x00, 0x00, 0x00, 0x00, 0x00, 0x00, 0x00, 0x00, 0x00, 0x00, 0x00, 0x00, 
	0x00, 0x00, 0x00, 0x00, 0x00, 0x00, 0x00, 0x00, 0x00, 0x00, 0x00, 0x00, 0x00, 0x00, 0x00, 0x00, 
	0x00, 0x00, 0x00, 0x00, 0x00, 0x00, 0x00, 0x00, 0x00, 0x00, 0x00, 0x00, 0x00, 0x00, 0x00, 0x00, 
	0x00, 0x00, 0x00, 0x00, 0x00, 0x00, 0x00, 0x00, 0x00, 0x00, 0x00, 0x00, 0x00, 0x00, 0x00, 0x00, 
	0x00, 0x00, 0x00, 0x00, 0x00, 0x00, 0x00, 0x00, 0x00, 0x00, 0x00, 0x00, 0x00, 0x00, 0x00, 0x00, 
	0x00, 0x00, 0x00, 0x00, 0x00, 0x00, 0x00, 0x00, 0x00, 0x00, 0x00, 0x00, 0x00, 0x00, 0x00, 0x00, 
	0x00, 0x00, 0x00, 0x00, 0x00, 0x00, 0x00, 0x00, 0x00, 0x00, 0x00, 0x00, 0x00, 0x00, 0x00, 0x00, 
	0x00, 0x00, 0x00, 0x00, 0x00, 0x00, 0x00, 0x00, 0x00, 0x00, 0x00, 0x00, 0x00, 0x00, 0x00, 0x00, 
	0x00, 0x00, 0x00, 0x00, 0x00, 0x00, 0x00, 0x00, 0x00, 0x00, 0x00, 0x00, 0x00, 0x00, 0x00, 0x00, 
	0x00, 0x00, 0x00, 0x00, 0x00, 0x00, 0x00, 0x00, 0x00, 0x00, 0x00, 0x00, 0x00, 0x00, 0x00, 0x00, 
	0x00, 0x00, 0x00, 0x00, 0x00, 0x00, 0x00, 0x00, 0x00, 0x00, 0x00, 0x00, 0x00, 0x00, 0x00, 0x00, 
	0x00, 0x00, 0x00, 0x00, 0x00, 0x00, 0x00, 0x00, 0x00, 0x00, 0x00, 0x00, 0x00, 0x00, 0x00, 0x00, 
	0x00, 0x00, 0x00, 0x00, 0x00, 0x00, 0x00, 0x00, 0x00, 0x00, 0x00, 0x00, 0x00, 0x00, 0x00, 0x00, 
	0x00, 0x00, 0x00, 0x00, 0x00, 0x00, 0x00, 0x00, 0x00, 0x00, 0x00, 0x00, 0x00, 0x00, 0x00, 0x00, 
	0x00, 0x00, 0x00, 0x00, 0x00, 0x00, 0x00, 0x00, 0x00, 0x00, 0x00, 0x00, 0x00, 0x00, 0x00, 0x00, 
	0x00, 0x00, 0x00, 0x00, 0x00, 0x00, 0x00, 0x00, 0x00, 0x00, 0x00, 0x00, 0x00, 0x00, 0x00, 0x00, 
	0x00, 0x00, 0x00, 0x00, 0x00, 0x00, 0x00, 0x00, 0x00, 0x00, 0x00, 0x00, 0x00, 0x00, 0x00, 0x00, 
	0x00, 0x00, 0x00, 0x00, 0x00, 0x00, 0x00, 0x00, 0x00, 0x00, 0x00, 0x00, 0x00, 0x00, 0x00, 0x00, 
	0x00, 0x00, 0x00, 0x00, 0x00, 0x00, 0x00, 0x00, 0x00, 0x00, 0x00, 0x00, 0x00, 0x00, 0x00, 0x00, 
	0x00, 0x00, 0x00, 0x00, 0x00, 0x00, 0x00, 0x00, 0x00, 0x00, 0x00, 0x00, 0x00, 0x00, 0x00, 0x00, 
	0x00, 0x00, 0x00, 0x00, 0x00, 0x00, 0x00, 0x00, 0x00, 0x00, 0x00, 0x00, 0x00, 0x00, 0x00, 0x00, 
	0x00, 0x00, 0x00, 0x00, 0x00, 0x00, 0x00, 0x00, 0x00, 0x00, 0x00, 0x00, 0x00, 0x00, 0x00, 0x00, 
	0x00, 0x00, 0x00, 0x00, 0x00, 0x00, 0x00, 0x00, 0x00, 0x00, 0x00, 0x00, 0x00, 0x00, 0x00, 0x00, 
	0x00, 0x00, 0x00, 0x00, 0x00, 0x00, 0x00, 0x00, 0x00, 0x00, 0x00, 0x00, 0x00, 0x00, 0x00, 0x00, 
	0x00, 0x00, 0x00, 0x00, 0x00, 0x00, 0x00, 0x00, 0x00, 0x00, 0x00, 0x00, 0x09, 0xCD, 0x09, 0xCD, 
	0x09, 0xCD, 0x09, 0xCD, 0x09, 0xCD, 0x09, 0xCD, 0x00, 0x00, 0x00, 0x00, 0x00, 0x00, 0x00, 0x00, 
	0x00, 0x00, 0x00, 0x00, 0x00, 0x00, 0x00, 0x00, 0x00, 0x00, 0x00, 0x00, 0x00, 0x00, 0x00, 0x00, 
	0x00, 0x00, 0x00, 0x00, 0x00, 0x00, 0x00, 0x00, 0x00, 0x00, 0x00, 0x00, 0x00, 0x00, 0x00, 0x00, 
	0x00, 0x00, 0x00, 0x00, 0x00, 0x00, 0x00, 0x00, 0x00, 0x00, 0x00, 0x00, 0x00, 0x00, 0x00, 0x00, 
	0x00, 0x00, 0x00, 0x00, 0x00, 0x00, 0x00, 0x00, 0x00, 0x00, 0x00, 0x00, 0x00, 0x00, 0x00, 0x00, 
	0x00, 0x00, 0x00, 0x00, 0x00, 0x00, 0x00, 0x00, 0x00, 0x00, 0x00, 0x00, 0x00, 0x00, 0x00, 0x00, 
	0x00, 0x00, 0x00, 0x00, 0x00, 0x00, 0x00, 0x00, 0x00, 0x00, 0x00, 0x00, 0x00, 0x00, 0x00, 0x00, 
	0x00, 0x00, 0x00, 0x00, 0x00, 0x00, 0x09, 0x6B, 0x09, 0xCD, 0x09, 0xCD, 0x09, 0xCD, 0x09, 0xCD, 
	0x09, 0xCD, 0x09, 0xCD, 0x09, 0xCD, 0x09, 0xCD, 0x09, 0xCD, 0x09, 0xCD, 0x09, 0xCD, 0x09, 0xCD, 
	0x09, 0xCD, 0x09, 0xCD, 0x09, 0xCD, 0x00, 0x00, 0x00, 0x00, 0x00, 0x00, 0x00, 0x00, 0x00, 0x00, 
	0x00, 0x00, 0x00, 0x00, 0x00, 0x00, 0x00, 0x00, 0x00, 0x00, 0x00, 0x00, 0x00, 0x00, 0x00, 0x00, 
	0x00, 0x00, 0x00, 0x00, 0x00, 0x00, 0x00, 0x00, 0x00, 0x00, 0x00, 0x00, 0x00, 0x00, 0x00, 0x00, 
	0x00, 0x00, 0x00, 0x00, 0x00, 0x00, 0x00, 0x00, 0x00, 0x00, 0x00, 0x00, 0x00, 0x00, 0x00, 0x00, 
	0x00, 0x00, 0x00, 0x00, 0x00, 0x00, 0x00, 0x00, 0x00, 0x00, 0x00, 0x00, 0x00, 0x00, 0x00, 0x00, 
	0x00, 0x00, 0x00, 0x00, 0x00, 0x00, 0x00, 0x00, 0x00, 0x00, 0x00, 0x00, 0x00, 0x00, 0x00, 0x00, 
	0x00, 0x00, 0x00, 0x00, 0x00, 0x00, 0x00, 0x00, 0x00, 0x00, 0x00, 0x00, 0x00, 0x00, 0x00, 0x00, 
	0x00, 0x00, 0x00, 0x00, 0x00, 0x00, 0x00, 0x00, 0x00, 0x00, 0x00, 0x00, 0x00, 0x00, 0x00, 0x00, 
	0x00, 0x00, 0x00, 0x00, 0x00, 0x00, 0x00, 0x00, 0x00, 0x00, 0x00, 0x00, 0x00, 0x00, 0x00, 0x00, 
	0x00, 0x00, 0x00, 0x00, 0x00, 0x00, 0x00, 0x00, 0x00, 0x00, 0x00, 0x00, 0x00, 0x00, 0x00, 0x00, 
	0x00, 0x00, 0x00, 0x00, 0x00, 0x00, 0x00, 0x00, 0x00, 0x00, 0x00, 0x00, 0x00, 0x00, 0x00, 0x00, 
	0x00, 0x00, 0x00, 0x00, 0x00, 0x00, 0x00, 0x00, 0x00, 0x00, 0x00, 0x00, 0x00, 0x00, 0x00, 0x00, 
	0x00, 0x00, 0x00, 0x00, 0x00, 0x00, 0x00, 0x00, 0x00, 0x00, 0x00, 0x00, 0x00, 0x00, 0x00, 0x00, 
	0x00, 0x00, 0x00, 0x00, 0x00, 0x00, 0x00, 0x00, 0x00, 0x00, 0x00, 0x00, 0x00, 0x00, 0x00, 0x00, 
	0x00, 0x00, 0x00, 0x00, 0x00, 0x00, 0x00, 0x00, 0x00, 0x00, 0x00, 0x00, 0x00, 0x00, 0x00, 0x00, 
	0x00, 0x00, 0x00, 0x00, 0x00, 0x00, 0x00, 0x00, 0x00, 0x00, 0x00, 0x00, 0x00, 0x00, 0x00, 0x00, 
	0x00, 0x00, 0x00, 0x00, 0x00, 0x00, 0x00, 0x00, 0x00, 0x00, 0x00, 0x00, 0x00, 0x00, 0x00, 0x00, 
	0x00, 0x00, 0x00, 0x00, 0x00, 0x00, 0x00, 0x00, 0x00, 0x00, 0x00, 0x00, 0x00, 0x00, 0x00, 0x00, 
	0x00, 0x00, 0x00, 0x00, 0x00, 0x00, 0x00, 0x00, 0x00, 0x00, 0x00, 0x00, 0x00, 0x00, 0x00, 0x00, 
	0x00, 0x00, 0x00, 0x00, 0x00, 0x00, 0x00, 0x00, 0x00, 0x00, 0x00, 0x00, 0x00, 0x00, 0x00, 0x00, 
	0x00, 0x00, 0x00, 0x00, 0x00, 0x00, 0x00, 0x00, 0x00, 0x00, 0x00, 0x00, 0x00, 0x00, 0x00, 0x00, 
	0x00, 0x00, 0x00, 0x00, 0x00, 0x00, 0x00, 0x00, 0x00, 0x00, 0x00, 0x00, 0x00, 0x00, 0x00, 0x00, 
	0x00, 0x00, 0x00, 0x00, 0x00, 0x00, 0x00, 0x00, 0x00, 0x00, 0x00, 0x00, 0x00, 0x00, 0x00, 0x00, 
	0x00, 0x00, 0x00, 0x00, 0x00, 0x00, 0x00, 0x00, 0x00, 0x00, 0x00, 0x00, 0x00, 0x00, 0x00, 0x00, 
	0x00, 0x00, 0x00, 0x00, 0x00, 0x00, 0x00, 0x00, 0x00, 0x00, 0x00, 0x00, 0x00, 0x00, 0x00, 0x00, 
	0x00, 0x00, 0x00, 0x00, 0x00, 0x00, 0x00, 0x00, 0x00, 0x00, 0x00, 0x00, 0x00, 0x00, 0x00, 0x00, 
	0x00, 0x00, 0x00, 0x00, 0x00, 0x00, 0x00, 0x00, 0x00, 0x00, 0x00, 0x00, 0x00, 0x00, 0x00, 0x00, 
	0x00, 0x00, 0x00, 0x00, 0x00, 0x00, 0x00, 0x00, 0x00, 0x00, 0x00, 0x00, 0x00, 0x00, 0x00, 0x00, 
	0x00, 0x00, 0x00, 0x00, 0x00, 0x00, 0x00, 0x00, 0x00, 0x00, 0x00, 0x00, 0x00, 0x00, 0x00, 0x00, 
	0x00, 0x00, 0x00, 0x00, 0x00, 0x00, 0x00, 0x00, 0x00, 0x00, 0x00, 0x00, 0x00, 0x00, 0x00, 0x00, 
	0x00, 0x00, 0x00, 0x00, 0x00, 0x00, 0x00, 0x00, 0x00, 0x00, 0x00, 0x00, 0x00, 0x42, 0x09, 0xCD, 
	0x09, 0xCD, 0x09, 0xCD, 0x09, 0xCD, 0x00, 0xA5, 0x00, 0x00, 0x00, 0x00, 0x00, 0x00, 0x00, 0x00, 
	0x00, 0x00, 0x00, 0x00, 0x00, 0x00, 0x00, 0x00, 0x00, 0x00, 0x00, 0x00, 0x00, 0x00, 0x00, 0x00, 
	0x00, 0x00, 0x00, 0x00, 0x00, 0x00, 0x00, 0x00, 0x00, 0x00, 0x00, 0x00, 0x00, 0x00, 0x00, 0x00, 
	0x00, 0x00, 0x00, 0x00, 0x00, 0x00, 0x00, 0x00, 0x00, 0x00, 0x00, 0x00, 0x00, 0x00, 0x00, 0x00, 
	0x00, 0x00, 0x00, 0x00, 0x00, 0x00, 0x00, 0x00, 0x00, 0x00, 0x00, 0x00, 0x00, 0x00, 0x00, 0x00, 
	0x00, 0x00, 0x00, 0x00, 0x00, 0x00, 0x00, 0x00, 0x00, 0x00, 0x00, 0x00, 0x00, 0x00, 0x00, 0x00, 
	0x00, 0x00, 0x00, 0x00, 0x00, 0x00, 0x00, 0x00, 0x00, 0x00, 0x00, 0x00, 0x00, 0x00, 0x00, 0x00, 
	0x00, 0x00, 0x00, 0x00, 0x00, 0x00, 0x00, 0x00, 0x00, 0x00, 0x09, 0xAC, 0x09, 0xCD, 0x09, 0xCD, 
	0x09, 0xCD, 0x09, 0xCD, 0x09, 0xCD, 0x09, 0xCD, 0x09, 0xCD, 0x09, 0xCD, 0x09, 0xCD, 0x09, 0xCD, 
	0x09, 0xCD, 0x09, 0xCD, 0x09, 0xCD, 0x09, 0xCD, 0x00, 0x63, 0x00, 0x00, 0x00, 0x00, 0x00, 0x00, 
	0x00, 0x00, 0x00, 0x00, 0x00, 0x00, 0x00, 0x00, 0x00, 0x00, 0x00, 0x00, 0x00, 0x00, 0x00, 0x00, 
	0x00, 0x00, 0x00, 0x00, 0x00, 0x00, 0x00, 0x00, 0x00, 0x00, 0x00, 0x00, 0x00, 0x00, 0x00, 0x00, 
	0x00, 0x00, 0x00, 0x00, 0x00, 0x00, 0x00, 0x00, 0x00, 0x00, 0x00, 0x00, 0x00, 0x00, 0x00, 0x00, 
	0x00, 0x00, 0x00, 0x00, 0x00, 0x00, 0x00, 0x00, 0x00, 0x00, 0x00, 0x00, 0x00, 0x00, 0x00, 0x00, 
	0x00, 0x00, 0x00, 0x00, 0x00, 0x00, 0x00, 0x00, 0x00, 0x00, 0x00, 0x00, 0x00, 0x00, 0x00, 0x00, 
	0x00, 0x00, 0x00, 0x00, 0x00, 0x00, 0x00, 0x00, 0x00, 0x00, 0x00, 0x00, 0x00, 0x00, 0x00, 0x00, 
	0x00, 0x00, 0x00, 0x00, 0x00, 0x00, 0x00, 0x00, 0x00, 0x00, 0x00, 0x00, 0x00, 0x00, 0x00, 0x00, 
	0x00, 0x00, 0x00, 0x00, 0x00, 0x00, 0x00, 0x00, 0x00, 0x00, 0x00, 0x00, 0x00, 0x00, 0x00, 0x00, 
	0x00, 0x00, 0x00, 0x00, 0x00, 0x00, 0x00, 0x00, 0x00, 0x00, 0x00, 0x00, 0x00, 0x00, 0x00, 0x00, 
	0x00, 0x00, 0x00, 0x00, 0x00, 0x00, 0x00, 0x00, 0x00, 0x00, 0x00, 0x00, 0x00, 0x00, 0x00, 0x00, 
	0x00, 0x00, 0x00, 0x00, 0x00, 0x00, 0x00, 0x00, 0x00, 0x00, 0x00, 0x00, 0x00, 0x00, 0x00, 0x00, 
	0x00, 0x00, 0x00, 0x00, 0x00, 0x00, 0x00, 0x00, 0x00, 0x00, 0x00, 0x00, 0x00, 0x00, 0x00, 0x00, 
	0x00, 0x00, 0x00, 0x00, 0x00, 0x00, 0x00, 0x00, 0x00, 0x00, 0x00, 0x00, 0x00, 0x00, 0x00, 0x00, 
	0x00, 0x00, 0x00, 0x00, 0x00, 0x00, 0x00, 0x00, 0x00, 0x00, 0x00, 0x00, 0x00, 0x00, 0x00, 0x00, 
	0x00, 0x00, 0x00, 0x00, 0x00, 0x00, 0x00, 0x00, 0x00, 0x00, 0x00, 0x00, 0x00, 0x00, 0x00, 0x00, 
	0x00, 0x00, 0x00, 0x00, 0x00, 0x00, 0x00, 0x00, 0x00, 0x00, 0x00, 0x00, 0x00, 0x00, 0x00, 0x00, 
	0x00, 0x00, 0x00, 0x00, 0x00, 0x00, 0x00, 0x00, 0x00, 0x00, 0x00, 0x00, 0x00, 0x00, 0x00, 0x00, 
	0x00, 0x00, 0x00, 0x00, 0x00, 0x00, 0x00, 0x00, 0x00, 0x00, 0x00, 0x00, 0x00, 0x00, 0x00, 0x00, 
	0x00, 0x00, 0x00, 0x00, 0x00, 0x00, 0x00, 0x00, 0x00, 0x00, 0x00, 0x00, 0x00, 0x00, 0x00, 0x00, 
	0x00, 0x00, 0x00, 0x00, 0x00, 0x00, 0x00, 0x00, 0x00, 0x00, 0x00, 0x00, 0x00, 0x00, 0x00, 0x00, 
	0x00, 0x00, 0x00, 0x00, 0x00, 0x00, 0x00, 0x00, 0x00, 0x00, 0x00, 0x00, 0x00, 0x00, 0x00, 0x00, 
	0x00, 0x00, 0x00, 0x00, 0x00, 0x00, 0x00, 0x00, 0x00, 0x00, 0x00, 0x00, 0x00, 0x00, 0x00, 0x00, 
	0x00, 0x00, 0x00, 0x00, 0x00, 0x00, 0x00, 0x00, 0x00, 0x00, 0x00, 0x00, 0x00, 0x00, 0x00, 0x00, 
	0x00, 0x00, 0x00, 0x00, 0x00, 0x00, 0x00, 0x00, 0x00, 0x00, 0x00, 0x00, 0x00, 0x00, 0x00, 0x00, 
	0x00, 0x00, 0x00, 0x00, 0x00, 0x00, 0x00, 0x00, 0x00, 0x00, 0x00, 0x00, 0x00, 0x00, 0x00, 0x00, 
	0x00, 0x00, 0x00, 0x00, 0x00, 0x00, 0x00, 0x00, 0x00, 0x00, 0x00, 0x00, 0x00, 0x00, 0x00, 0x00, 
	0x00, 0x00, 0x00, 0x00, 0x00, 0x00, 0x00, 0x00, 0x00, 0x00, 0x00, 0x00, 0x00, 0x00, 0x00, 0x00, 
	0x00, 0x00, 0x00, 0x00, 0x00, 0x00, 0x00, 0x00, 0x00, 0x00, 0x00, 0x00, 0x00, 0x00, 0x00, 0x00, 
	0x00, 0x00, 0x00, 0x00, 0x00, 0x00, 0x00, 0x00, 0x00, 0x00, 0x00, 0x00, 0x00, 0x00, 0x00, 0x00, 
	0x00, 0x00, 0x00, 0x00, 0x00, 0x00, 0x00, 0x00, 0x00, 0x00, 0x00, 0x00, 0x00, 0x00, 0x00, 0x00, 
	0x00, 0xE6, 0x00, 0xE6, 0x00, 0x00, 0x00, 0x00, 0x00, 0x00, 0x00, 0x00, 0x00, 0x00, 0x00, 0x00, 
	0x00, 0x00, 0x00, 0x00, 0x00, 0x00, 0x00, 0x00, 0x00, 0x00, 0x00, 0x00, 0x00, 0x00, 0x00, 0x00, 
	0x00, 0x00, 0x00, 0x00, 0x00, 0x00, 0x00, 0x00, 0x00, 0x00, 0x00, 0x00, 0x00, 0x00, 0x00, 0x00, 
	0x00, 0x00, 0x00, 0x00, 0x00, 0x00, 0x00, 0x00, 0x00, 0x00, 0x00, 0x00, 0x00, 0x00, 0x00, 0x00, 
	0x00, 0x00, 0x00, 0x00, 0x00, 0x00, 0x00, 0x00, 0x00, 0x00, 0x00, 0x00, 0x00, 0x00, 0x00, 0x00, 
	0x00, 0x00, 0x00, 0x00, 0x00, 0x00, 0x00, 0x00, 0x00, 0x00, 0x00, 0x00, 0x00, 0x00, 0x00, 0x00, 
	0x00, 0x00, 0x00, 0x00, 0x00, 0x00, 0x00, 0x00, 0x00, 0x00, 0x00, 0x00, 0x00, 0x00, 0x00, 0x00, 
	0x00, 0x00, 0x00, 0x00, 0x00, 0x00, 0x00, 0x00, 0x00, 0x00, 0x00, 0x00, 0x00, 0x00, 0x09, 0xCD, 
	0x09, 0xCD, 0x09, 0xCD, 0x09, 0xCD, 0x09, 0xCD, 0x09, 0xCD, 0x09, 0xCD, 0x09, 0xCD, 0x09, 0xCD, 
	0x09, 0xCD, 0x09, 0xCD, 0x09, 0xCD, 0x09, 0xCD, 0x09, 0xCD, 0x09, 0x4A, 0x00, 0x00, 0x00, 0x00, 
	0x00, 0x00, 0x00, 0x00, 0x00, 0x00, 0x00, 0x00, 0x00, 0x00, 0x00, 0x00, 0x00, 0x00, 0x00, 0x00, 
	0x00, 0x00, 0x00, 0x00, 0x00, 0x00, 0x00, 0x00, 0x00, 0x00, 0x00, 0x00, 0x00, 0x00, 0x00, 0x00, 
	0x00, 0x00, 0x00, 0x00, 0x00, 0x00, 0x00, 0x00, 0x00, 0x00, 0x00, 0x00, 0x00, 0x00, 0x00, 0x00, 
	0x00, 0x00, 0x00, 0x00, 0x00, 0x00, 0x00, 0x00, 0x00, 0x00, 0x00, 0x00, 0x00, 0x00, 0x00, 0x00, 
	0x00, 0x00, 0x00, 0x00, 0x00, 0x00, 0x00, 0x00, 0x00, 0x00, 0x00, 0x00, 0x00, 0x00, 0x00, 0x00, 
	0x00, 0x00, 0x00, 0x00, 0x00, 0x00, 0x00, 0x00, 0x00, 0x00, 0x00, 0x00, 0x00, 0x00, 0x00, 0x00, 
	0x00, 0x00, 0x00, 0x00, 0x00, 0x00, 0x00, 0x00, 0x00, 0x00, 0x00, 0x00, 0x00, 0x00, 0x00, 0x00, 
	0x00, 0x00, 0x00, 0x00, 0x00, 0x00, 0x00, 0x00, 0x00, 0x00, 0x00, 0x00, 0x00, 0x00, 0x00, 0x00, 
	0x00, 0x00, 0x00, 0x00, 0x00, 0x00, 0x00, 0x00, 0x00, 0x00, 0x00, 0x00, 0x00, 0x00, 0x00, 0x00, 
	0x00, 0x00, 0x00, 0x00, 0x00, 0x00, 0x00, 0x00, 0x00, 0x00, 0x00, 0x00, 0x00, 0x00, 0x00, 0x00, 
	0x00, 0x00, 0x00, 0x00, 0x00, 0x00, 0x00, 0x00, 0x00, 0x00, 0x00, 0x00, 0x00, 0x00, 0x00, 0x00, 
	0x00, 0x00, 0x00, 0x00, 0x00, 0x00, 0x00, 0x00, 0x00, 0x00, 0x00, 0x00, 0x00, 0x00, 0x00, 0x00, 
	0x00, 0x00, 0x00, 0x00, 0x00, 0x00, 0x00, 0x00, 0x00, 0x00, 0x00, 0x00, 0x00, 0x00, 0x00, 0x00, 
	0x00, 0x00, 0x00, 0x00, 0x00, 0x00, 0x00, 0x00, 0x00, 0x00, 0x00, 0x00, 0x00, 0x00, 0x00, 0x00, 
	0x00, 0x00, 0x00, 0x00, 0x00, 0x00, 0x00, 0x00, 0x00, 0x00, 0x00, 0x00, 0x00, 0x00, 0x00, 0x00, 
	0x00, 0x00, 0x00, 0x00, 0x00, 0x00, 0x00, 0x00, 0x00, 0x00, 0x00, 0x00, 0x00, 0x00, 0x00, 0x00, 
	0x00, 0x00, 0x00, 0x00, 0x00, 0x00, 0x00, 0x00, 0x00, 0x00, 0x00, 0x00, 0x00, 0x00, 0x00, 0x00, 
	0x00, 0x00, 0x00, 0x00, 0x00, 0x00, 0x00, 0x00, 0x00, 0x00, 0x00, 0x00, 0x00, 0x00, 0x00, 0x00, 
	0x00, 0x00, 0x00, 0x00, 0x00, 0x00, 0x00, 0x00, 0x00, 0x00, 0x00, 0x00, 0x00, 0x00, 0x00, 0x00, 
	0x00, 0x00, 0x00, 0x00, 0x00, 0x00, 0x00, 0x00, 0x00, 0x00, 0x00, 0x00, 0x00, 0x00, 0x00, 0x00, 
	0x00, 0x00, 0x00, 0x00, 0x00, 0x00, 0x00, 0x00, 0x00, 0x00, 0x00, 0x00, 0x00, 0x00, 0x00, 0x00, 
	0x00, 0x00, 0x00, 0x00, 0x00, 0x00, 0x00, 0x00, 0x00, 0x00, 0x00, 0x00, 0x00, 0x00, 0x00, 0x00, 
	0x00, 0x00, 0x00, 0x00, 0x00, 0x00, 0x00, 0x00, 0x00, 0x00, 0x00, 0x00, 0x00, 0x00, 0x00, 0x00, 
	0x00, 0x00, 0x00, 0x00, 0x00, 0x00, 0x00, 0x00, 0x00, 0x00, 0x00, 0x00, 0x00, 0x00, 0x00, 0x00, 
	0x00, 0x00, 0x00, 0x00, 0x00, 0x00, 0x00, 0x00, 0x00, 0x00, 0x00, 0x00, 0x00, 0x00, 0x00, 0x00, 
	0x00, 0x00, 0x00, 0x00, 0x00, 0x00, 0x00, 0x00, 0x00, 0x00, 0x00, 0x00, 0x00, 0x00, 0x00, 0x00, 
	0x00, 0x00, 0x00, 0x00, 0x00, 0x00, 0x00, 0x00, 0x00, 0x00, 0x00, 0x00, 0x00, 0x00, 0x00, 0x00, 
	0x00, 0x00, 0x00, 0x00, 0x00, 0x00, 0x00, 0x00, 0x00, 0x00, 0x00, 0x00, 0x00, 0x00, 0x00, 0x00, 
	0x00, 0x00, 0x00, 0x00, 0x00, 0x00, 0x00, 0x00, 0x00, 0x00, 0x00, 0x00, 0x00, 0x00, 0x00, 0x00, 
	0x00, 0x00, 0x00, 0x00, 0x00, 0x00, 0x00, 0x00, 0x00, 0x00, 0x00, 0x00, 0x00, 0x00, 0x00, 0x00, 
	0x00, 0x00, 0x00, 0x00, 0x00, 0x00, 0x00, 0x00, 0x00, 0x00, 0x00, 0x00, 0x00, 0x00, 0x00, 0x00, 
	0x00, 0x00, 0x00, 0x00, 0x00, 0x00, 0x00, 0x00, 0x00, 0x00, 0x00, 0x00, 0x00, 0x00, 0x00, 0x00, 
	0x00, 0x00, 0x00, 0x00, 0x00, 0x00, 0x00, 0x00, 0x00, 0x00, 0x00, 0x00, 0x00, 0x00, 0x00, 0x00, 
	0x00, 0x00, 0x00, 0x00, 0x00, 0x00, 0x00, 0x00, 0x00, 0x00, 0x00, 0x00, 0x00, 0x00, 0x00, 0x00, 
	0x00, 0x00, 0x00, 0x00, 0x00, 0x00, 0x00, 0x00, 0x00, 0x00, 0x00, 0x00, 0x00, 0x00, 0x00, 0x00, 
	0x00, 0x00, 0x00, 0x00, 0x00, 0x00, 0x00, 0x00, 0x00, 0x00, 0x00, 0x00, 0x00, 0x00, 0x00, 0x00, 
	0x00, 0x00, 0x00, 0x00, 0x00, 0x00, 0x00, 0x00, 0x00, 0x00, 0x00, 0x00, 0x00, 0x00, 0x00, 0x00, 
	0x00, 0x00, 0x00, 0x00, 0x00, 0x00, 0x00, 0x00, 0x00, 0x00, 0x00, 0x00, 0x00, 0x00, 0x00, 0x00, 
	0x00, 0x21, 0x09, 0xCD, 0x09, 0xCD, 0x09, 0xCD, 0x09, 0xCD, 0x09, 0xCD, 0x09, 0xCD, 0x09, 0xCD, 
	0x09, 0xCD, 0x09, 0xCD, 0x09, 0xCD, 0x09, 0xCD, 0x09, 0xCD, 0x09, 0xCD, 0x09, 0xCD, 0x00, 0x00, 
	0x00, 0x00, 0x00, 0x00, 0x00, 0x00, 0x00, 0x00, 0x00, 0x00, 0x00, 0x00, 0x00, 0x00, 0x00, 0x00, 
	0x00, 0x00, 0x00, 0x00, 0x00, 0x00, 0x00, 0x00, 0x00, 0x00, 0x00, 0x00, 0x00, 0x00, 0x00, 0x00, 
	0x00, 0x00, 0x00, 0x00, 0x00, 0x00, 0x00, 0x00, 0x00, 0x00, 0x00, 0x00, 0x00, 0x00, 0x00, 0x00, 
	0x00, 0x00, 0x00, 0x00, 0x00, 0x00, 0x00, 0x00, 0x00, 0x00, 0x00, 0x00, 0x00, 0x00, 0x00, 0x00, 
	0x00, 0x00, 0x00, 0x00, 0x00, 0x00, 0x00, 0x00, 0x00, 0x00, 0x00, 0x00, 0x00, 0x00, 0x00, 0x00, 
	0x00, 0x00, 0x00, 0x00, 0x00, 0x00, 0x00, 0x00, 0x00, 0x00, 0x00, 0x00, 0x00, 0x00, 0x00, 0x00, 
	0x00, 0x00, 0x00, 0x00, 0x00, 0x00, 0x00, 0x00, 0x00, 0x00, 0x00, 0x00, 0x00, 0x00, 0x00, 0x00, 
	0x00, 0x00, 0x00, 0x00, 0x00, 0x00, 0x00, 0x00, 0x00, 0x00, 0x00, 0x00, 0x00, 0x00, 0x00, 0x00, 
	0x00, 0x00, 0x00, 0x00, 0x00, 0x00, 0x00, 0x00, 0x00, 0x00, 0x00, 0x00, 0x00, 0x00, 0x00, 0x00, 
	0x00, 0x00, 0x00, 0x00, 0x00, 0x00, 0x00, 0x00, 0x00, 0x00, 0x00, 0x00, 0x00, 0x00, 0x00, 0x00, 
	0x00, 0x00, 0x00, 0x00, 0x00, 0x00, 0x00, 0x00, 0x00, 0x00, 0x00, 0x00, 0x00, 0x00, 0x00, 0x00, 
	0x00, 0x00, 0x00, 0x00, 0x00, 0x00, 0x00, 0x00, 0x00, 0x00, 0x00, 0x00, 0x00, 0x00, 0x00, 0x00, 
	0x00, 0x00, 0x00, 0x00, 0x00, 0x00, 0x00, 0x00, 0x00, 0x00, 0x00, 0x00, 0x00, 0x00, 0x00, 0x00, 
	0x00, 0x00, 0x00, 0x00, 0x00, 0x00, 0x00, 0x00, 0x00, 0x00, 0x00, 0x00, 0x00, 0x00, 0x00, 0x00, 
	0x00, 0x00, 0x00, 0x00, 0x00, 0x00, 0x00, 0x00, 0x00, 0x00, 0x00, 0x00, 0x00, 0x00, 0x00, 0x00, 
	0x00, 0x00, 0x00, 0x00, 0x00, 0x00, 0x00, 0x00, 0x00, 0x00, 0x00, 0x00, 0x00, 0x00, 0x00, 0x00, 
	0x00, 0x00, 0x00, 0x00, 0x00, 0x00, 0x00, 0x00, 0x00, 0x00, 0x00, 0x00, 0x00, 0x00, 0x00, 0x00, 
	0x00, 0x00, 0x00, 0x00, 0x00, 0x00, 0x00, 0x00, 0x00, 0x00, 0x00, 0x00, 0x00, 0x00, 0x00, 0x00, 
	0x00, 0x00, 0x00, 0x00, 0x00, 0x00, 0x00, 0x00, 0x00, 0x00, 0x00, 0x00, 0x00, 0x00, 0x00, 0x00, 
	0x00, 0x00, 0x00, 0x00, 0x00, 0x00, 0x00, 0x00, 0x00, 0x00, 0x00, 0x00, 0x00, 0x00, 0x00, 0x00, 
	0x00, 0x00, 0x00, 0x00, 0x00, 0x00, 0x00, 0x00, 0x00, 0x00, 0x00, 0x00, 0x00, 0x00, 0x00, 0x00, 
	0x00, 0x00, 0x00, 0x00, 0x00, 0x00, 0x00, 0x00, 0x00, 0x00, 0x00, 0x00, 0x00, 0x00, 0x00, 0x00, 
	0x00, 0x00, 0x00, 0x00, 0x00, 0x00, 0x00, 0x00, 0x00, 0x00, 0x00, 0x00, 0x00, 0x00, 0x00, 0x00, 
	0x00, 0x00, 0x00, 0x00, 0x00, 0x00, 0x00, 0x00, 0x00, 0x00, 0x00, 0x00, 0x00, 0x00, 0x00, 0x00, 
	0x00, 0x00, 0x00, 0x00, 0x00, 0x00, 0x00, 0x00, 0x00, 0x00, 0x00, 0x00, 0x00, 0x00, 0x00, 0x00, 
	0x00, 0x00, 0x00, 0x00, 0x00, 0x00, 0x00, 0x00, 0x00, 0x00, 0x00, 0x00, 0x00, 0x00, 0x00, 0x00, 
	0x00, 0x00, 0x00, 0x00, 0x00, 0x00, 0x00, 0x00, 0x00, 0x00, 0x00, 0x00, 0x00, 0x00, 0x00, 0x00, 
	0x00, 0x00, 0x00, 0x00, 0x00, 0x00, 0x00, 0x00, 0x00, 0x00, 0x00, 0x00, 0x00, 0x00, 0x00, 0x00, 
	0x00, 0x00, 0x00, 0x00, 0x00, 0x00, 0x00, 0x00, 0x00, 0x00, 0x00, 0x00, 0x00, 0x00, 0x00, 0x00, 
	0x00, 0x00, 0x00, 0x00, 0x00, 0x00, 0x00, 0x00, 0x00, 0x00, 0x00, 0x00, 0x00, 0x00, 0x00, 0x00, 
	0x00, 0x00, 0x00, 0x00, 0x00, 0x00, 0x00, 0x00, 0x00, 0x00, 0x00, 0x00, 0x00, 0x00, 0x00, 0x00, 
	0x00, 0x00, 0x00, 0x00, 0x00, 0x00, 0x00, 0x00, 0x00, 0x00, 0x00, 0x00, 0x00, 0x00, 0x00, 0x00, 
	0x00, 0x00, 0x00, 0x00, 0x00, 0x00, 0x00, 0x00, 0x00, 0x00, 0x00, 0x00, 0x00, 0x00, 0x00, 0x00, 
	0x00, 0x00, 0x00, 0x00, 0x00, 0x00, 0x00, 0x00, 0x00, 0x00, 0x00, 0x00, 0x00, 0x00, 0x00, 0x00, 
	0x00, 0x00, 0x00, 0x00, 0x00, 0x00, 0x00, 0x00, 0x00, 0x00, 0x00, 0x00, 0x00, 0x00, 0x00, 0x00, 
	0x00, 0x00, 0x00, 0x00, 0x00, 0x00, 0x00, 0x00, 0x00, 0x00, 0x00, 0x00, 0x00, 0x00, 0x00, 0x00, 
	0x00, 0x00, 0x00, 0x00, 0x00, 0x00, 0x00, 0x00, 0x00, 0x00, 0x00, 0x00, 0x00, 0x00, 0x00, 0x00, 
	0x00, 0x00, 0x00, 0x00, 0x00, 0x00, 0x00, 0x00, 0x00, 0x00, 0x00, 0x00, 0x00, 0x00, 0x00, 0x00, 
	0x00, 0x00, 0x00, 0x00, 0x09, 0x4A, 0x09, 0xCD, 0x09, 0xCD, 0x09, 0xCD, 0x09, 0xCD, 0x09, 0xCD, 
	0x09, 0xCD, 0x09, 0xCD, 0x09, 0xCD, 0x09, 0xCD, 0x09, 0xCD, 0x09, 0xCD, 0x09, 0xCD, 0x09, 0xCD, 
	0x00, 0x00, 0x00, 0x00, 0x00, 0x00, 0x00, 0x00, 0x00, 0x00, 0x00, 0x00, 0x00, 0x00, 0x00, 0x00, 
	0x00, 0x00, 0x00, 0x00, 0x00, 0x00, 0x00, 0x00, 0x00, 0x00, 0x00, 0x00, 0x00, 0x00, 0x00, 0x00, 
	0x00, 0x00, 0x00, 0x00, 0x00, 0x00, 0x00, 0x00, 0x00, 0x00, 0x00, 0x00, 0x00, 0x00, 0x00, 0x00, 
	0x00, 0x00, 0x00, 0x00, 0x00, 0x00, 0x00, 0x00, 0x00, 0x00, 0x00, 0x00, 0x00, 0x00, 0x00, 0x00, 
	0x00, 0x00, 0x00, 0x00, 0x00, 0x00, 0x00, 0x00, 0x00, 0x00, 0x00, 0x00, 0x00, 0x00, 0x00, 0x00, 
	0x00, 0x00, 0x00, 0x00, 0x00, 0x00, 0x00, 0x00, 0x00, 0x00, 0x00, 0x00, 0x00, 0x00, 0x00, 0x00, 
	0x00, 0x00, 0x00, 0x00, 0x00, 0x00, 0x00, 0x00, 0x00, 0x00, 0x00, 0x00, 0x00, 0x00, 0x00, 0x00, 
	0x00, 0x00, 0x00, 0x00, 0x00, 0x00, 0x00, 0x00, 0x00, 0x00, 0x00, 0x00, 0x00, 0x00, 0x00, 0x00, 
	0x00, 0x00, 0x00, 0x00, 0x00, 0x00, 0x00, 0x00, 0x00, 0x00, 0x00, 0x00, 0x00, 0x00, 0x00, 0x00, 
	0x00, 0x00, 0x00, 0x00, 0x00, 0x00, 0x00, 0x00, 0x00, 0x00, 0x00, 0x00, 0x00, 0x00, 0x00, 0x00, 
	0x00, 0x00, 0x00, 0x00, 0x00, 0x00, 0x00, 0x00, 0x00, 0x00, 0x00, 0x00, 0x00, 0x00, 0x00, 0x00, 
	0x00, 0x00, 0x00, 0x00, 0x00, 0x00, 0x00, 0x00, 0x00, 0x00, 0x00, 0x00, 0x00, 0x00, 0x00, 0x00, 
	0x00, 0x00, 0x00, 0x00, 0x00, 0x00, 0x00, 0x00, 0x00, 0x00, 0x00, 0x00, 0x00, 0x00, 0x00, 0x00, 
	0x00, 0x00, 0x00, 0x00, 0x00, 0x00, 0x00, 0x00, 0x00, 0x00, 0x00, 0x00, 0x00, 0x00, 0x00, 0x00, 
	0x00, 0x00, 0x00, 0x00, 0x00, 0x00, 0x00, 0x00, 0x00, 0x00, 0x00, 0x00, 0x00, 0x00, 0x00, 0x00, 
	0x00, 0x00, 0x00, 0x00, 0x00, 0x00, 0x00, 0x00, 0x00, 0x00, 0x00, 0x00, 0x00, 0x00, 0x00, 0x00, 
	0x00, 0x00, 0x00, 0x00, 0x00, 0x00, 0x00, 0x00, 0x00, 0x00, 0x00, 0x00, 0x00, 0x00, 0x00, 0x00, 
	0x00, 0x00, 0x00, 0x00, 0x00, 0x00, 0x00, 0x00, 0x00, 0x00, 0x00, 0x00, 0x00, 0x00, 0x00, 0x00, 
	0x00, 0x00, 0x00, 0x00, 0x00, 0x00, 0x00, 0x00, 0x00, 0x00, 0x00, 0x00, 0x00, 0x00, 0x00, 0x00, 
	0x00, 0x00, 0x00, 0x00, 0x00, 0x00, 0x00, 0x00, 0x00, 0x00, 0x00, 0x00, 0x00, 0x00, 0x00, 0x00, 
	0x00, 0x00, 0x00, 0x00, 0x00, 0x00, 0x00, 0x00, 0x00, 0x00, 0x00, 0x00, 0x00, 0x00, 0x00, 0x00, 
	0x00, 0x00, 0x00, 0x00, 0x00, 0x00, 0x00, 0x00, 0x00, 0x00, 0x00, 0x00, 0x00, 0x00, 0x00, 0x00, 
	0x00, 0x00, 0x00, 0x00, 0x00, 0x00, 0x00, 0x00, 0x00, 0x00, 0x00, 0x00, 0x00, 0x00, 0x00, 0x00, 
	0x00, 0x00, 0x00, 0x00, 0x00, 0x00, 0x00, 0x00, 0x00, 0x00, 0x00, 0x00, 0x00, 0x00, 0x00, 0x00, 
	0x00, 0x00, 0x00, 0x00, 0x00, 0x00, 0x00, 0x00, 0x00, 0x00, 0x00, 0x00, 0x00, 0x00, 0x00, 0x00, 
	0x00, 0x00, 0x00, 0x00, 0x00, 0x00, 0x00, 0x00, 0x00, 0x00, 0x00, 0x00, 0x00, 0x00, 0x00, 0x00, 
	0x00, 0x00, 0x00, 0x00, 0x00, 0x00, 0x00, 0x00, 0x00, 0x00, 0x00, 0x00, 0x00, 0x00, 0x00, 0x00, 
	0x00, 0x00, 0x00, 0x00, 0x00, 0x00, 0x00, 0x00, 0x00, 0x00, 0x00, 0x00, 0x00, 0x00, 0x00, 0x00, 
	0x00, 0x00, 0x00, 0x00, 0x00, 0x00, 0x00, 0x00, 0x00, 0x00, 0x00, 0x00, 0x00, 0x00, 0x00, 0x00, 
	0x00, 0x00, 0x00, 0x00, 0x00, 0x00, 0x00, 0x00, 0x00, 0x00, 0x00, 0x00, 0x00, 0x00, 0x00, 0x00, 
	0x00, 0x00, 0x00, 0x00, 0x00, 0x00, 0x00, 0x00, 0x00, 0x00, 0x00, 0x00, 0x00, 0x00, 0x00, 0x00, 
	0x00, 0x00, 0x00, 0x00, 0x00, 0x00, 0x00, 0x00, 0x00, 0x00, 0x00, 0x00, 0x00, 0x00, 0x00, 0x00, 
	0x00, 0x00, 0x00, 0x00, 0x00, 0x00, 0x00, 0x00, 0x00, 0x00, 0x00, 0x00, 0x00, 0x00, 0x00, 0x00, 
	0x00, 0x00, 0x00, 0x00, 0x00, 0x00, 0x00, 0x00, 0x00, 0x00, 0x00, 0x00, 0x00, 0x00, 0x00, 0x00, 
	0x00, 0x00, 0x00, 0x00, 0x00, 0x00, 0x00, 0x00, 0x00, 0x00, 0x00, 0x00, 0x00, 0x00, 0x00, 0x00, 
	0x00, 0x00, 0x00, 0x00, 0x00, 0x00, 0x00, 0x00, 0x00, 0x00, 0x00, 0x00, 0x00, 0x00, 0x00, 0x00, 
	0x00, 0x00, 0x00, 0x00, 0x00, 0x00, 0x00, 0x00, 0x00, 0x00, 0x00, 0x00, 0x00, 0x00, 0x00, 0x00, 
	0x00, 0x00, 0x00, 0x00, 0x00, 0x00, 0x00, 0x00, 0x00, 0x00, 0x00, 0x00, 0x00, 0x00, 0x00, 0x00, 
	0x00, 0x00, 0x00, 0x00, 0x00, 0x00, 0x00, 0x00, 0x01, 0x08, 0x09, 0xCD, 0x09, 0xCD, 0x09, 0xCD, 
	0x09, 0xCD, 0x09, 0xCD, 0x09, 0xCD, 0x09, 0xCD, 0x09, 0xCD, 0x09, 0xCD, 0x09, 0xCD, 0x09, 0xCD, 
	0x09, 0xCD, 0x09, 0xCD, 0x00, 0x00, 0x00, 0x00, 0x00, 0x00, 0x00, 0x00, 0x00, 0x00, 0x00, 0x00, 
	0x00, 0x00, 0x00, 0x00, 0x00, 0x00, 0x00, 0x00, 0x00, 0x00, 0x00, 0x00, 0x00, 0x00, 0x00, 0x00, 
	0x00, 0x00, 0x00, 0x00, 0x00, 0x00, 0x00, 0x00, 0x00, 0x00, 0x00, 0x00, 0x00, 0x00, 0x00, 0x00, 
	0x00, 0x00, 0x00, 0x00, 0x00, 0x00, 0x00, 0x00, 0x00, 0x00, 0x00, 0x00, 0x00, 0x00, 0x00, 0x00, 
	0x00, 0x00, 0x00, 0x00, 0x00, 0x00, 0x00, 0x00, 0x00, 0x00, 0x00, 0x00, 0x00, 0x00, 0x00, 0x00, 
	0x00, 0x00, 0x00, 0x00, 0x00, 0x00, 0x00, 0x00, 0x00, 0x00, 0x00, 0x00, 0x00, 0x00, 0x00, 0x00, 
	0x00, 0x00, 0x00, 0x00, 0x00, 0x00, 0x00, 0x00, 0x00, 0x00, 0x00, 0x00, 0x00, 0x00, 0x00, 0x00, 
	0x00, 0x00, 0x00, 0x00, 0x00, 0x00, 0x00, 0x00, 0x00, 0x00, 0x00, 0x00, 0x00, 0x00, 0x00, 0x00, 
	0x00, 0x00, 0x00, 0x00, 0x00, 0x00, 0x00, 0x00, 0x00, 0x00, 0x00, 0x00, 0x00, 0x00, 0x00, 0x00, 
	0x00, 0x00, 0x00, 0x00, 0x00, 0x00, 0x00, 0x00, 0x00, 0x00, 0x00, 0x00, 0x00, 0x00, 0x00, 0x00, 
	0x00, 0x00, 0x00, 0x00, 0x00, 0x00, 0x00, 0x00, 0x00, 0x00, 0x00, 0x00, 0x00, 0x00, 0x00, 0x00, 
	0x00, 0x00, 0x00, 0x00, 0x00, 0x00, 0x00, 0x00, 0x00, 0x00, 0x00, 0x00, 0x00, 0x00, 0x00, 0x00, 
	0x00, 0x00, 0x00, 0x00, 0x00, 0x00, 0x00, 0x00, 0x00, 0x00, 0x00, 0x00, 0x00, 0x00, 0x00, 0x00, 
	0x00, 0x00, 0x00, 0x00, 0x00, 0x00, 0x00, 0x00, 0x00, 0x00, 0x00, 0x00, 0x00, 0x00, 0x00, 0x00, 
	0x00, 0x00, 0x00, 0x00, 0x00, 0x00, 0x00, 0x00, 0x00, 0x00, 0x00, 0x00, 0x00, 0x00, 0x00, 0x00, 
	0x00, 0x00, 0x00, 0x00, 0x00, 0x00, 0x00, 0x00, 0x00, 0x00, 0x00, 0x00, 0x00, 0x00, 0x00, 0x00, 
	0x00, 0x00, 0x00, 0x00, 0x00, 0x00, 0x00, 0x00, 0x00, 0x00, 0x00, 0x00, 0x00, 0x00, 0x00, 0x00, 
	0x00, 0x00, 0x00, 0x00, 0x00, 0x00, 0x00, 0x00, 0x00, 0x00, 0x00, 0x00, 0x00, 0x00, 0x00, 0x00, 
	0x00, 0x00, 0x00, 0x00, 0x00, 0x00, 0x00, 0x00, 0x00, 0x00, 0x00, 0x00, 0x00, 0x00, 0x00, 0x00, 
	0x00, 0x00, 0x00, 0x00, 0x00, 0x00, 0x00, 0x00, 0x00, 0x00, 0x00, 0x00, 0x00, 0x00, 0x00, 0x00, 
	0x00, 0x00, 0x00, 0x00, 0x00, 0x00, 0x00, 0x00, 0x00, 0x00, 0x00, 0x00, 0x00, 0x00, 0x00, 0x00, 
	0x00, 0x00, 0x00, 0x00, 0x00, 0x00, 0x00, 0x00, 0x00, 0x00, 0x00, 0x00, 0x00, 0x00, 0x00, 0x00, 
	0x00, 0x00, 0x00, 0x00, 0x00, 0x00, 0x00, 0x00, 0x00, 0x00, 0x00, 0x00, 0x00, 0x00, 0x00, 0x00, 
	0x00, 0x00, 0x00, 0x00, 0x00, 0x00, 0x00, 0x00, 0x00, 0x00, 0x00, 0x00, 0x00, 0x00, 0x00, 0x00, 
	0x00, 0x00, 0x00, 0x00, 0x00, 0x00, 0x00, 0x00, 0x00, 0x00, 0x00, 0x00, 0x00, 0x00, 0x00, 0x00, 
	0x00, 0x00, 0x00, 0x00, 0x00, 0x00, 0x00, 0x00, 0x00, 0x00, 0x00, 0x00, 0x00, 0x00, 0x00, 0x00, 
	0x00, 0x00, 0x00, 0x00, 0x00, 0x00, 0x00, 0x00, 0x00, 0x00, 0x00, 0x00, 0x00, 0x00, 0x00, 0x00, 
	0x00, 0x00, 0x00, 0x00, 0x00, 0x00, 0x00, 0x00, 0x00, 0x00, 0x00, 0x00, 0x00, 0x00, 0x00, 0x00, 
	0x00, 0x00, 0x00, 0x00, 0x00, 0x00, 0x00, 0x00, 0x00, 0x00, 0x00, 0x00, 0x00, 0x00, 0x00, 0x00, 
	0x00, 0x00, 0x00, 0x00, 0x00, 0x00, 0x00, 0x00, 0x00, 0x00, 0x00, 0x00, 0x00, 0x00, 0x00, 0x00, 
	0x00, 0x00, 0x00, 0x00, 0x00, 0x00, 0x00, 0x00, 0x00, 0x00, 0x00, 0x00, 0x00, 0x00, 0x00, 0x00, 
	0x00, 0x00, 0x00, 0x00, 0x00, 0x00, 0x00, 0x00, 0x00, 0x00, 0x00, 0x00, 0x00, 0x00, 0x00, 0x00, 
	0x00, 0x00, 0x00, 0x00, 0x00, 0x00, 0x00, 0x00, 0x00, 0x00, 0x00, 0x00, 0x00, 0x00, 0x00, 0x00, 
	0x00, 0x00, 0x00, 0x00, 0x00, 0x00, 0x00, 0x00, 0x00, 0x00, 0x00, 0x00, 0x00, 0x00, 0x00, 0x00, 
	0x00, 0x00, 0x00, 0x00, 0x00, 0x00, 0x00, 0x00, 0x00, 0x00, 0x00, 0x00, 0x00, 0x00, 0x00, 0x00, 
	0x00, 0x00, 0x00, 0x00, 0x00, 0x00, 0x00, 0x00, 0x00, 0x00, 0x00, 0x00, 0x00, 0x00, 0x00, 0x00, 
	0x00, 0x00, 0x00, 0x00, 0x00, 0x00, 0x00, 0x00, 0x00, 0x00, 0x00, 0x00, 0x00, 0x00, 0x00, 0x00, 
	0x00, 0x00, 0x00, 0x00, 0x00, 0x00, 0x00, 0x00, 0x00, 0x00, 0x00, 0x00, 0x00, 0x00, 0x00, 0x00, 
	0x00, 0x00, 0x00, 0x00, 0x00, 0x00, 0x00, 0x00, 0x00, 0x00, 0x00, 0x00, 0x09, 0xCD, 0x09, 0xCD, 
	0x09, 0xCD, 0x09, 0xCD, 0x09, 0xCD, 0x09, 0xCD, 0x09, 0xCD, 0x09, 0xCD, 0x09, 0xCD, 0x09, 0xCD, 
	0x09, 0xCD, 0x09, 0xCD, 0x09, 0xCD, 0x00, 0x00, 0x00, 0x00, 0x00, 0x00, 0x00, 0x00, 0x00, 0x00, 
	0x00, 0x00, 0x00, 0x00, 0x00, 0x00, 0x00, 0x00, 0x00, 0x00, 0x00, 0x00, 0x00, 0x00, 0x00, 0x00, 
	0x00, 0x00, 0x00, 0x00, 0x00, 0x00, 0x00, 0x00, 0x00, 0x00, 0x00, 0x00, 0x00, 0x00, 0x00, 0x00, 
	0x00, 0x00, 0x00, 0x00, 0x00, 0x00, 0x00, 0x00, 0x00, 0x00, 0x00, 0x00, 0x00, 0x00, 0x00, 0x00, 
	0x00, 0x00, 0x00, 0x00, 0x00, 0x00, 0x00, 0x00, 0x00, 0x00, 0x00, 0x00, 0x00, 0x00, 0x00, 0x00, 
	0x00, 0x00, 0x00, 0x00, 0x00, 0x00, 0x00, 0x00, 0x00, 0x00, 0x00, 0x00, 0x00, 0x00, 0x00, 0x00, 
	0x00, 0x00, 0x00, 0x00, 0x00, 0x00, 0x00, 0x00, 0x00, 0x00, 0x00, 0x00, 0x00, 0x00, 0x00, 0x00, 
	0x00, 0x00, 0x00, 0x00, 0x00, 0x00, 0x00, 0x00, 0x00, 0x00, 0x00, 0x00, 0x00, 0x00, 0x00, 0x00, 
	0x00, 0x00, 0x00, 0x00, 0x00, 0x00, 0x00, 0x00, 0x00, 0x00, 0x00, 0x00, 0x00, 0x00, 0x00, 0x00, 
	0x00, 0x00, 0x00, 0x00, 0x00, 0x00, 0x00, 0x00, 0x00, 0x00, 0x00, 0x00, 0x00, 0x00, 0x00, 0x00, 
	0x00, 0x00, 0x00, 0x00, 0x00, 0x00, 0x00, 0x00, 0x00, 0x00, 0x00, 0x00, 0x00, 0x00, 0x00, 0x00, 
	0x00, 0x00, 0x00, 0x00, 0x00, 0x00, 0x00, 0x00, 0x00, 0x00, 0x00, 0x00, 0x00, 0x00, 0x00, 0x00, 
	0x00, 0x00, 0x00, 0x00, 0x00, 0x00, 0x00, 0x00, 0x00, 0x00, 0x00, 0x00, 0x00, 0x00, 0x00, 0x00, 
	0x00, 0x00, 0x00, 0x00, 0x00, 0x00, 0x00, 0x00, 0x00, 0x00, 0x00, 0x00, 0x00, 0x00, 0x00, 0x00, 
	0x00, 0x00, 0x00, 0x00, 0x00, 0x00, 0x00, 0x00, 0x00, 0x00, 0x00, 0x00, 0x00, 0x00, 0x00, 0x00, 
	0x00, 0x00, 0x00, 0x00, 0x00, 0x00, 0x00, 0x00, 0x00, 0x00, 0x00, 0x00, 0x00, 0x00, 0x00, 0x00, 
	0x00, 0x00, 0x00, 0x00, 0x00, 0x00, 0x00, 0x00, 0x00, 0x00, 0x00, 0x00, 0x00, 0x00, 0x00, 0x00, 
	0x00, 0x00, 0x00, 0x00, 0x00, 0x00, 0x00, 0x00, 0x00, 0x00, 0x00, 0x00, 0x00, 0x00, 0x00, 0x00, 
	0x00, 0x00, 0x00, 0x00, 0x00, 0x00, 0x00, 0x00, 0x00, 0x00, 0x00, 0x00, 0x00, 0x00, 0x00, 0x00, 
	0x00, 0x00, 0x00, 0x00, 0x00, 0x00, 0x00, 0x00, 0x00, 0x00, 0x00, 0x00, 0x00, 0x00, 0x00, 0x00, 
	0x00, 0x00, 0x00, 0x00, 0x00, 0x00, 0x00, 0x00, 0x00, 0x00, 0x00, 0x00, 0x00, 0x00, 0x00, 0x00, 
	0x00, 0x00, 0x00, 0x00, 0x00, 0x00, 0x00, 0x00, 0x00, 0x00, 0x00, 0x00, 0x00, 0x00, 0x00, 0x00, 
	0x00, 0x00, 0x00, 0x00, 0x00, 0x00, 0x00, 0x00, 0x00, 0x00, 0x00, 0x00, 0x00, 0x00, 0x00, 0x00, 
	0x00, 0x00, 0x00, 0x00, 0x00, 0x00, 0x00, 0x00, 0x00, 0x00, 0x00, 0x00, 0x00, 0x00, 0x00, 0x00, 
	0x00, 0x00, 0x00, 0x00, 0x00, 0x00, 0x00, 0x00, 0x00, 0x00, 0x00, 0x00, 0x00, 0x00, 0x00, 0x00, 
	0x00, 0x00, 0x00, 0x00, 0x00, 0x00, 0x00, 0x00, 0x00, 0x00, 0x00, 0x00, 0x00, 0x00, 0x00, 0x00, 
	0x00, 0x00, 0x00, 0x00, 0x00, 0x00, 0x00, 0x00, 0x00, 0x00, 0x00, 0x00, 0x00, 0x00, 0x00, 0x00, 
	0x00, 0x00, 0x00, 0x00, 0x00, 0x00, 0x00, 0x00, 0x00, 0x00, 0x00, 0x00, 0x00, 0x00, 0x00, 0x00, 
	0x00, 0x00, 0x00, 0x00, 0x00, 0x00, 0x00, 0x00, 0x00, 0x00, 0x00, 0x00, 0x00, 0x00, 0x00, 0x00, 
	0x00, 0x00, 0x00, 0x00, 0x00, 0x00, 0x00, 0x00, 0x00, 0x00, 0x00, 0x00, 0x00, 0x00, 0x00, 0x00, 
	0x00, 0x00, 0x00, 0x00, 0x00, 0x00, 0x00, 0x00, 0x00, 0x00, 0x00, 0x00, 0x00, 0x00, 0x00, 0x00, 
	0x00, 0x00, 0x00, 0x00, 0x00, 0x00, 0x00, 0x00, 0x00, 0x00, 0x00, 0x00, 0x00, 0x00, 0x00, 0x00, 
	0x00, 0x00, 0x00, 0x00, 0x00, 0x00, 0x00, 0x00, 0x00, 0x00, 0x00, 0x00, 0x00, 0x00, 0x00, 0x00, 
	0x00, 0x00, 0x00, 0x00, 0x00, 0x00, 0x00, 0x00, 0x00, 0x00, 0x00, 0x00, 0x00, 0x00, 0x00, 0x00, 
	0x00, 0x00, 0x00, 0x00, 0x00, 0x00, 0x00, 0x00, 0x00, 0x00, 0x00, 0x00, 0x00, 0x00, 0x00, 0x00, 
	0x00, 0x00, 0x00, 0x00, 0x00, 0x00, 0x00, 0x00, 0x00, 0x00, 0x00, 0x00, 0x00, 0x00, 0x00, 0x00, 
	0x00, 0x00, 0x00, 0x00, 0x00, 0x00, 0x00, 0x00, 0x00, 0x00, 0x00, 0x00, 0x00, 0x00, 0x00, 0x00, 
	0x00, 0x00, 0x00, 0x00, 0x00, 0x00, 0x00, 0x00, 0x00, 0x00, 0x00, 0x00, 0x00, 0x00, 0x00, 0x00, 
	0x00, 0x00, 0x00, 0x00, 0x00, 0x00, 0x00, 0x00, 0x00, 0x00, 0x00, 0x00, 0x00, 0x00, 0x09, 0xCD, 
	0x09, 0xCD, 0x09, 0xCD, 0x09, 0xCD, 0x09, 0xCD, 0x09, 0xCD, 0x09, 0xCD, 0x09, 0xCD, 0x09, 0xCD, 
	0x09, 0xCD, 0x09, 0xCD, 0x09, 0xCD, 0x09, 0xCD, 0x00, 0x00, 0x00, 0x00, 0x00, 0x00, 0x00, 0x00, 
	0x00, 0x00, 0x00, 0x00, 0x00, 0x00, 0x00, 0x00, 0x00, 0x00, 0x00, 0x00, 0x00, 0x00, 0x00, 0x00, 
	0x00, 0x00, 0x00, 0x00, 0x00, 0x00, 0x00, 0x00, 0x00, 0x00, 0x00, 0x00, 0x00, 0x00, 0x00, 0x00, 
	0x00, 0x00, 0x00, 0x00, 0x00, 0x00, 0x00, 0x00, 0x00, 0x00, 0x00, 0x00, 0x00, 0x00, 0x00, 0x00, 
	0x00, 0x00, 0x00, 0x00, 0x00, 0x00, 0x00, 0x00, 0x00, 0x00, 0x00, 0x00, 0x00, 0x00, 0x00, 0x00, 
	0x00, 0x00, 0x00, 0x00, 0x00, 0x00, 0x00, 0x00, 0x00, 0x00, 0x00, 0x00, 0x00, 0x00, 0x00, 0x00, 
	0x00, 0x00, 0x00, 0x00, 0x00, 0x00, 0x00, 0x00, 0x00, 0x00, 0x00, 0x00, 0x00, 0x00, 0x00, 0x00, 
	0x00, 0x00, 0x00, 0x00, 0x00, 0x00, 0x00, 0x00, 0x00, 0x00, 0x00, 0x00, 0x00, 0x00, 0x00, 0x00, 
	0x00, 0x00, 0x00, 0x00, 0x00, 0x00, 0x00, 0x00, 0x00, 0x00, 0x00, 0x00, 0x00, 0x00, 0x00, 0x00, 
	0x00, 0x00, 0x00, 0x00, 0x00, 0x00, 0x00, 0x00, 0x00, 0x00, 0x00, 0x00, 0x00, 0x00, 0x00, 0x00, 
	0x00, 0x00, 0x00, 0x00, 0x00, 0x00, 0x00, 0x00, 0x00, 0x00, 0x00, 0x00, 0x00, 0x00, 0x00, 0x00, 
	0x00, 0x00, 0x00, 0x00, 0x00, 0x00, 0x00, 0x00, 0x00, 0x00, 0x00, 0x00, 0x00, 0x00, 0x00, 0x00, 
	0x00, 0x00, 0x00, 0x00, 0x00, 0x00, 0x00, 0x00, 0x00, 0x00, 0x00, 0x00, 0x00, 0x00, 0x00, 0x00, 
	0x00, 0x00, 0x00, 0x00, 0x00, 0x00, 0x00, 0x00, 0x00, 0x00, 0x00, 0x00, 0x00, 0x00, 0x00, 0x00, 
	0x00, 0x00, 0x00, 0x00, 0x00, 0x00, 0x00, 0x00, 0x00, 0x00, 0x00, 0x00, 0x00, 0x00, 0x00, 0x00, 
	0x00, 0x00, 0x00, 0x00, 0x00, 0x00, 0x00, 0x00, 0x00, 0x00, 0x00, 0x00, 0x00, 0x00, 0x00, 0x00, 
	0x00, 0x00, 0x00, 0x00, 0x00, 0x00, 0x00, 0x00, 0x00, 0x00, 0x00, 0x00, 0x00, 0x00, 0x00, 0x00, 
	0x00, 0x00, 0x00, 0x00, 0x00, 0x00, 0x00, 0x00, 0x00, 0x00, 0x00, 0x00, 0x00, 0x00, 0x00, 0x00, 
	0x00, 0x00, 0x00, 0x00, 0x00, 0x00, 0x00, 0x00, 0x00, 0x00, 0x00, 0x00, 0x00, 0x00, 0x00, 0x00, 
	0x00, 0x00, 0x00, 0x00, 0x00, 0x00, 0x00, 0x00, 0x00, 0x00, 0x00, 0x00, 0x00, 0x00, 0x00, 0x00, 
	0x00, 0x00, 0x00, 0x00, 0x00, 0x00, 0x00, 0x00, 0x00, 0x00, 0x00, 0x00, 0x00, 0x00, 0x00, 0x00, 
	0x00, 0x00, 0x00, 0x00, 0x00, 0x00, 0x00, 0x00, 0x00, 0x00, 0x00, 0x00, 0x00, 0x00, 0x00, 0x00, 
	0x00, 0x00, 0x00, 0x00, 0x00, 0x00, 0x00, 0x00, 0x00, 0x00, 0x00, 0x00, 0x00, 0x00, 0x00, 0x00, 
	0x00, 0x00, 0x00, 0x00, 0x00, 0x00, 0x00, 0x00, 0x00, 0x00, 0x00, 0x00, 0x00, 0x00, 0x00, 0x00, 
	0x00, 0x00, 0x00, 0x00, 0x00, 0x00, 0x00, 0x00, 0x00, 0x00, 0x00, 0x00, 0x00, 0x00, 0x00, 0x00, 
	0x00, 0x00, 0x00, 0x00, 0x00, 0x00, 0x00, 0x00, 0x00, 0x00, 0x00, 0x00, 0x00, 0x00, 0x00, 0x00, 
	0x00, 0x00, 0x00, 0x00, 0x00, 0x00, 0x00, 0x00, 0x00, 0x00, 0x00, 0x00, 0x00, 0x00, 0x00, 0x00, 
	0x00, 0x00, 0x00, 0x00, 0x00, 0x00, 0x00, 0x00, 0x00, 0x00, 0x00, 0x00, 0x00, 0x00, 0x00, 0x00, 
	0x00, 0x00, 0x00, 0x00, 0x00, 0x00, 0x00, 0x00, 0x00, 0x00, 0x00, 0x00, 0x00, 0x00, 0x00, 0x00, 
	0x00, 0x00, 0x00, 0x00, 0x00, 0x00, 0x00, 0x00, 0x00, 0x00, 0x00, 0x00, 0x00, 0x00, 0x00, 0x00, 
	0x00, 0x00, 0x00, 0x00, 0x00, 0x00, 0x00, 0x00, 0x00, 0x00, 0x00, 0x00, 0x00, 0x00, 0x00, 0x00, 
	0x00, 0x00, 0x00, 0x00, 0x00, 0x00, 0x00, 0x00, 0x00, 0x00, 0x00, 0x00, 0x00, 0x00, 0x00, 0x00, 
	0x00, 0x00, 0x00, 0x00, 0x00, 0x00, 0x00, 0x00, 0x00, 0x00, 0x00, 0x00, 0x00, 0x00, 0x00, 0x00, 
	0x00, 0x00, 0x00, 0x00, 0x00, 0x00, 0x00, 0x00, 0x00, 0x00, 0x00, 0x00, 0x00, 0x00, 0x00, 0x00, 
	0x00, 0x00, 0x00, 0x00, 0x00, 0x00, 0x00, 0x00, 0x00, 0x00, 0x00, 0x00, 0x00, 0x00, 0x00, 0x00, 
	0x00, 0x00, 0x00, 0x00, 0x00, 0x00, 0x00, 0x00, 0x00, 0x00, 0x00, 0x00, 0x00, 0x00, 0x00, 0x00, 
	0x00, 0x00, 0x00, 0x00, 0x00, 0x00, 0x00, 0x00, 0x00, 0x00, 0x00, 0x00, 0x00, 0x00, 0x00, 0x00, 
	0x00, 0x00, 0x00, 0x00, 0x00, 0x00, 0x00, 0x00, 0x00, 0x00, 0x00, 0x00, 0x00, 0x00, 0x00, 0x00, 
	0x00, 0x00, 0x00, 0x00, 0x00, 0x00, 0x00, 0x00, 0x00, 0x00, 0x00, 0x00, 0x00, 0x00, 0x00, 0x00, 
	0x01, 0x29, 0x09, 0xCD, 0x09, 0xCD, 0x09, 0xCD, 0x09, 0xCD, 0x09, 0xCD, 0x09, 0xCD, 0x09, 0xCD, 
	0x09, 0xCD, 0x09, 0xCD, 0x09, 0xCD, 0x09, 0xCD, 0x09, 0xCD, 0x09, 0x4A, 0x00, 0x00, 0x00, 0x00, 
	0x00, 0x00, 0x00, 0x00, 0x00, 0x00, 0x00, 0x00, 0x00, 0x00, 0x00, 0x00, 0x00, 0x00, 0x00, 0x00, 
	0x00, 0xE7, 0x09, 0xCD, 0x09, 0xCD, 0x09, 0xCD, 0x09, 0xCD, 0x09, 0xCD, 0x09, 0xCD, 0x09, 0xCD, 
	0x09, 0xCD, 0x00, 0xA5, 0x00, 0x00, 0x00, 0x00, 0x00, 0x00, 0x00, 0x00, 0x00, 0x00, 0x00, 0x00, 
	0x00, 0x00, 0x00, 0x00, 0x00, 0x00, 0x00, 0x00, 0x00, 0x00, 0x00, 0x00, 0x00, 0x00, 0x00, 0x00, 
	0x00, 0x00, 0x00, 0x00, 0x00, 0x00, 0x00, 0x00, 0x00, 0x00, 0x00, 0x00, 0x00, 0x00, 0x00, 0x00, 
	0x00, 0x00, 0x00, 0x00, 0x00, 0x00, 0x00, 0x00, 0x00, 0x00, 0x00, 0x00, 0x00, 0x00, 0x00, 0x00, 
	0x00, 0x00, 0x00, 0x00, 0x00, 0x00, 0x00, 0x00, 0x00, 0x00, 0x00, 0x00, 0x00, 0x00, 0x00, 0x00, 
	0x00, 0x00, 0x00, 0x00, 0x00, 0x00, 0x00, 0x00, 0x00, 0x00, 0x00, 0x00, 0x00, 0x00, 0x00, 0x00, 
	0x00, 0x00, 0x00, 0x00, 0x00, 0x00, 0x00, 0x00, 0x00, 0x00, 0x00, 0x00, 0x00, 0x00, 0x00, 0x00, 
	0x00, 0x00, 0x00, 0x00, 0x00, 0x00, 0x00, 0x00, 0x00, 0x00, 0x00, 0x00, 0x00, 0x00, 0x00, 0x00, 
	0x00, 0x00, 0x00, 0x00, 0x00, 0x00, 0x00, 0x00, 0x00, 0x00, 0x00, 0x00, 0x00, 0x00, 0x00, 0x00, 
	0x00, 0x00, 0x00, 0x00, 0x00, 0x00, 0x00, 0x00, 0x00, 0x00, 0x00, 0x00, 0x00, 0x00, 0x00, 0x00, 
	0x00, 0x00, 0x00, 0x00, 0x00, 0x00, 0x00, 0x00, 0x00, 0x00, 0x00, 0x00, 0x00, 0x00, 0x00, 0x00, 
	0x00, 0x00, 0x00, 0x00, 0x00, 0x00, 0x00, 0x00, 0x00, 0x00, 0x00, 0x00, 0x00, 0x00, 0x00, 0x00, 
	0x00, 0x00, 0x00, 0x00, 0x00, 0x00, 0x00, 0x00, 0x00, 0x00, 0x00, 0x00, 0x00, 0x00, 0x00, 0x00, 
	0x00, 0x00, 0x00, 0x00, 0x00, 0x00, 0x00, 0x00, 0x00, 0x00, 0x00, 0x00, 0x00, 0x00, 0x00, 0x00, 
	0x00, 0x00, 0x00, 0x00, 0x00, 0x00, 0x00, 0x00, 0x00, 0x00, 0x00, 0x00, 0x00, 0x00, 0x00, 0x00, 
	0x00, 0x00, 0x00, 0x00, 0x00, 0x00, 0x00, 0x00, 0x00, 0x00, 0x00, 0x00, 0x00, 0x00, 0x00, 0x00, 
	0x00, 0x00, 0x00, 0x00, 0x00, 0x00, 0x00, 0x00, 0x00, 0x00, 0x00, 0x00, 0x00, 0x00, 0x00, 0x00, 
	0x00, 0x00, 0x00, 0x00, 0x00, 0x00, 0x00, 0x00, 0x00, 0x00, 0x00, 0x00, 0x00, 0x00, 0x00, 0x00, 
	0x00, 0x00, 0x00, 0x00, 0x00, 0x00, 0x00, 0x00, 0x00, 0x00, 0x00, 0x00, 0x00, 0x00, 0x00, 0x00, 
	0x00, 0x00, 0x00, 0x00, 0x00, 0x00, 0x00, 0x00, 0x00, 0x00, 0x00, 0x00, 0x00, 0x00, 0x00, 0x00, 
	0x00, 0x00, 0x00, 0x00, 0x00, 0x00, 0x00, 0x00, 0x00, 0x00, 0x00, 0x00, 0x00, 0x00, 0x00, 0x00, 
	0x00, 0x00, 0x00, 0x00, 0x00, 0x00, 0x00, 0x00, 0x00, 0x00, 0x00, 0x00, 0x00, 0x00, 0x00, 0x00, 
	0x00, 0x00, 0x00, 0x00, 0x00, 0x00, 0x00, 0x00, 0x00, 0x00, 0x00, 0x00, 0x00, 0x00, 0x00, 0x00, 
	0x00, 0x00, 0x00, 0x00, 0x00, 0x00, 0x00, 0x00, 0x00, 0x00, 0x00, 0x00, 0x00, 0x00, 0x00, 0x00, 
	0x00, 0x00, 0x00, 0x00, 0x00, 0x00, 0x00, 0x00, 0x00, 0x00, 0x00, 0x00, 0x00, 0x00, 0x00, 0x00, 
	0x00, 0x00, 0x00, 0x00, 0x00, 0x00, 0x00, 0x00, 0x00, 0x00, 0x00, 0x00, 0x00, 0x00, 0x00, 0x00, 
	0x00, 0x00, 0x00, 0x00, 0x00, 0x00, 0x00, 0x00, 0x00, 0x00, 0x00, 0x00, 0x00, 0x00, 0x00, 0x00, 
	0x00, 0x00, 0x00, 0x00, 0x00, 0x00, 0x00, 0x00, 0x00, 0x00, 0x00, 0x00, 0x00, 0x00, 0x00, 0x00, 
	0x00, 0x00, 0x00, 0x00, 0x00, 0x00, 0x00, 0x00, 0x00, 0x00, 0x00, 0x00, 0x00, 0x00, 0x00, 0x00, 
	0x00, 0x00, 0x00, 0x00, 0x00, 0x00, 0x00, 0x00, 0x00, 0x00, 0x00, 0x00, 0x00, 0x00, 0x00, 0x00, 
	0x00, 0x00, 0x00, 0x00, 0x00, 0x00, 0x00, 0x00, 0x00, 0x00, 0x00, 0x00, 0x00, 0x00, 0x00, 0x00, 
	0x00, 0x00, 0x00, 0x00, 0x00, 0x00, 0x00, 0x00, 0x00, 0x00, 0x00, 0x00, 0x00, 0x00, 0x00, 0x00, 
	0x00, 0x00, 0x00, 0x00, 0x00, 0x00, 0x00, 0x00, 0x00, 0x00, 0x00, 0x00, 0x00, 0x00, 0x00, 0x00, 
	0x00, 0x00, 0x00, 0x00, 0x00, 0x00, 0x00, 0x00, 0x00, 0x00, 0x00, 0x00, 0x00, 0x00, 0x00, 0x00, 
	0x00, 0x00, 0x00, 0x00, 0x00, 0x00, 0x00, 0x00, 0x00, 0x00, 0x00, 0x00, 0x00, 0x00, 0x00, 0x00, 
	0x00, 0x00, 0x00, 0x00, 0x00, 0x00, 0x00, 0x00, 0x00, 0x00, 0x00, 0x00, 0x00, 0x00, 0x00, 0x00, 
	0x00, 0x00, 0x00, 0x63, 0x09, 0xCD, 0x09, 0xCD, 0x09, 0xCD, 0x09, 0xCD, 0x09, 0xCD, 0x09, 0xCD, 
	0x09, 0xCD, 0x09, 0xCD, 0x09, 0xCD, 0x09, 0xCD, 0x09, 0xCD, 0x09, 0xCD, 0x09, 0xCD, 0x00, 0x00, 
	0x00, 0x00, 0x00, 0x00, 0x00, 0xC6, 0x09, 0x4A, 0x09, 0xCD, 0x09, 0xCD, 0x09, 0xCD, 0x09, 0xCD, 
	0x09, 0xCD, 0x09, 0xCD, 0x09, 0xCD, 0x09, 0xCD, 0x09, 0xCD, 0x09, 0xCD, 0x09, 0xCD, 0x09, 0xCD, 
	0x09, 0xCD, 0x09, 0xCD, 0x09, 0xCD, 0x01, 0x08, 0x00, 0x00, 0x00, 0x00, 0x00, 0x00, 0x00, 0x00, 
	0x00, 0x00, 0x00, 0x00, 0x00, 0x00, 0x00, 0x00, 0x00, 0x00, 0x00, 0x00, 0x00, 0x00, 0x00, 0x00, 
	0x00, 0x00, 0x00, 0x00, 0x00, 0x00, 0x00, 0x00, 0x00, 0x00, 0x00, 0x00, 0x00, 0x00, 0x00, 0x00, 
	0x00, 0x00, 0x00, 0xA5, 0x01, 0x29, 0x09, 0x4A, 0x00, 0xE6, 0x00, 0x00, 0x00, 0x00, 0x00, 0x00, 
	0x00, 0x00, 0x00, 0x00, 0x00, 0x00, 0x00, 0x00, 0x00, 0x00, 0x00, 0x00, 0x00, 0x00, 0x00, 0x00, 
	0x00, 0x00, 0x00, 0x00, 0x00, 0x00, 0x00, 0x00, 0x00, 0x00, 0x00, 0x00, 0x00, 0x00, 0x00, 0x00, 
	0x00, 0x00, 0x00, 0x00, 0x00, 0x00, 0x00, 0x00, 0x00, 0x00, 0x00, 0x00, 0x00, 0x00, 0x00, 0x00, 
	0x00, 0x00, 0x00, 0x00, 0x00, 0x00, 0x00, 0x00, 0x00, 0x00, 0x00, 0x00, 0x00, 0x00, 0x00, 0x00, 
	0x00, 0x00, 0x00, 0x00, 0x00, 0x00, 0x00, 0x00, 0x00, 0x00, 0x00, 0x00, 0x00, 0x00, 0x00, 0x00, 
	0x00, 0x00, 0x00, 0x00, 0x09, 0x4A, 0x09, 0xCD, 0x09, 0xCD, 0x09, 0xCD, 0x09, 0xCD, 0x09, 0xCD, 
	0x09, 0xCD, 0x00, 0x00, 0x00, 0x00, 0x00, 0x00, 0x00, 0x00, 0x00, 0x00, 0x00, 0x00, 0x00, 0x00, 
	0x00, 0x00, 0x00, 0x00, 0x00, 0x00, 0x00, 0x00, 0x00, 0x00, 0x00, 0x00, 0x00, 0x00, 0x00, 0x00, 
	0x00, 0x00, 0x00, 0x00, 0x00, 0x00, 0x00, 0x00, 0x00, 0x00, 0x00, 0x00, 0x00, 0x00, 0x00, 0x00, 
	0x00, 0x00, 0x00, 0x00, 0x00, 0x00, 0x00, 0x00, 0x00, 0x00, 0x00, 0x00, 0x00, 0x00, 0x00, 0x00, 
	0x00, 0x00, 0x00, 0x00, 0x00, 0x00, 0x00, 0x00, 0x00, 0x00, 0x00, 0x00, 0x00, 0x00, 0x00, 0x00, 
	0x00, 0x00, 0x00, 0x00, 0x00, 0x00, 0x00, 0x00, 0x00, 0x00, 0x00, 0x00, 0x00, 0x00, 0x00, 0x00, 
	0x00, 0x00, 0x00, 0x00, 0x00, 0x00, 0x00, 0x00, 0x00, 0x00, 0x00, 0x00, 0x00, 0x00, 0x00, 0x00, 
	0x00, 0x00, 0x00, 0x00, 0x00, 0x00, 0x00, 0x00, 0x00, 0x00, 0x00, 0x00, 0x00, 0x00, 0x00, 0x00, 
	0x00, 0x00, 0x00, 0x00, 0x00, 0x00, 0x00, 0x00, 0x00, 0x00, 0x00, 0x00, 0x00, 0x00, 0x00, 0x00, 
	0x00, 0x00, 0x00, 0x00, 0x00, 0x00, 0x00, 0x00, 0x00, 0x00, 0x00, 0x00, 0x00, 0x00, 0x00, 0x00, 
	0x00, 0x00, 0x00, 0x00, 0x00, 0x00, 0x00, 0x00, 0x00, 0x00, 0x00, 0x00, 0x00, 0x00, 0x00, 0x00, 
	0x00, 0x00, 0x00, 0x00, 0x00, 0x00, 0x00, 0x00, 0x00, 0x00, 0x00, 0x00, 0x00, 0x00, 0x00, 0x00, 
	0x00, 0x00, 0x00, 0x00, 0x00, 0x00, 0x00, 0x00, 0x00, 0x00, 0x00, 0x00, 0x00, 0x00, 0x00, 0x00, 
	0x00, 0x00, 0x00, 0x00, 0x00, 0x00, 0x00, 0x00, 0x00, 0x00, 0x00, 0x00, 0x00, 0x00, 0x00, 0x00, 
	0x00, 0x00, 0x00, 0x00, 0x00, 0x00, 0x00, 0x00, 0x00, 0x00, 0x00, 0x00, 0x00, 0x00, 0x00, 0x00, 
	0x00, 0x00, 0x00, 0x00, 0x00, 0x00, 0x00, 0x00, 0x00, 0x00, 0x00, 0x00, 0x00, 0x00, 0x00, 0x00, 
	0x00, 0x00, 0x00, 0x00, 0x00, 0x00, 0x00, 0x00, 0x00, 0x00, 0x00, 0x00, 0x00, 0x00, 0x00, 0x00, 
	0x00, 0x00, 0x00, 0x00, 0x00, 0x00, 0x00, 0x63, 0x00, 0x63, 0x00, 0x63, 0x00, 0x63, 0x00, 0x00, 
	0x00, 0x00, 0x00, 0x00, 0x00, 0x00, 0x00, 0x00, 0x00, 0x00, 0x00, 0x00, 0x00, 0x00, 0x00, 0x00, 
	0x00, 0x00, 0x00, 0x00, 0x00, 0x00, 0x00, 0x00, 0x00, 0x00, 0x00, 0x00, 0x00, 0x00, 0x00, 0x00, 
	0x00, 0x00, 0x00, 0x00, 0x00, 0x00, 0x00, 0x00, 0x00, 0x00, 0x00, 0x00, 0x00, 0x00, 0x00, 0x00, 
	0x00, 0x00, 0x00, 0x00, 0x00, 0x00, 0x00, 0x00, 0x00, 0x00, 0x00, 0x00, 0x00, 0x00, 0x00, 0x00, 
	0x00, 0x00, 0x00, 0x00, 0x00, 0x00, 0x00, 0x00, 0x00, 0x00, 0x00, 0x00, 0x00, 0x00, 0x00, 0x00, 
	0x00, 0x00, 0x00, 0x00, 0x00, 0x00, 0x00, 0x00, 0x00, 0x00, 0x00, 0x00, 0x00, 0x00, 0x00, 0x00, 
	0x00, 0x00, 0x00, 0x00, 0x00, 0x00, 0x00, 0x00, 0x00, 0x00, 0x00, 0x00, 0x00, 0x00, 0x00, 0x00, 
	0x00, 0x00, 0x00, 0x00, 0x00, 0x00, 0x00, 0x00, 0x00, 0x00, 0x00, 0x00, 0x00, 0x00, 0x00, 0x00, 
	0x00, 0x00, 0x00, 0x00, 0x00, 0x00, 0x09, 0xCD, 0x09, 0xCD, 0x09, 0xCD, 0x09, 0xCD, 0x09, 0xCD, 
	0x09, 0xCD, 0x09, 0xCD, 0x09, 0xCD, 0x09, 0xCD, 0x09, 0xCD, 0x09, 0xCD, 0x09, 0xCD, 0x09, 0xCD, 
	0x09, 0xCD, 0x09, 0xCD, 0x09, 0xCD, 0x09, 0xCD, 0x09, 0xCD, 0x09, 0xCD, 0x09, 0xCD, 0x09, 0xCD, 
	0x09, 0xCD, 0x09, 0xCD, 0x09, 0xCD, 0x09, 0xCD, 0x09, 0xCD, 0x09, 0xCD, 0x09, 0xCD, 0x09, 0xCD, 
	0x09, 0xCD, 0x09, 0xCD, 0x09, 0xCD, 0x09, 0xCD, 0x09, 0xCD, 0x00, 0x00, 0x00, 0x00, 0x00, 0x00, 
	0x00, 0x00, 0x00, 0x00, 0x00, 0x00, 0x00, 0x00, 0x00, 0x00, 0x00, 0x00, 0x00, 0x00, 0x00, 0x00, 
	0x00, 0x00, 0x00, 0x00, 0x00, 0x00, 0x00, 0x00, 0x00, 0x00, 0x00, 0x00, 0x00, 0xE7, 0x09, 0xCD, 
	0x09, 0xCD, 0x09, 0xCD, 0x09, 0xCD, 0x09, 0xCD, 0x09, 0xCD, 0x09, 0xCD, 0x09, 0xCD, 0x00, 0xA5, 
	0x00, 0x00, 0x00, 0x00, 0x00, 0x00, 0x00, 0x00, 0x00, 0x00, 0x00, 0x00, 0x00, 0x00, 0x00, 0x00, 
	0x00, 0x00, 0x00, 0x00, 0x00, 0x00, 0x00, 0x00, 0x00, 0x00, 0x00, 0x00, 0x00, 0x00, 0x00, 0x00, 
	0x00, 0x00, 0x00, 0x00, 0x00, 0x00, 0x00, 0x00, 0x00, 0x00, 0x00, 0x00, 0x00, 0x00, 0x00, 0x00, 
	0x00, 0x00, 0x00, 0x00, 0x00, 0x00, 0x00, 0x00, 0x00, 0x00, 0x00, 0x00, 0x00, 0x00, 0x00, 0x00, 
	0x00, 0x00, 0x00, 0x00, 0x00, 0x00, 0x00, 0x00, 0x00, 0x00, 0x00, 0x00, 0x00, 0x00, 0x00, 0x00, 
	0x00, 0x00, 0x09, 0xAC, 0x09, 0xCD, 0x09, 0xCD, 0x09, 0xCD, 0x09, 0xCD, 0x09, 0xCD, 0x09, 0xCD, 
	0x09, 0xCD, 0x09, 0xCD, 0x00, 0xC6, 0x00, 0x00, 0x00, 0x00, 0x00, 0x00, 0x00, 0x00, 0x00, 0x00, 
	0x00, 0x00, 0x00, 0x00, 0x00, 0x00, 0x00, 0x00, 0x00, 0x00, 0x00, 0x00, 0x00, 0x00, 0x00, 0x00, 
	0x00, 0x00, 0x00, 0x00, 0x00, 0x00, 0x00, 0x00, 0x00, 0x00, 0x00, 0x00, 0x00, 0x00, 0x00, 0x00, 
	0x00, 0x00, 0x00, 0x00, 0x00, 0x00, 0x00, 0x00, 0x00, 0x00, 0x00, 0x00, 0x00, 0x00, 0x00, 0x00, 
	0x00, 0x00, 0x00, 0x00, 0x00, 0x00, 0x00, 0x00, 0x00, 0x00, 0x00, 0x00, 0x00, 0x00, 0x00, 0x00, 
	0x00, 0x00, 0x00, 0x00, 0x00, 0x00, 0x00, 0x00, 0x00, 0x00, 0x00, 0x00, 0x00, 0x00, 0x00, 0x00, 
	0x00, 0x00, 0x00, 0x00, 0x00, 0x00, 0x00, 0x00, 0x00, 0x00, 0x00, 0x00, 0x00, 0x00, 0x00, 0x00, 
	0x00, 0x00, 0x00, 0x00, 0x00, 0x00, 0x00, 0x00, 0x00, 0x00, 0x00, 0x00, 0x00, 0x00, 0x00, 0x00, 
	0x00, 0x00, 0x00, 0x00, 0x00, 0x00, 0x00, 0x00, 0x00, 0x00, 0x00, 0x00, 0x00, 0x00, 0x00, 0x00, 
	0x00, 0x00, 0x00, 0x00, 0x00, 0x00, 0x00, 0x00, 0x00, 0x00, 0x00, 0x00, 0x00, 0x00, 0x00, 0x00, 
	0x00, 0x00, 0x00, 0x00, 0x00, 0x00, 0x00, 0x00, 0x00, 0x00, 0x00, 0x00, 0x00, 0x00, 0x00, 0x00, 
	0x00, 0x00, 0x00, 0x00, 0x00, 0x00, 0x00, 0x00, 0x00, 0x00, 0x00, 0x00, 0x00, 0x00, 0x00, 0x00, 
	0x00, 0x00, 0x00, 0x00, 0x00, 0x00, 0x00, 0x00, 0x00, 0x00, 0x00, 0x00, 0x00, 0x00, 0x00, 0x00, 
	0x00, 0x00, 0x00, 0x00, 0x00, 0x00, 0x00, 0x00, 0x00, 0x00, 0x00, 0x00, 0x00, 0x00, 0x00, 0x00, 
	0x00, 0x00, 0x00, 0x00, 0x00, 0x00, 0x00, 0x00, 0x00, 0x00, 0x00, 0x00, 0x00, 0x00, 0x00, 0x00, 
	0x00, 0x00, 0x00, 0x00, 0x00, 0x00, 0x00, 0x00, 0x00, 0x00, 0x00, 0x00, 0x00, 0x00, 0x00, 0x00, 
	0x00, 0x00, 0x00, 0x00, 0x00, 0x00, 0x09, 0xAC, 0x09, 0xCD, 0x09, 0xCD, 0x09, 0xCD, 0x09, 0xCD, 
	0x09, 0xCD, 0x09, 0xCD, 0x09, 0xCD, 0x09, 0xCD, 0x09, 0xCD, 0x09, 0xCD, 0x09, 0xCD, 0x09, 0xCD, 
	0x09, 0xCD, 0x09, 0xCD, 0x09, 0xCD, 0x09, 0xCD, 0x09, 0xCD, 0x09, 0xCD, 0x00, 0xA5, 0x00, 0x00, 
	0x00, 0x00, 0x00, 0x00, 0x00, 0x00, 0x00, 0x00, 0x00, 0x00, 0x00, 0x00, 0x00, 0x00, 0x00, 0x00, 
	0x00, 0x00, 0x00, 0x00, 0x00, 0x00, 0x00, 0x00, 0x00, 0x00, 0x00, 0x00, 0x00, 0x00, 0x00, 0x00, 
	0x00, 0x00, 0x00, 0x00, 0x00, 0x00, 0x00, 0x00, 0x00, 0x00, 0x00, 0x00, 0x00, 0x00, 0x00, 0x00, 
	0x00, 0x00, 0x00, 0x00, 0x00, 0x00, 0x00, 0x00, 0x00, 0x00, 0x00, 0x00, 0x00, 0x00, 0x00, 0x00, 
	0x00, 0x00, 0x00, 0x00, 0x00, 0x00, 0x00, 0x00, 0x00, 0x00, 0x00, 0x00, 0x00, 0x00, 0x00, 0x00, 
	0x00, 0x00, 0x00, 0x00, 0x00, 0x00, 0x00, 0x00, 0x00, 0x00, 0x00, 0x00, 0x00, 0x00, 0x00, 0x00, 
	0x00, 0x00, 0x00, 0x00, 0x00, 0x00, 0x00, 0x00, 0x00, 0x00, 0x00, 0x00, 0x00, 0x00, 0x00, 0x00, 
	0x00, 0x00, 0x00, 0x00, 0x00, 0x00, 0x00, 0x00, 0x00, 0x84, 0x09, 0xCD, 0x09, 0xCD, 0x09, 0xCD, 
	0x09, 0xCD, 0x09, 0xCD, 0x09, 0xCD, 0x09, 0xCD, 0x09, 0xCD, 0x09, 0xCD, 0x09, 0xCD, 0x09, 0xCD, 
	0x09, 0xCD, 0x09, 0xCD, 0x09, 0xCD, 0x09, 0xCD, 0x09, 0xCD, 0x09, 0xCD, 0x09, 0xCD, 0x09, 0xCD, 
	0x09, 0xCD, 0x09, 0xCD, 0x09, 0xCD, 0x09, 0xCD, 0x09, 0xCD, 0x09, 0xCD, 0x09, 0xCD, 0x09, 0xCD, 
	0x09, 0xCD, 0x09, 0xCD, 0x09, 0xCD, 0x09, 0xCD, 0x09, 0xCD, 0x09, 0xCD, 0x00, 0x00, 0x00, 0x00, 
	0x00, 0x00, 0x00, 0x00, 0x00, 0x00, 0x00, 0x00, 0x00, 0x00, 0x00, 0x00, 0x00, 0x00, 0x00, 0x00, 
	0x00, 0x00, 0x00, 0x00, 0x00, 0x00, 0x00, 0x00, 0x00, 0x42, 0x09, 0xCD, 0x09, 0xCD, 0x09, 0xCD, 
	0x09, 0xCD, 0x09, 0xCD, 0x09, 0xCD, 0x09, 0xCD, 0x09, 0xCD, 0x09, 0xCD, 0x09, 0xCD, 0x09, 0xCD, 
	0x09, 0xCD, 0x00, 0xC6, 0x00, 0x00, 0x00, 0x00, 0x00, 0x00, 0x00, 0x00, 0x00, 0x00, 0x00, 0x00, 
	0x00, 0x00, 0x00, 0x00, 0x00, 0x00, 0x00, 0x00, 0x00, 0x00, 0x00, 0x00, 0x00, 0x00, 0x00, 0x00, 
	0x00, 0x00, 0x00, 0x00, 0x00, 0x00, 0x00, 0x00, 0x00, 0x00, 0x00, 0x00, 0x00, 0x00, 0x00, 0x00, 
	0x00, 0x00, 0x00, 0x00, 0x00, 0x00, 0x00, 0x00, 0x00, 0x00, 0x00, 0x00, 0x00, 0x00, 0x00, 0x00, 
	0x00, 0x00, 0x00, 0x00, 0x00, 0x00, 0x00, 0x00, 0x00, 0x00, 0x00, 0x00, 0x00, 0x00, 0x00, 0x00, 
	0x00, 0x42, 0x09, 0xCD, 0x09, 0xCD, 0x09, 0xCD, 0x09, 0xCD, 0x09, 0xCD, 0x09, 0xCD, 0x09, 0xCD, 
	0x09, 0xCD, 0x09, 0xCD, 0x00, 0x00, 0x00, 0x00, 0x00, 0x00, 0x00, 0x00, 0x00, 0x00, 0x00, 0x00, 
	0x00, 0x00, 0x00, 0x00, 0x00, 0x00, 0x00, 0x00, 0x00, 0x00, 0x00, 0x00, 0x00, 0x00, 0x00, 0x00, 
	0x00, 0x00, 0x00, 0x00, 0x00, 0x00, 0x00, 0x00, 0x00, 0x00, 0x00, 0x00, 0x00, 0x00, 0x00, 0x00, 
	0x00, 0x00, 0x00, 0x00, 0x00, 0x00, 0x00, 0x00, 0x00, 0x00, 0x00, 0x00, 0x00, 0x00, 0x00, 0x00, 
	0x00, 0x00, 0x00, 0x00, 0x00, 0x00, 0x00, 0x00, 0x00, 0x00, 0x00, 0x00, 0x00, 0x00, 0x00, 0x00, 
	0x00, 0x00, 0x00, 0x00, 0x00, 0x00, 0x00, 0x00, 0x00, 0x00, 0x00, 0x00, 0x00, 0x00, 0x00, 0x00, 
	0x00, 0x00, 0x00, 0x00, 0x00, 0x00, 0x00, 0x00, 0x00, 0x00, 0x00, 0x00, 0x00, 0x00, 0x00, 0x00, 
	0x00, 0x00, 0x00, 0x00, 0x00, 0x00, 0x00, 0x00, 0x00, 0x00, 0x00, 0x00, 0x00, 0x00, 0x00, 0x00, 
	0x00, 0x00, 0x00, 0x00, 0x00, 0x00, 0x00, 0x00, 0x00, 0x00, 0x00, 0x00, 0x00, 0x00, 0x00, 0x00, 
	0x00, 0x00, 0x00, 0x00, 0x00, 0x00, 0x00, 0x00, 0x00, 0x00, 0x00, 0x00, 0x00, 0x00, 0x00, 0x00, 
	0x00, 0x00, 0x00, 0x00, 0x00, 0x00, 0x00, 0x00, 0x00, 0x00, 0x00, 0x00, 0x00, 0x00, 0x00, 0x00, 
	0x00, 0x00, 0x00, 0x00, 0x00, 0x00, 0x00, 0x00, 0x00, 0x00, 0x00, 0x00, 0x00, 0x00, 0x00, 0x00, 
	0x00, 0x00, 0x00, 0x00, 0x00, 0x00, 0x00, 0x00, 0x00, 0x00, 0x00, 0x00, 0x00, 0x00, 0x00, 0x00, 
	0x00, 0x00, 0x00, 0x00, 0x00, 0x00, 0x00, 0x00, 0x00, 0x00, 0x00, 0x00, 0x00, 0x00, 0x00, 0x00, 
	0x00, 0x00, 0x00, 0x00, 0x00, 0x00, 0x00, 0x00, 0x00, 0x00, 0x00, 0x00, 0x00, 0x00, 0x00, 0x00, 
	0x00, 0x00, 0x00, 0x00, 0x00, 0x00, 0x00, 0x00, 0x00, 0x00, 0x00, 0x00, 0x00, 0x00, 0x00, 0x42, 
	0x09, 0xCD, 0x09, 0xCD, 0x09, 0xCD, 0x09, 0xCD, 0x09, 0xCD, 0x09, 0xCD, 0x09, 0xCD, 0x09, 0xCD, 
	0x09, 0xCD, 0x09, 0xCD, 0x09, 0xCD, 0x09, 0xCD, 0x09, 0xCD, 0x09, 0xCD, 0x09, 0xCD, 0x09, 0xCD, 
	0x09, 0xCD, 0x09, 0xCD, 0x09, 0xCD, 0x09, 0xCD, 0x09, 0xCD, 0x09, 0xCD, 0x09, 0xCD, 0x09, 0xCD, 
	0x09, 0xCD, 0x00, 0xC6, 0x00, 0x00, 0x00, 0x00, 0x00, 0x00, 0x00, 0x00, 0x00, 0x00, 0x00, 0x00, 
	0x00, 0x00, 0x00, 0x00, 0x00, 0x00, 0x00, 0x00, 0x00, 0x00, 0x00, 0x00, 0x00, 0x00, 0x00, 0x00, 
	0x00, 0x00, 0x00, 0x00, 0x00, 0x00, 0x00, 0x00, 0x00, 0x00, 0x00, 0x00, 0x00, 0x00, 0x00, 0x00, 
	0x00, 0x00, 0x00, 0x00, 0x00, 0x00, 0x00, 0x00, 0x00, 0x00, 0x00, 0x00, 0x00, 0x00, 0x00, 0x00, 
	0x00, 0x00, 0x00, 0x00, 0x00, 0x00, 0x00, 0x00, 0x00, 0x00, 0x00, 0x00, 0x00, 0x00, 0x00, 0x00, 
	0x00, 0x00, 0x00, 0x00, 0x00, 0x00, 0x00, 0x00, 0x00, 0x00, 0x00, 0x00, 0x00, 0x00, 0x00, 0x00, 
	0x00, 0x00, 0x00, 0x00, 0x00, 0x00, 0x00, 0x00, 0x00, 0x00, 0x00, 0x00, 0x00, 0x00, 0x00, 0x00, 
	0x00, 0x00, 0x00, 0x00, 0x00, 0x00, 0x00, 0x00, 0x00, 0x00, 0x00, 0x00, 0x09, 0xCD, 0x09, 0xCD, 
	0x09, 0xCD, 0x09, 0xCD, 0x09, 0xCD, 0x09, 0xCD, 0x09, 0xCD, 0x09, 0xCD, 0x09, 0xCD, 0x09, 0xCD, 
	0x09, 0xCD, 0x09, 0xCD, 0x09, 0xCD, 0x09, 0xCD, 0x09, 0xCD, 0x09, 0xCD, 0x09, 0xCD, 0x09, 0xCD, 
	0x09, 0xCD, 0x09, 0xCD, 0x09, 0xCD, 0x09, 0xCD, 0x09, 0xCD, 0x09, 0xCD, 0x09, 0xCD, 0x09, 0xCD, 
	0x09, 0xCD, 0x09, 0xCD, 0x09, 0xCD, 0x09, 0xCD, 0x09, 0xCD, 0x09, 0xCD, 0x00, 0x63, 0x00, 0x00, 
	0x00, 0x00, 0x00, 0x00, 0x00, 0x00, 0x00, 0x00, 0x00, 0x00, 0x00, 0x00, 0x00, 0x00, 0x00, 0x00, 
	0x00, 0x00, 0x00, 0x00, 0x00, 0x00, 0x09, 0x6B, 0x09, 0xCD, 0x09, 0xCD, 0x09, 0xCD, 0x09, 0xCD, 
	0x09, 0xCD, 0x09, 0xCD, 0x09, 0xCD, 0x09, 0xCD, 0x09, 0xCD, 0x09, 0xCD, 0x09, 0xCD, 0x09, 0xCD, 
	0x09, 0xCD, 0x09, 0xCD, 0x00, 0x63, 0x00, 0x00, 0x00, 0x00, 0x00, 0x00, 0x00, 0x00, 0x00, 0x00, 
	0x00, 0x00, 0x00, 0x00, 0x00, 0x00, 0x00, 0x00, 0x00, 0x00, 0x00, 0x00, 0x00, 0x00, 0x00, 0x00, 
	0x00, 0x00, 0x00, 0x00, 0x00, 0x00, 0x00, 0x00, 0x00, 0x00, 0x00, 0x00, 0x00, 0x00, 0x00, 0x00, 
	0x00, 0x00, 0x00, 0x00, 0x00, 0x00, 0x00, 0x00, 0x00, 0x00, 0x00, 0x00, 0x00, 0x00, 0x00, 0x00, 
	0x00, 0x00, 0x00, 0x00, 0x00, 0x00, 0x00, 0x00, 0x00, 0x00, 0x00, 0x00, 0x00, 0x00, 0x00, 0x00, 
	0x09, 0xCD, 0x09, 0xCD, 0x09, 0xCD, 0x09, 0xCD, 0x09, 0xCD, 0x09, 0xCD, 0x09, 0xCD, 0x09, 0xCD, 
	0x09, 0xCD, 0x00, 0xE6, 0x00, 0x00, 0x00, 0x00, 0x00, 0x00, 0x00, 0x00, 0x00, 0x00, 0x00, 0x00, 
	0x00, 0x00, 0x00, 0x00, 0x00, 0x00, 0x00, 0x00, 0x00, 0x00, 0x00, 0x00, 0x00, 0x00, 0x00, 0x00, 
	0x00, 0x00, 0x00, 0x00, 0x00, 0x00, 0x00, 0x00, 0x00, 0x00, 0x00, 0x00, 0x00, 0x00, 0x00, 0x00, 
	0x00, 0x00, 0x00, 0x00, 0x00, 0x00, 0x00, 0x00, 0x00, 0x00, 0x00, 0x00, 0x00, 0x00, 0x00, 0x00, 
	0x00, 0x00, 0x00, 0x00, 0x00, 0x00, 0x00, 0x00, 0x00, 0x00, 0x00, 0x00, 0x00, 0x00, 0x00, 0x00, 
	0x00, 0x00, 0x00, 0x00, 0x00, 0x00, 0x00, 0x00, 0x00, 0x00, 0x00, 0x00, 0x00, 0x00, 0x00, 0x00, 
	0x00, 0x00, 0x00, 0x00, 0x00, 0x00, 0x00, 0x00, 0x00, 0x00, 0x00, 0x00, 0x00, 0x00, 0x00, 0x00, 
	0x00, 0x00, 0x00, 0x00, 0x00, 0x00, 0x00, 0x00, 0x00, 0x00, 0x00, 0x00, 0x00, 0x00, 0x00, 0x00, 
	0x00, 0x00, 0x00, 0x00, 0x00, 0x00, 0x00, 0x00, 0x00, 0x00, 0x00, 0x00, 0x00, 0x00, 0x00, 0x00, 
	0x00, 0x00, 0x00, 0x00, 0x00, 0x00, 0x00, 0x00, 0x00, 0x00, 0x00, 0x00, 0x00, 0x00, 0x00, 0x00, 
	0x00, 0x00, 0x00, 0x00, 0x00, 0x00, 0x00, 0x00, 0x00, 0x00, 0x00, 0x00, 0x00, 0x00, 0x00, 0x00, 
	0x00, 0x00, 0x00, 0x00, 0x00, 0x00, 0x00, 0x00, 0x00, 0x00, 0x00, 0x00, 0x00, 0x00, 0x00, 0x00, 
	0x00, 0x00, 0x00, 0x00, 0x00, 0x00, 0x00, 0x00, 0x00, 0x00, 0x00, 0x00, 0x00, 0x00, 0x00, 0x00, 
	0x00, 0x00, 0x00, 0x00, 0x00, 0x00, 0x00, 0x00, 0x00, 0x00, 0x00, 0x00, 0x00, 0x00, 0x00, 0x00, 
	0x00, 0x00, 0x00, 0x00, 0x00, 0x00, 0x00, 0x00, 0x00, 0x00, 0x00, 0x00, 0x00, 0x00, 0x00, 0x00, 
	0x00, 0x00, 0x00, 0x00, 0x00, 0x00, 0x00, 0x00, 0x00, 0x00, 0x09, 0xAC, 0x09, 0xCD, 0x09, 0xCD, 
	0x09, 0xCD, 0x09, 0xCD, 0x09, 0xCD, 0x09, 0xCD, 0x09, 0xCD, 0x09, 0xCD, 0x09, 0xCD, 0x09, 0xCD, 
	0x09, 0xCD, 0x09, 0xCD, 0x09, 0xCD, 0x09, 0xCD, 0x09, 0xCD, 0x09, 0xCD, 0x09, 0xCD, 0x09, 0xCD, 
	0x09, 0xCD, 0x09, 0xCD, 0x09, 0xCD, 0x09, 0xCD, 0x09, 0xCD, 0x09, 0xCD, 0x09, 0xCD, 0x09, 0xCD, 
	0x09, 0xCD, 0x09, 0xCD, 0x09, 0xCD, 0x09, 0xCD, 0x00, 0x00, 0x00, 0x00, 0x00, 0x00, 0x00, 0x00, 
	0x00, 0x00, 0x00, 0x00, 0x00, 0x00, 0x00, 0x00, 0x00, 0x00, 0x00, 0x00, 0x00, 0x00, 0x00, 0x00, 
	0x00, 0x00, 0x00, 0x00, 0x00, 0x00, 0x00, 0x00, 0x00, 0x00, 0x00, 0x00, 0x00, 0x00, 0x00, 0x00, 
	0x00, 0x00, 0x00, 0x00, 0x00, 0x00, 0x00, 0x00, 0x00, 0x00, 0x00, 0x00, 0x00, 0x00, 0x00, 0x00, 
	0x00, 0x00, 0x00, 0x00, 0x00, 0x00, 0x00, 0x00, 0x00, 0x00, 0x00, 0x00, 0x00, 0x00, 0x00, 0x00, 
	0x00, 0x00, 0x00, 0x00, 0x00, 0x00, 0x00, 0x00, 0x00, 0x00, 0x00, 0x00, 0x00, 0x00, 0x00, 0x00, 
	0x00, 0x00, 0x00, 0x00, 0x00, 0x00, 0x00, 0x00, 0x00, 0x00, 0x00, 0x00, 0x00, 0x00, 0x00, 0x00, 
	0x00, 0x00, 0x00, 0x00, 0x00, 0x00, 0x00, 0x00, 0x00, 0x00, 0x00, 0x00, 0x00, 0x00, 0x09, 0xCD, 
	0x09, 0xCD, 0x09, 0xCD, 0x09, 0xCD, 0x09, 0xCD, 0x09, 0xCD, 0x09, 0xCD, 0x09, 0xCD, 0x09, 0xCD, 
	0x09, 0xCD, 0x09, 0xCD, 0x09, 0xCD, 0x09, 0xCD, 0x09, 0xCD, 0x09, 0xCD, 0x09, 0xCD, 0x09, 0xCD, 
	0x09, 0xCD, 0x09, 0xCD, 0x09, 0xCD, 0x09, 0xCD, 0x09, 0xCD, 0x09, 0xCD, 0x09, 0xCD, 0x09, 0xCD, 
	0x09, 0xCD, 0x09, 0xCD, 0x09, 0xCD, 0x09, 0xCD, 0x09, 0xCD, 0x09, 0xCD, 0x09, 0xCD, 0x00, 0x00, 
	0x00, 0x00, 0x00, 0x00, 0x00, 0x00, 0x00, 0x00, 0x00, 0x00, 0x00, 0x00, 0x00, 0x00, 0x00, 0x00, 
	0x00, 0x00, 0x00, 0x00, 0x00, 0x00, 0x09, 0xCD, 0x09, 0xCD, 0x09, 0xCD, 0x09, 0xCD, 0x09, 0xCD, 
	0x09, 0xCD, 0x09, 0xCD, 0x09, 0xCD, 0x09, 0xCD, 0x09, 0xCD, 0x09, 0xCD, 0x09, 0xCD, 0x09, 0xCD, 
	0x09, 0xCD, 0x09, 0xCD, 0x09, 0xCD, 0x00, 0x00, 0x00, 0x00, 0x00, 0x00, 0x00, 0x00, 0x00, 0x00, 
	0x00, 0x00, 0x00, 0x00, 0x00, 0x00, 0x00, 0x00, 0x00, 0x00, 0x00, 0x00, 0x00, 0x00, 0x00, 0x00, 
	0x00, 0x00, 0x00, 0x00, 0x00, 0x00, 0x00, 0x00, 0x00, 0x00, 0x00, 0x00, 0x00, 0x00, 0x00, 0x00, 
	0x00, 0x00, 0x00, 0x00, 0x00, 0x00, 0x00, 0x00, 0x00, 0x00, 0x00, 0x00, 0x00, 0x00, 0x00, 0x00, 
	0x00, 0x00, 0x00, 0x00, 0x00, 0x00, 0x00, 0x00, 0x00, 0x00, 0x00, 0x00, 0x00, 0x00, 0x00, 0x00, 
	0x09, 0xCD, 0x09, 0xCD, 0x09, 0xCD, 0x09, 0xCD, 0x09, 0xCD, 0x00, 0x00, 0x00, 0x00, 0x00, 0x00, 
	0x09, 0xCD, 0x00, 0x00, 0x00, 0x00, 0x00, 0x00, 0x00, 0x00, 0x00, 0x00, 0x00, 0x00, 0x00, 0x00, 
	0x00, 0x00, 0x00, 0x00, 0x00, 0x00, 0x00, 0x00, 0x00, 0x00, 0x00, 0x00, 0x00, 0x00, 0x00, 0x00, 
	0x00, 0x00, 0x00, 0x00, 0x00, 0x00, 0x00, 0x00, 0x00, 0x00, 0x00, 0x00, 0x00, 0x00, 0x00, 0x00, 
	0x00, 0x00, 0x00, 0x00, 0x00, 0x00, 0x00, 0x00, 0x00, 0x00, 0x00, 0x00, 0x00, 0x00, 0x00, 0x00, 
	0x00, 0x00, 0x00, 0x00, 0x00, 0x00, 0x00, 0x00, 0x00, 0x00, 0x00, 0x00, 0x00, 0x00, 0x00, 0x00, 
	0x00, 0x00, 0x00, 0x00, 0x00, 0x00, 0x00, 0x00, 0x00, 0x00, 0x00, 0x00, 0x00, 0x00, 0x00, 0x00, 
	0x00, 0x00, 0x00, 0x00, 0x00, 0x00, 0x00, 0x00, 0x00, 0x00, 0x00, 0x00, 0x00, 0x00, 0x00, 0x00, 
	0x00, 0x00, 0x00, 0x00, 0x00, 0x00, 0x00, 0x00, 0x00, 0x00, 0x00, 0x00, 0x00, 0x00, 0x00, 0x00, 
	0x00, 0x00, 0x00, 0x00, 0x00, 0x00, 0x00, 0x00, 0x00, 0x00, 0x00, 0x00, 0x00, 0x00, 0x00, 0x00, 
	0x00, 0x00, 0x00, 0x00, 0x00, 0x00, 0x00, 0x00, 0x00, 0x00, 0x00, 0x00, 0x00, 0x00, 0x00, 0x00, 
	0x00, 0x00, 0x00, 0x00, 0x00, 0x00, 0x00, 0x00, 0x00, 0x00, 0x00, 0x00, 0x00, 0x00, 0x00, 0x00, 
	0x00, 0x00, 0x00, 0x00, 0x00, 0x00, 0x00, 0x00, 0x00, 0x00, 0x00, 0x00, 0x00, 0x00, 0x00, 0x00, 
	0x00, 0x00, 0x00, 0x00, 0x00, 0x00, 0x00, 0x00, 0x00, 0x00, 0x00, 0x00, 0x00, 0x00, 0x00, 0x00, 
	0x00, 0x00, 0x00, 0x00, 0x00, 0x00, 0x00, 0x00, 0x00, 0x00, 0x00, 0x00, 0x00, 0x00, 0x00, 0x00, 
	0x00, 0x00, 0x00, 0x00, 0x00, 0x00, 0x00, 0x00, 0x00, 0x00, 0x00, 0x00, 0x00, 0x00, 0x00, 0x00, 
	0x00, 0x00, 0x00, 0x00, 0x00, 0x00, 0x09, 0xAC, 0x09, 0xCD, 0x09, 0xCD, 0x09, 0xCD, 0x09, 0xCD, 
	0x09, 0xCD, 0x09, 0xCD, 0x09, 0xCD, 0x09, 0xCD, 0x09, 0xCD, 0x09, 0xCD, 0x09, 0xCD, 0x09, 0xCD, 
	0x09, 0xCD, 0x09, 0xCD, 0x09, 0xCD, 0x09, 0xCD, 0x09, 0xCD, 0x09, 0xCD, 0x09, 0xCD, 0x09, 0xCD, 
	0x09, 0xCD, 0x09, 0xCD, 0x09, 0xCD, 0x09, 0xCD, 0x09, 0xCD, 0x09, 0xCD, 0x09, 0xCD, 0x09, 0xCD, 
	0x09, 0xCD, 0x09, 0xCD, 0x09, 0xCD, 0x09, 0xCD, 0x09, 0xCD, 0x09, 0xAC, 0x00, 0x00, 0x00, 0x00, 
	0x00, 0x00, 0x00, 0x00, 0x00, 0x00, 0x00, 0x00, 0x00, 0x00, 0x00, 0x00, 0x00, 0x00, 0x00, 0x00, 
	0x00, 0x00, 0x00, 0x00, 0x00, 0x00, 0x00, 0x00, 0x00, 0x00, 0x00, 0x00, 0x00, 0x00, 0x00, 0x00, 
	0x00, 0x00, 0x00, 0x00, 0x00, 0x00, 0x00, 0x00, 0x00, 0x00, 0x00, 0x00, 0x00, 0x00, 0x00, 0x00, 
	0x00, 0x00, 0x00, 0x00, 0x00, 0x00, 0x00, 0x00, 0x00, 0x00, 0x00, 0x00, 0x00, 0x00, 0x00, 0x00, 
	0x00, 0x00, 0x00, 0x00, 0x00, 0x00, 0x00, 0x00, 0x00, 0x00, 0x00, 0x00, 0x00, 0x00, 0x00, 0x00, 
	0x00, 0x00, 0x00, 0x00, 0x00, 0x00, 0x00, 0x00, 0x00, 0x00, 0x00, 0x00, 0x00, 0x00, 0x00, 0x00, 
	0x00, 0x00, 0x00, 0x00, 0x00, 0x00, 0x00, 0x00, 0x00, 0x00, 0x00, 0x00, 0x00, 0x00, 0x00, 0x00, 
	0x09, 0xCD, 0x09, 0xCD, 0x09, 0xCD, 0x09, 0xCD, 0x09, 0xCD, 0x09, 0xCD, 0x09, 0xCD, 0x09, 0xCD, 
	0x09, 0xCD, 0x09, 0xCD, 0x09, 0xCD, 0x09, 0xCD, 0x09, 0xCD, 0x09, 0xCD, 0x09, 0xCD, 0x09, 0xCD, 
	0x09, 0xCD, 0x09, 0xCD, 0x09, 0xCD, 0x09, 0xCD, 0x09, 0xCD, 0x09, 0xCD, 0x09, 0xCD, 0x09, 0xCD, 
	0x09, 0xCD, 0x09, 0xCD, 0x09, 0xCD, 0x09, 0xCD, 0x09, 0xCD, 0x09, 0xCD, 0x09, 0xCD, 0x09, 0xAC, 
	0x00, 0x00, 0x00, 0x00, 0x00, 0x00, 0x00, 0x00, 0x00, 0x00, 0x00, 0x00, 0x00, 0x00, 0x00, 0x00, 
	0x00, 0x00, 0x00, 0x00, 0x09, 0xCD, 0x09, 0xCD, 0x09, 0xCD, 0x09, 0xCD, 0x09, 0xCD, 0x09, 0xCD, 
	0x09, 0xCD, 0x00, 0x00, 0x00, 0x00, 0x00, 0x00, 0x00, 0x00, 0x09, 0xCD, 0x09, 0xCD, 0x09, 0xCD, 
	0x09, 0xCD, 0x09, 0xCD, 0x00, 0x00, 0x00, 0x00, 0x00, 0x00, 0x00, 0x00, 0x00, 0x00, 0x00, 0x00, 
	0x00, 0x00, 0x00, 0x00, 0x00, 0x00, 0x00, 0x00, 0x00, 0x00, 0x00, 0x00, 0x00, 0x00, 0x00, 0x00, 
	0x00, 0x00, 0x00, 0x00, 0x00, 0x00, 0x00, 0x00, 0x00, 0x00, 0x00, 0x00, 0x00, 0x00, 0x00, 0x00, 
	0x00, 0x00, 0x00, 0x00, 0x00, 0x00, 0x00, 0x00, 0x00, 0x00, 0x00, 0x00, 0x00, 0x00, 0x00, 0x00, 
	0x00, 0x00, 0x00, 0x00, 0x00, 0x00, 0x00, 0x00, 0x00, 0x00, 0x00, 0x00, 0x00, 0x00, 0x00, 0x00, 
	0x09, 0xCD, 0x09, 0xCD, 0x09, 0xCD, 0x09, 0xCD, 0x01, 0x08, 0x00, 0x00, 0x00, 0x00, 0x00, 0x00, 
	0x00, 0x00, 0x00, 0x00, 0x00, 0x00, 0x00, 0x00, 0x00, 0x00, 0x00, 0x00, 0x00, 0x00, 0x00, 0x00, 
	0x00, 0x00, 0x00, 0x00, 0x00, 0x00, 0x00, 0x00, 0x00, 0x00, 0x00, 0x00, 0x00, 0x00, 0x00, 0x00, 
	0x00, 0x00, 0x00, 0x00, 0x00, 0x00, 0x00, 0x00, 0x00, 0x00, 0x00, 0x00, 0x00, 0x00, 0x00, 0x00, 
	0x00, 0x00, 0x00, 0x00, 0x00, 0x00, 0x00, 0x00, 0x00, 0x00, 0x00, 0x00, 0x00, 0x00, 0x00, 0x00, 
	0x00, 0x00, 0x00, 0x00, 0x00, 0x00, 0x00, 0x00, 0x00, 0x00, 0x00, 0x00, 0x00, 0x00, 0x00, 0x00, 
	0x00, 0x00, 0x00, 0x00, 0x00, 0x00, 0x00, 0x00, 0x00, 0x00, 0x00, 0x00, 0x00, 0x00, 0x00, 0x00, 
	0x00, 0x00, 0x00, 0x00, 0x00, 0x00, 0x00, 0x00, 0x00, 0x00, 0x00, 0x00, 0x00, 0x00, 0x00, 0x00, 
	0x00, 0x00, 0x00, 0x00, 0x00, 0x00, 0x00, 0x00, 0x00, 0x00, 0x00, 0x00, 0x00, 0x00, 0x00, 0x00, 
	0x00, 0x00, 0x00, 0x00, 0x00, 0x00, 0x00, 0x00, 0x00, 0x00, 0x00, 0x00, 0x00, 0x00, 0x00, 0x00, 
	0x00, 0x00, 0x00, 0x00, 0x00, 0x00, 0x00, 0x00, 0x00, 0x00, 0x00, 0x00, 0x00, 0x00, 0x00, 0x00, 
	0x00, 0x00, 0x00, 0x00, 0x00, 0x00, 0x00, 0x00, 0x00, 0x00, 0x00, 0x00, 0x00, 0x00, 0x00, 0x00, 
	0x00, 0x00, 0x00, 0x00, 0x00, 0x00, 0x00, 0x00, 0x00, 0x00, 0x00, 0x00, 0x00, 0x00, 0x00, 0x00, 
	0x00, 0x00, 0x00, 0x00, 0x00, 0x00, 0x00, 0x00, 0x00, 0x00, 0x00, 0x00, 0x00, 0x00, 0x00, 0x00, 
	0x00, 0x00, 0x00, 0x00, 0x00, 0x00, 0x00, 0x00, 0x00, 0x00, 0x00, 0x00, 0x00, 0x00, 0x00, 0x00, 
	0x00, 0x00, 0x00, 0x00, 0x00, 0x00, 0x00, 0x00, 0x00, 0x00, 0x00, 0x00, 0x00, 0x00, 0x00, 0x00, 
	0x00, 0x00, 0x09, 0x8B, 0x09, 0xCD, 0x09, 0xCD, 0x09, 0xCD, 0x09, 0xCD, 0x09, 0xCD, 0x09, 0xCD, 
	0x09, 0xCD, 0x09, 0xCD, 0x09, 0xCD, 0x09, 0xCD, 0x09, 0xCD, 0x09, 0xCD, 0x09, 0xCD, 0x09, 0xCD, 
	0x09, 0xCD, 0x09, 0xCD, 0x09, 0xCD, 0x09, 0xCD, 0x09, 0xCD, 0x09, 0xCD, 0x09, 0xCD, 0x09, 0xCD, 
	0x09, 0xCD, 0x09, 0xCD, 0x09, 0xCD, 0x09, 0xCD, 0x09, 0xCD, 0x09, 0xCD, 0x09, 0xCD, 0x09, 0xCD, 
	0x09, 0xCD, 0x09, 0xCD, 0x09, 0xCD, 0x09, 0xCD, 0x09, 0xCD, 0x09, 0xCD, 0x09, 0xCD, 0x09, 0x8B, 
	0x00, 0x00, 0x00, 0x00, 0x00, 0x00, 0x00, 0x00, 0x00, 0x00, 0x00, 0x00, 0x00, 0x00, 0x00, 0x00, 
	0x00, 0x00, 0x00, 0x00, 0x00, 0x00, 0x00, 0x00, 0x00, 0x00, 0x00, 0x00, 0x00, 0x00, 0x00, 0x00, 
	0x00, 0x00, 0x00, 0x00, 0x00, 0x00, 0x00, 0x00, 0x00, 0x00, 0x00, 0x00, 0x00, 0x00, 0x00, 0x00, 
	0x00, 0x00, 0x00, 0x00, 0x00, 0x00, 0x00, 0x00, 0x00, 0x00, 0x00, 0x00, 0x00, 0x00, 0x00, 0x00, 
	0x00, 0x00, 0x00, 0x00, 0x00, 0x00, 0x00, 0x00, 0x00, 0x00, 0x00, 0x00, 0x00, 0x00, 0x00, 0x00, 
	0x00, 0x00, 0x00, 0x00, 0x00, 0x00, 0x00, 0x00, 0x00, 0x00, 0x00, 0x00, 0x00, 0x00, 0x00, 0x00, 
	0x00, 0x00, 0x00, 0x00, 0x00, 0x00, 0x00, 0x00, 0x00, 0x00, 0x00, 0x00, 0x00, 0x00, 0x00, 0x00, 
	0x00, 0x00, 0x00, 0x63, 0x09, 0xCD, 0x09, 0xCD, 0x09, 0xCD, 0x09, 0xCD, 0x09, 0xCD, 0x09, 0xCD, 
	0x09, 0xCD, 0x09, 0xCD, 0x09, 0xCD, 0x09, 0xCD, 0x09, 0xCD, 0x09, 0xCD, 0x09, 0xCD, 0x09, 0xCD, 
	0x09, 0xCD, 0x09, 0xCD, 0x09, 0xCD, 0x09, 0xCD, 0x09, 0xCD, 0x09, 0xCD, 0x09, 0xCD, 0x09, 0xCD, 
	0x09, 0xCD, 0x09, 0xCD, 0x09, 0xCD, 0x09, 0xCD, 0x09, 0xCD, 0x09, 0xCD, 0x09, 0xCD, 0x09, 0xCD, 
	0x00, 0x00, 0x00, 0x00, 0x00, 0x00, 0x00, 0x00, 0x00, 0x00, 0x00, 0x00, 0x00, 0x00, 0x00, 0x00, 
	0x00, 0x00, 0x00, 0xE6, 0x09, 0xCD, 0x09, 0xCD, 0x09, 0xCD, 0x09, 0xCD, 0x09, 0xCD, 0x01, 0x08, 
	0x00, 0x00, 0x00, 0x00, 0x00, 0x00, 0x00, 0x00, 0x00, 0x00, 0x00, 0x00, 0x00, 0x00, 0x09, 0xCD, 
	0x09, 0xCD, 0x01, 0x29, 0x00, 0x00, 0x00, 0x00, 0x00, 0x00, 0x00, 0x00, 0x00, 0x00, 0x00, 0x00, 
	0x00, 0x00, 0x00, 0x00, 0x00, 0x00, 0x00, 0x00, 0x00, 0x00, 0x00, 0x00, 0x00, 0x00, 0x00, 0x00, 
	0x00, 0x00, 0x00, 0x00, 0x00, 0x00, 0x00, 0x00, 0x00, 0x00, 0x00, 0x00, 0x00, 0x00, 0x00, 0x00, 
	0x00, 0x00, 0x00, 0x00, 0x00, 0x00, 0x00, 0x00, 0x00, 0x00, 0x00, 0x00, 0x00, 0x00, 0x00, 0x00, 
	0x00, 0x00, 0x00, 0x00, 0x00, 0x00, 0x00, 0x00, 0x00, 0x00, 0x00, 0x00, 0x00, 0x00, 0x00, 0x00, 
	0x09, 0xCD, 0x09, 0xCD, 0x09, 0xCD, 0x09, 0xCD, 0x00, 0x00, 0x00, 0x00, 0x00, 0x00, 0x00, 0x00, 
	0x00, 0x00, 0x00, 0x00, 0x00, 0x00, 0x00, 0x00, 0x00, 0x00, 0x00, 0x00, 0x00, 0x00, 0x00, 0x00, 
	0x00, 0x00, 0x00, 0x00, 0x00, 0x00, 0x00, 0x00, 0x00, 0x00, 0x00, 0x00, 0x00, 0x00, 0x00, 0x00, 
	0x00, 0x00, 0x00, 0x00, 0x00, 0x00, 0x00, 0x00, 0x00, 0x00, 0x00, 0x00, 0x00, 0x00, 0x00, 0x00, 
	0x00, 0x00, 0x00, 0x00, 0x00, 0x00, 0x00, 0x00, 0x00, 0x00, 0x00, 0x00, 0x00, 0x00, 0x00, 0x00, 
	0x00, 0x00, 0x00, 0x00, 0x00, 0x00, 0x00, 0x00, 0x00, 0x00, 0x00, 0x00, 0x00, 0x00, 0x00, 0x00, 
	0x00, 0x00, 0x00, 0x00, 0x00, 0x00, 0x00, 0x00, 0x00, 0x00, 0x00, 0x00, 0x00, 0x00, 0x00, 0x00, 
	0x00, 0x00, 0x00, 0x00, 0x00, 0x00, 0x00, 0x00, 0x00, 0x00, 0x00, 0x00, 0x00, 0x00, 0x00, 0x00, 
	0x00, 0x00, 0x00, 0x00, 0x00, 0x00, 0x00, 0x00, 0x00, 0x00, 0x00, 0x00, 0x00, 0x00, 0x00, 0x00, 
	0x00, 0x00, 0x00, 0x00, 0x00, 0x00, 0x00, 0x00, 0x00, 0x00, 0x00, 0x00, 0x00, 0x00, 0x00, 0x00, 
	0x00, 0x00, 0x00, 0x00, 0x00, 0x00, 0x00, 0x00, 0x00, 0x00, 0x00, 0x00, 0x00, 0x00, 0x00, 0x00, 
	0x00, 0x00, 0x00, 0x00, 0x00, 0x00, 0x00, 0x00, 0x00, 0x00, 0x00, 0x00, 0x00, 0x00, 0x00, 0x00, 
	0x00, 0x00, 0x00, 0x00, 0x00, 0x00, 0x00, 0x00, 0x00, 0x00, 0x00, 0x00, 0x00, 0x00, 0x00, 0x00, 
	0x00, 0x00, 0x00, 0x00, 0x00, 0x00, 0x00, 0x00, 0x00, 0x00, 0x00, 0x00, 0x00, 0x00, 0x00, 0x00, 
	0x00, 0x00, 0x00, 0x00, 0x00, 0x00, 0x00, 0x00, 0x00, 0x00, 0x00, 0x00, 0x00, 0x00, 0x00, 0x00, 
	0x00, 0x00, 0x00, 0x00, 0x00, 0x00, 0x00, 0x00, 0x00, 0x00, 0x00, 0x00, 0x00, 0x00, 0x00, 0x00, 
	0x09, 0xCD, 0x09, 0xCD, 0x09, 0xCD, 0x09, 0xCD, 0x09, 0xCD, 0x09, 0xCD, 0x09, 0xCD, 0x09, 0xCD, 
	0x09, 0xCD, 0x09, 0xCD, 0x09, 0xCD, 0x09, 0xCD, 0x09, 0xCD, 0x09, 0xCD, 0x09, 0xCD, 0x09, 0xCD, 
	0x09, 0xCD, 0x09, 0xCD, 0x09, 0xCD, 0x09, 0xCD, 0x09, 0xCD, 0x09, 0xCD, 0x09, 0xCD, 0x09, 0xCD, 
	0x09, 0xCD, 0x09, 0xCD, 0x09, 0xCD, 0x09, 0xCD, 0x09, 0xCD, 0x09, 0xCD, 0x09, 0xCD, 0x09, 0xCD, 
	0x09, 0xCD, 0x09, 0xCD, 0x09, 0xCD, 0x09, 0xCD, 0x09, 0xCD, 0x09, 0xCD, 0x09, 0xCD, 0x09, 0xCD, 
	0x09, 0xCD, 0x00, 0x00, 0x00, 0x00, 0x00, 0x00, 0x00, 0x00, 0x00, 0x00, 0x00, 0x00, 0x00, 0x00, 
	0x00, 0x00, 0x00, 0x00, 0x00, 0x00, 0x00, 0x00, 0x00, 0x00, 0x00, 0x00, 0x00, 0x00, 0x00, 0x00, 
	0x00, 0x00, 0x00, 0x00, 0x00, 0x00, 0x00, 0x00, 0x00, 0x00, 0x00, 0x00, 0x00, 0x00, 0x00, 0x00, 
	0x00, 0x00, 0x00, 0x00, 0x00, 0x00, 0x00, 0x00, 0x00, 0x00, 0x00, 0x00, 0x00, 0x00, 0x00, 0x00, 
	0x00, 0x00, 0x00, 0x00, 0x00, 0x00, 0x00, 0x00, 0x00, 0x00, 0x00, 0x00, 0x00, 0x00, 0x00, 0x00, 
	0x00, 0x00, 0x00, 0x00, 0x00, 0x00, 0x00, 0x00, 0x00, 0x00, 0x00, 0x00, 0x00, 0x00, 0x00, 0x00, 
	0x00, 0x00, 0x00, 0x00, 0x00, 0x00, 0x00, 0x00, 0x00, 0x00, 0x00, 0x00, 0x00, 0x00, 0x00, 0x00, 
	0x00, 0x00, 0x00, 0x00, 0x00, 0x00, 0x09, 0xCD, 0x09, 0xCD, 0x09, 0xCD, 0x09, 0xCD, 0x09, 0xCD, 
	0x09, 0xCD, 0x09, 0xCD, 0x09, 0xCD, 0x09, 0xCD, 0x09, 0xCD, 0x09, 0xCD, 0x09, 0xCD, 0x09, 0xCD, 
	0x09, 0xCD, 0x09, 0xCD, 0x09, 0xCD, 0x09, 0xAC, 0x00, 0xE6, 0x00, 0xE6, 0x00, 0xE7, 0x09, 0xCD, 
	0x09, 0xCD, 0x09, 0xCD, 0x09, 0xCD, 0x09, 0xCD, 0x09, 0xCD, 0x09, 0xCD, 0x09, 0xCD, 0x09, 0xCD, 
	0x00, 0x00, 0x00, 0x00, 0x00, 0x00, 0x00, 0x00, 0x00, 0x00, 0x00, 0x00, 0x00, 0x00, 0x00, 0x00, 
	0x00, 0x00, 0x09, 0xCD, 0x09, 0xCD, 0x09, 0xCD, 0x09, 0xCD, 0x09, 0xCD, 0x00, 0x42, 0x00, 0x00, 
	0x00, 0x00, 0x00, 0x00, 0x00, 0x00, 0x00, 0x00, 0x00, 0x00, 0x00, 0x00, 0x00, 0x00, 0x00, 0x00, 
	0x09, 0x6B, 0x00, 0x00, 0x00, 0x00, 0x00, 0x00, 0x00, 0x00, 0x00, 0x00, 0x00, 0x00, 0x00, 0x00, 
	0x00, 0x00, 0x00, 0x00, 0x00, 0x00, 0x00, 0x00, 0x00, 0x00, 0x00, 0x00, 0x00, 0x00, 0x00, 0x00, 
	0x00, 0x00, 0x00, 0x00, 0x00, 0x00, 0x00, 0x00, 0x00, 0x00, 0x00, 0x00, 0x00, 0x00, 0x00, 0x00, 
	0x00, 0x00, 0x00, 0x00, 0x00, 0x00, 0x00, 0x00, 0x00, 0x00, 0x00, 0x00, 0x00, 0x00, 0x00, 0x00, 
	0x00, 0x00, 0x00, 0x00, 0x00, 0x00, 0x00, 0x00, 0x00, 0x00, 0x00, 0x00, 0x00, 0x00, 0x00, 0x00, 
	0x09, 0xCD, 0x09, 0xCD, 0x09, 0xCD, 0x09, 0xCD, 0x00, 0x00, 0x00, 0x00, 0x00, 0x00, 0x00, 0x00, 
	0x00, 0x00, 0x00, 0x00, 0x00, 0x00, 0x00, 0x00, 0x00, 0x00, 0x00, 0x00, 0x00, 0x00, 0x00, 0x00, 
	0x00, 0x00, 0x00, 0x00, 0x00, 0x00, 0x00, 0x00, 0x00, 0x00, 0x00, 0x00, 0x00, 0x00, 0x00, 0x00, 
	0x00, 0x00, 0x00, 0x00, 0x00, 0x00, 0x00, 0x00, 0x00, 0x00, 0x00, 0x00, 0x00, 0x00, 0x00, 0x00, 
	0x00, 0x00, 0x00, 0x00, 0x00, 0x00, 0x00, 0x00, 0x00, 0x00, 0x00, 0x00, 0x00, 0x00, 0x00, 0x00, 
	0x00, 0x00, 0x00, 0x00, 0x00, 0x00, 0x00, 0x00, 0x00, 0x00, 0x00, 0x00, 0x00, 0x00, 0x00, 0x00, 
	0x00, 0x00, 0x00, 0x00, 0x00, 0x00, 0x00, 0x00, 0x00, 0x00, 0x00, 0x00, 0x00, 0x00, 0x00, 0x00, 
	0x00, 0x00, 0x00, 0x00, 0x00, 0x00, 0x00, 0x00, 0x00, 0x00, 0x00, 0x00, 0x00, 0x00, 0x00, 0x00, 
	0x00, 0x00, 0x00, 0x00, 0x00, 0x00, 0x00, 0x00, 0x00, 0x00, 0x00, 0x00, 0x00, 0x00, 0x00, 0x00, 
	0x00, 0x00, 0x00, 0x00, 0x00, 0x00, 0x00, 0x00, 0x00, 0x00, 0x00, 0x00, 0x00, 0x00, 0x00, 0x00, 
	0x00, 0x00, 0x00, 0x00, 0x00, 0x00, 0x00, 0x00, 0x00, 0x00, 0x00, 0x00, 0x00, 0x00, 0x00, 0x00, 
	0x00, 0x00, 0x00, 0x00, 0x00, 0x00, 0x00, 0x00, 0x00, 0x00, 0x00, 0x00, 0x00, 0x00, 0x00, 0x00, 
	0x00, 0x00, 0x00, 0x00, 0x00, 0x00, 0x00, 0x00, 0x00, 0x00, 0x00, 0x00, 0x00, 0x00, 0x00, 0x00, 
	0x00, 0x00, 0x00, 0x00, 0x00, 0x00, 0x00, 0x00, 0x00, 0x00, 0x00, 0x00, 0x00, 0x00, 0x00, 0x00, 
	0x00, 0x00, 0x00, 0x00, 0x00, 0x00, 0x00, 0x00, 0x00, 0x00, 0x00, 0x00, 0x00, 0x00, 0x00, 0x00, 
	0x00, 0x00, 0x00, 0x00, 0x00, 0x00, 0x00, 0x00, 0x00, 0x00, 0x00, 0x00, 0x09, 0xCD, 0x09, 0xCD, 
	0x09, 0xCD, 0x09, 0xCD, 0x09, 0xCD, 0x09, 0xCD, 0x09, 0xCD, 0x09, 0xCD, 0x09, 0xCD, 0x09, 0xCD, 
	0x09, 0xCD, 0x09, 0xCD, 0x09, 0xCD, 0x09, 0xCD, 0x09, 0xCD, 0x09, 0xCD, 0x09, 0xCD, 0x09, 0xCD, 
	0x09, 0xCD, 0x09, 0xCD, 0x09, 0xCD, 0x09, 0xCD, 0x09, 0xCD, 0x09, 0xCD, 0x09, 0xCD, 0x09, 0xCD, 
	0x09, 0xCD, 0x09, 0xCD, 0x09, 0xCD, 0x09, 0xCD, 0x09, 0xCD, 0x09, 0xCD, 0x09, 0xCD, 0x09, 0xCD, 
	0x09, 0xCD, 0x09, 0xCD, 0x09, 0xCD, 0x09, 0xCD, 0x09, 0xCD, 0x09, 0xCD, 0x09, 0xCD, 0x09, 0xCD, 
	0x09, 0xCD, 0x09, 0xCD, 0x09, 0xCD, 0x00, 0x00, 0x00, 0x00, 0x00, 0x00, 0x00, 0x00, 0x00, 0x00, 
	0x00, 0x00, 0x00, 0x00, 0x00, 0x00, 0x00, 0x00, 0x00, 0x00, 0x00, 0x00, 0x00, 0x00, 0x00, 0x00, 
	0x00, 0x00, 0x00, 0x00, 0x00, 0x00, 0x00, 0x00, 0x00, 0x00, 0x00, 0x00, 0x00, 0x00, 0x00, 0x00, 
	0x00, 0x00, 0x00, 0x00, 0x00, 0x00, 0x00, 0x00, 0x00, 0x00, 0x00, 0x00, 0x00, 0x00, 0x00, 0x00, 
	0x00, 0x00, 0x00, 0x00, 0x00, 0x00, 0x00, 0x00, 0x00, 0x00, 0x00, 0x00, 0x00, 0x00, 0x00, 0x00, 
	0x00, 0x00, 0x00, 0x00, 0x00, 0x00, 0x00, 0x00, 0x00, 0x00, 0x00, 0x00, 0x00, 0x00, 0x00, 0x00, 
	0x00, 0x00, 0x00, 0x00, 0x00, 0x00, 0x00, 0x00, 0x00, 0x00, 0x00, 0x00, 0x00, 0x00, 0x00, 0x00, 
	0x00, 0x00, 0x00, 0x00, 0x00, 0x00, 0x00, 0x00, 0x00, 0x00, 0x00, 0xE6, 0x09, 0xCD, 0x09, 0xCD, 
	0x09, 0xCD, 0x09, 0xCD, 0x09, 0xCD, 0x09, 0xCD, 0x00, 0xE6, 0x00, 0x00, 0x00, 0x00, 0x00, 0x00, 
	0x00, 0x00, 0x00, 0x00, 0x00, 0x00, 0x00, 0x00, 0x00, 0x00, 0x00, 0x00, 0x00, 0x00, 0x00, 0x00, 
	0x00, 0x00, 0x09, 0xCD, 0x09, 0xCD, 0x09, 0xCD, 0x09, 0xCD, 0x09, 0xCD, 0x09, 0xCD, 0x09, 0xCD, 
	0x00, 0x00, 0x00, 0x00, 0x00, 0x00, 0x00, 0x00, 0x00, 0x00, 0x00, 0x00, 0x00, 0x00, 0x00, 0x00, 
	0x09, 0xAC, 0x09, 0xCD, 0x09, 0xCD, 0x09, 0xCD, 0x09, 0xCD, 0x09, 0x8B, 0x00, 0x00, 0x00, 0x00, 
	0x00, 0x00, 0x00, 0x00, 0x00, 0x00, 0x00, 0x00, 0x00, 0x00, 0x00, 0x00, 0x00, 0x00, 0x00, 0x00, 
	0x00, 0x00, 0x00, 0x00, 0x00, 0x00, 0x00, 0x00, 0x00, 0x00, 0x00, 0x00, 0x00, 0x00, 0x00, 0x00, 
	0x00, 0x00, 0x00, 0x00, 0x00, 0x00, 0x00, 0x00, 0x00, 0x00, 0x00, 0x00, 0x00, 0x00, 0x00, 0x00, 
	0x00, 0x00, 0x00, 0x00, 0x00, 0x00, 0x00, 0x00, 0x00, 0x00, 0x00, 0x00, 0x00, 0x00, 0x00, 0x00, 
	0x00, 0x00, 0x00, 0x00, 0x00, 0x00, 0x00, 0x00, 0x00, 0x00, 0x00, 0x00, 0x00, 0x21, 0x00, 0x00, 
	0x00, 0x00, 0x00, 0x00, 0x00, 0x00, 0x00, 0x00, 0x00, 0x00, 0x00, 0x00, 0x00, 0x00, 0x00, 0x00, 
	0x01, 0x08, 0x09, 0xCD, 0x09, 0xCD, 0x09, 0xCD, 0x09, 0xCD, 0x00, 0x00, 0x00, 0x00, 0x00, 0x00, 
	0x00, 0x00, 0x00, 0x00, 0x00, 0x00, 0x00, 0x00, 0x00, 0x00, 0x00, 0x00, 0x00, 0x00, 0x00, 0x00, 
	0x00, 0x00, 0x00, 0x00, 0x00, 0x00, 0x00, 0x00, 0x00, 0x00, 0x00, 0x00, 0x00, 0x00, 0x00, 0x00, 
	0x00, 0x00, 0x00, 0x00, 0x00, 0x00, 0x00, 0x00, 0x00, 0x00, 0x00, 0x00, 0x00, 0x00, 0x00, 0x00, 
	0x00, 0x00, 0x00, 0x00, 0x00, 0x00, 0x00, 0x00, 0x00, 0x00, 0x00, 0x00, 0x00, 0x00, 0x00, 0x00, 
	0x00, 0x00, 0x00, 0x00, 0x00, 0x00, 0x00, 0x00, 0x00, 0x00, 0x00, 0x00, 0x00, 0x00, 0x00, 0x00, 
	0x00, 0x00, 0x00, 0x00, 0x00, 0x00, 0x00, 0x00, 0x00, 0x00, 0x00, 0x00, 0x00, 0x00, 0x00, 0x00, 
	0x00, 0x00, 0x00, 0x00, 0x00, 0x00, 0x00, 0x00, 0x00, 0x00, 0x00, 0x00, 0x00, 0x00, 0x00, 0x00, 
	0x00, 0x00, 0x00, 0x00, 0x00, 0x00, 0x00, 0x00, 0x00, 0x00, 0x00, 0x00, 0x00, 0x00, 0x00, 0x00, 
	0x00, 0x00, 0x00, 0x00, 0x00, 0x00, 0x00, 0x00, 0x00, 0x00, 0x00, 0x00, 0x00, 0x00, 0x00, 0x00, 
	0x00, 0x00, 0x00, 0x00, 0x00, 0x00, 0x00, 0x00, 0x00, 0x00, 0x00, 0x00, 0x00, 0x00, 0x00, 0x00, 
	0x00, 0x00, 0x00, 0x00, 0x00, 0x00, 0x00, 0x00, 0x00, 0x00, 0x00, 0x00, 0x00, 0x00, 0x00, 0x00, 
	0x00, 0x00, 0x00, 0x00, 0x00, 0x00, 0x00, 0x00, 0x00, 0x00, 0x00, 0x00, 0x00, 0x00, 0x00, 0x00, 
	0x00, 0x00, 0x00, 0x00, 0x00, 0x00, 0x00, 0x00, 0x00, 0x00, 0x00, 0x00, 0x00, 0x00, 0x00, 0x00, 
	0x00, 0x00, 0x00, 0x00, 0x00, 0x00, 0x00, 0x00, 0x00, 0x00, 0x00, 0x00, 0x00, 0x00, 0x00, 0x00, 
	0x00, 0x00, 0x00, 0x00, 0x00, 0x00, 0x00, 0x00, 0x00, 0xE6, 0x09, 0xCD, 0x09, 0xCD, 0x09, 0xCD, 
	0x09, 0xCD, 0x09, 0xCD, 0x09, 0xCD, 0x09, 0xCD, 0x09, 0xCD, 0x09, 0xCD, 0x09, 0xCD, 0x09, 0xCD, 
	0x09, 0xCD, 0x09, 0xCD, 0x09, 0xCD, 0x09, 0xCD, 0x09, 0xCD, 0x09, 0xCD, 0x09, 0xCD, 0x09, 0xCD, 
	0x09, 0xCD, 0x09, 0xCD, 0x09, 0xCD, 0x09, 0xCD, 0x09, 0xCD, 0x09, 0xCD, 0x09, 0xCD, 0x09, 0xCD, 
	0x09, 0xCD, 0x09, 0xCD, 0x09, 0xCD, 0x09, 0xCD, 0x09, 0xCD, 0x09, 0xCD, 0x09, 0xCD, 0x09, 0xCD, 
	0x09, 0xCD, 0x09, 0xCD, 0x09, 0xCD, 0x09, 0xCD, 0x09, 0xCD, 0x09, 0xCD, 0x09, 0xCD, 0x09, 0xCD, 
	0x09, 0xCD, 0x09, 0xCD, 0x09, 0xCD, 0x09, 0xCD, 0x00, 0x21, 0x00, 0x00, 0x00, 0x00, 0x00, 0x00, 
	0x00, 0x00, 0x00, 0x00, 0x00, 0x00, 0x00, 0x00, 0x00, 0x00, 0x00, 0x00, 0x00, 0x00, 0x00, 0x00, 
	0x00, 0x00, 0x00, 0x00, 0x00, 0x00, 0x00, 0x00, 0x00, 0x00, 0x00, 0x00, 0x00, 0x00, 0x00, 0x00, 
	0x00, 0x00, 0x00, 0x00, 0x00, 0x00, 0x00, 0x00, 0x00, 0x00, 0x00, 0x00, 0x00, 0x00, 0x00, 0x00, 
	0x00, 0x00, 0x00, 0x00, 0x00, 0x00, 0x00, 0x00, 0x00, 0x00, 0x00, 0x00, 0x00, 0x00, 0x00, 0x00, 
	0x00, 0x00, 0x00, 0x00, 0x00, 0x00, 0x00, 0x00, 0x00, 0x00, 0x00, 0x00, 0x00, 0x00, 0x00, 0x00, 
	0x00, 0x00, 0x00, 0x00, 0x00, 0x00, 0x00, 0x00, 0x00, 0x00, 0x00, 0x00, 0x00, 0x00, 0x00, 0x00, 
	0x00, 0x00, 0x00, 0x00, 0x00, 0x00, 0x00, 0x00, 0x00, 0x00, 0x00, 0x00, 0x00, 0x00, 0x00, 0x00, 
	0x00, 0x00, 0x00, 0x00, 0x00, 0x00, 0x00, 0x00, 0x00, 0x00, 0x00, 0x00, 0x00, 0x00, 0x00, 0x00, 
	0x00, 0x00, 0x00, 0x00, 0x00, 0x00, 0x00, 0x00, 0x00, 0x00, 0x00, 0x00, 0x00, 0x00, 0x00, 0x00, 
	0x00, 0x00, 0x09, 0xCD, 0x09, 0xCD, 0x09, 0xCD, 0x09, 0xCD, 0x09, 0xCD, 0x09, 0xCD, 0x09, 0xCD, 
	0x00, 0x00, 0x00, 0x00, 0x00, 0x00, 0x00, 0x00, 0x00, 0x00, 0x00, 0x00, 0x00, 0x00, 0x00, 0x00, 
	0x09, 0xCD, 0x09, 0xCD, 0x09, 0xCD, 0x09, 0xCD, 0x09, 0xCD, 0x00, 0x00, 0x00, 0x00, 0x00, 0x00, 
	0x00, 0x00, 0x00, 0x00, 0x00, 0x00, 0x00, 0x00, 0x00, 0x00, 0x00, 0x00, 0x00, 0x00, 0x00, 0x00, 
	0x00, 0x00, 0x00, 0x00, 0x00, 0x00, 0x00, 0x00, 0x00, 0x00, 0x00, 0x00, 0x00, 0x00, 0x00, 0x00, 
	0x09, 0x8B, 0x09, 0xCD, 0x09, 0xCD, 0x09, 0xCD, 0x09, 0xCD, 0x09, 0xCD, 0x09, 0xCD, 0x00, 0x00, 
	0x00, 0x00, 0x00, 0x00, 0x00, 0x00, 0x00, 0x00, 0x00, 0x00, 0x00, 0x63, 0x09, 0xCD, 0x09, 0xCD, 
	0x09, 0xCD, 0x00, 0x21, 0x00, 0x00, 0x00, 0x00, 0x09, 0xCD, 0x09, 0xCD, 0x09, 0xCD, 0x09, 0xCD, 
	0x09, 0xCD, 0x00, 0xA5, 0x00, 0x00, 0x00, 0x00, 0x00, 0x00, 0x00, 0x00, 0x09, 0xCD, 0x09, 0xCD, 
	0x09, 0xCD, 0x09, 0xCD, 0x09, 0xCD, 0x09, 0xCD, 0x09, 0xCD, 0x09, 0xCD, 0x09, 0xCD, 0x09, 0xCD, 
	0x09, 0xCD, 0x00, 0x00, 0x00, 0x00, 0x00, 0x00, 0x00, 0x00, 0x00, 0x00, 0x00, 0x63, 0x09, 0xCD, 
	0x09, 0xCD, 0x09, 0xCD, 0x09, 0xCD, 0x09, 0xCD, 0x09, 0xCD, 0x00, 0x00, 0x00, 0x00, 0x00, 0x00, 
	0x00, 0x00, 0x00, 0x00, 0x00, 0x00, 0x00, 0x00, 0x09, 0xCD, 0x09, 0xCD, 0x09, 0xCD, 0x09, 0xCD, 
	0x00, 0x00, 0x00, 0x00, 0x09, 0xCD, 0x09, 0xCD, 0x09, 0xCD, 0x09, 0xCD, 0x00, 0x00, 0x00, 0x00, 
	0x00, 0x00, 0x00, 0x00, 0x00, 0x00, 0x09, 0xCD, 0x09, 0xCD, 0x09, 0xCD, 0x09, 0xCD, 0x09, 0xCD, 
	0x09, 0xCD, 0x00, 0xE6, 0x00, 0x00, 0x00, 0x00, 0x00, 0x00, 0x00, 0x00, 0x00, 0x00, 0x00, 0x00, 
	0x09, 0xCD, 0x09, 0xCD, 0x09, 0xCD, 0x09, 0xCD, 0x00, 0x00, 0x00, 0x00, 0x09, 0x8B, 0x09, 0xCD, 
	0x09, 0xCD, 0x09, 0xCD, 0x09, 0xCD, 0x09, 0xAC, 0x00, 0x00, 0x00, 0x00, 0x00, 0x00, 0x00, 0x00, 
	0x00, 0x00, 0x00, 0x00, 0x00, 0x00, 0x00, 0x00, 0x00, 0x63, 0x09, 0xCD, 0x09, 0xCD, 0x09, 0xCD, 
	0x09, 0xCD, 0x09, 0xCD, 0x09, 0xCD, 0x00, 0x63, 0x00, 0x00, 0x00, 0x00, 0x00, 0x00, 0x00, 0x00, 
	0x00, 0x00, 0x00, 0x00, 0x00, 0x21, 0x09, 0xCD, 0x09, 0xCD, 0x09, 0xCD, 0x09, 0xCD, 0x09, 0xCD, 
	0x09, 0xCD, 0x00, 0x21, 0x00, 0x00, 0x00, 0x00, 0x00, 0x00, 0x00, 0x00, 0x00, 0x00, 0x00, 0x00, 
	0x00, 0x00, 0x00, 0x00, 0x00, 0x00, 0x00, 0x00, 0x00, 0x00, 0x00, 0x00, 0x00, 0x00, 0x00, 0x00, 
	0x00, 0x00, 0x00, 0x00, 0x00, 0x00, 0x00, 0x00, 0x00, 0x00, 0x00, 0x00, 0x00, 0x00, 0x00, 0x00, 
	0x00, 0x00, 0x00, 0x00, 0x00, 0x00, 0x09, 0xCD, 0x09, 0xCD, 0x09, 0xCD, 0x09, 0xCD, 0x09, 0xCD, 
	0x09, 0xCD, 0x09, 0xCD, 0x09, 0xCD, 0x09, 0xCD, 0x09, 0xCD, 0x09, 0xCD, 0x09, 0xCD, 0x09, 0xCD, 
	0x09, 0xCD, 0x09, 0xCD, 0x09, 0xCD, 0x09, 0xCD, 0x09, 0xCD, 0x09, 0xCD, 0x09, 0xCD, 0x09, 0xCD, 
	0x09, 0xCD, 0x09, 0xCD, 0x09, 0xCD, 0x09, 0xCD, 0x09, 0xCD, 0x09, 0xCD, 0x09, 0xCD, 0x09, 0xCD, 
	0x09, 0xCD, 0x09, 0xCD, 0x09, 0xCD, 0x09, 0xCD, 0x09, 0xCD, 0x09, 0xCD, 0x09, 0xCD, 0x09, 0xCD, 
	0x09, 0xCD, 0x09, 0xCD, 0x09, 0xCD, 0x09, 0xCD, 0x09, 0xCD, 0x09, 0xCD, 0x09, 0xCD, 0x09, 0xCD, 
	0x09, 0xCD, 0x09, 0xCD, 0x09, 0xCD, 0x09, 0xCD, 0x09, 0xCD, 0x09, 0xAC, 0x00, 0x00, 0x00, 0x00, 
	0x00, 0x00, 0x00, 0x00, 0x00, 0x00, 0x00, 0x00, 0x00, 0x00, 0x00, 0x00, 0x00, 0x00, 0x00, 0x00, 
	0x00, 0x00, 0x00, 0x00, 0x00, 0x00, 0x00, 0x00, 0x00, 0x00, 0x00, 0x00, 0x00, 0x00, 0x00, 0x00, 
	0x00, 0x00, 0x00, 0x00, 0x00, 0x00, 0x00, 0x00, 0x00, 0x00, 0x00, 0x00, 0x00, 0x00, 0x00, 0x00, 
	0x00, 0x00, 0x00, 0x00, 0x00, 0x00, 0x00, 0x00, 0x00, 0x00, 0x00, 0x00, 0x00, 0x00, 0x00, 0x00, 
	0x00, 0x00, 0x00, 0x00, 0x00, 0x00, 0x00, 0x00, 0x00, 0x00, 0x00, 0x00, 0x00, 0x00, 0x00, 0x00, 
	0x00, 0x00, 0x00, 0x00, 0x00, 0x00, 0x00, 0x00, 0x00, 0x00, 0x00, 0x00, 0x00, 0x00, 0x00, 0x00, 
	0x00, 0x00, 0x00, 0x00, 0x00, 0x00, 0x00, 0x00, 0x00, 0x00, 0x00, 0x00, 0x00, 0x00, 0x00, 0x00, 
	0x00, 0x00, 0x00, 0x00, 0x00, 0x00, 0x00, 0x00, 0x00, 0x00, 0x00, 0x00, 0x00, 0x00, 0x00, 0x00, 
	0x00, 0x00, 0x00, 0x00, 0x00, 0x00, 0x00, 0x00, 0x00, 0x00, 0x00, 0x00, 0x00, 0x00, 0x00, 0x00, 
	0x00, 0x00, 0x09, 0xCD, 0x09, 0xCD, 0x09, 0xCD, 0x09, 0xCD, 0x09, 0xCD, 0x09, 0xCD, 0x09, 0xCD, 
	0x00, 0x00, 0x00, 0x00, 0x00, 0x00, 0x00, 0x00, 0x00, 0x00, 0x00, 0x00, 0x00, 0x00, 0x00, 0x00, 
	0x09, 0xCD, 0x09, 0xCD, 0x09, 0xCD, 0x09, 0xCD, 0x09, 0xCD, 0x00, 0x00, 0x00, 0x00, 0x00, 0x00, 
	0x00, 0x00, 0x00, 0x00, 0x00, 0x00, 0x00, 0x00, 0x00, 0x00, 0x00, 0x00, 0x00, 0x00, 0x00, 0x00, 
	0x00, 0x00, 0x00, 0x00, 0x00, 0x00, 0x00, 0x00, 0x00, 0x00, 0x00, 0x00, 0x00, 0x00, 0x09, 0xCD, 
	0x09, 0xCD, 0x09, 0xCD, 0x09, 0xCD, 0x09, 0xCD, 0x09, 0xCD, 0x09, 0xCD, 0x09, 0xCD, 0x09, 0xCD, 
	0x00, 0xC6, 0x00, 0x00, 0x00, 0x00, 0x00, 0x00, 0x00, 0x00, 0x00, 0x63, 0x09, 0xCD, 0x09, 0xCD, 
	0x09, 0xCD, 0x09, 0xAC, 0x00, 0xA5, 0x09, 0xCD, 0x09, 0xCD, 0x09, 0xCD, 0x09, 0xCD, 0x09, 0xCD, 
	0x09, 0xCD, 0x09, 0xCD, 0x00, 0x42, 0x00, 0x00, 0x00, 0x00, 0x00, 0x00, 0x09, 0xCD, 0x09, 0xCD, 
	0x09, 0xCD, 0x09, 0xCD, 0x09, 0xCD, 0x09, 0xCD, 0x09, 0xCD, 0x09, 0xCD, 0x09, 0xCD, 0x09, 0xCD, 
	0x09, 0xCD, 0x00, 0x00, 0x00, 0x00, 0x00, 0x00, 0x00, 0x00, 0x09, 0x8B, 0x09, 0xCD, 0x09, 0xCD, 
	0x09, 0xCD, 0x09, 0xCD, 0x09, 0xCD, 0x09, 0xCD, 0x09, 0xCD, 0x09, 0xCD, 0x00, 0xE6, 0x00, 0x00, 
	0x00, 0x00, 0x00, 0x00, 0x00, 0x00, 0x00, 0x00, 0x09, 0xCD, 0x09, 0xCD, 0x09, 0xCD, 0x09, 0xCD, 
	0x00, 0x00, 0x09, 0xCD, 0x09, 0xCD, 0x09, 0xCD, 0x09, 0xCD, 0x00, 0xC6, 0x00, 0x00, 0x00, 0x00, 
	0x00, 0x00, 0x09, 0x6B, 0x09, 0xCD, 0x09, 0xCD, 0x09, 0xCD, 0x09, 0xCD, 0x09, 0xCD, 0x09, 0xCD, 
	0x09, 0xCD, 0x09, 0xCD, 0x09, 0xCD, 0x00, 0x00, 0x00, 0x00, 0x00, 0x00, 0x00, 0x00, 0x00, 0x00, 
	0x09, 0xCD, 0x09, 0xCD, 0x09, 0xCD, 0x09, 0xCD, 0x00, 0x00, 0x09, 0xCD, 0x09, 0xCD, 0x09, 0xCD, 
	0x09, 0xCD, 0x09, 0xCD, 0x09, 0xCD, 0x09, 0xCD, 0x09, 0xCD, 0x00, 0x00, 0x00, 0x00, 0x00, 0x00, 
	0x00, 0x00, 0x00, 0x00, 0x00, 0x00, 0x09, 0x8B, 0x09, 0xCD, 0x09, 0xCD, 0x09, 0xCD, 0x09, 0xCD, 
	0x09, 0xCD, 0x09, 0xCD, 0x09, 0xCD, 0x09, 0xCD, 0x09, 0xAC, 0x00, 0x00, 0x00, 0x00, 0x00, 0x00, 
	0x00, 0x00, 0x09, 0x4A, 0x09, 0xCD, 0x09, 0xCD, 0x09, 0xCD, 0x09, 0xCD, 0x09, 0xCD, 0x09, 0xCD, 
	0x09, 0xCD, 0x09, 0xCD, 0x09, 0xCD, 0x00, 0x00, 0x00, 0x00, 0x00, 0x00, 0x00, 0x00, 0x00, 0x00, 
	0x00, 0x00, 0x00, 0x00, 0x00, 0x00, 0x00, 0x00, 0x00, 0x00, 0x00, 0x00, 0x00, 0x00, 0x00, 0x00, 
	0x00, 0x00, 0x00, 0x00, 0x00, 0x00, 0x00, 0x00, 0x00, 0x00, 0x00, 0x00, 0x00, 0x00, 0x00, 0x00, 
	0x00, 0x00, 0x00, 0x00, 0x09, 0xCD, 0x09, 0xCD, 0x09, 0xCD, 0x09, 0xCD, 0x09, 0xCD, 0x09, 0xCD, 
	0x09, 0xCD, 0x09, 0xCD, 0x09, 0xCD, 0x09, 0xCD, 0x09, 0xCD, 0x09, 0xCD, 0x09, 0xCD, 0x09, 0xCD, 
	0x09, 0xCD, 0x09, 0xCD, 0x09, 0xCD, 0x09, 0xCD, 0x09, 0xCD, 0x09, 0xCD, 0x09, 0xCD, 0x09, 0xCD, 
	0x09, 0xCD, 0x09, 0xCD, 0x09, 0xCD, 0x09, 0xCD, 0x09, 0xCD, 0x09, 0xCD, 0x09, 0xCD, 0x09, 0xCD, 
	0x09, 0xCD, 0x09, 0xCD, 0x09, 0xCD, 0x09, 0xCD, 0x09, 0xCD, 0x09, 0xCD, 0x09, 0xCD, 0x09, 0xCD, 
	0x09, 0xCD, 0x09, 0xCD, 0x09, 0xCD, 0x09, 0xCD, 0x09, 0xCD, 0x09, 0xCD, 0x09, 0xCD, 0x09, 0xCD, 
	0x09, 0xCD, 0x09, 0xCD, 0x09, 0xCD, 0x09, 0xCD, 0x09, 0xCD, 0x09, 0xCD, 0x09, 0xCD, 0x00, 0x00, 
	0x00, 0x00, 0x00, 0x00, 0x00, 0x00, 0x00, 0x00, 0x00, 0x00, 0x00, 0x00, 0x00, 0x00, 0x00, 0x00, 
	0x00, 0x00, 0x00, 0x00, 0x00, 0x00, 0x00, 0x00, 0x00, 0x00, 0x00, 0x00, 0x00, 0x00, 0x00, 0x00, 
	0x00, 0x00, 0x00, 0x00, 0x00, 0x00, 0x00, 0x00, 0x00, 0x00, 0x00, 0x00, 0x00, 0x00, 0x00, 0x00, 
	0x00, 0x00, 0x00, 0x00, 0x00, 0x00, 0x00, 0x00, 0x00, 0x00, 0x00, 0x00, 0x00, 0x00, 0x00, 0x00, 
	0x00, 0x00, 0x00, 0x00, 0x00, 0x00, 0x00, 0x00, 0x00, 0x00, 0x00, 0x00, 0x00, 0x00, 0x00, 0x00, 
	0x00, 0x00, 0x00, 0x00, 0x00, 0x00, 0x00, 0x00, 0x00, 0x00, 0x00, 0x00, 0x00, 0x00, 0x00, 0x00, 
	0x00, 0x00, 0x00, 0x00, 0x00, 0x00, 0x00, 0x00, 0x00, 0x00, 0x00, 0x00, 0x00, 0x00, 0x00, 0x00, 
	0x00, 0x00, 0x00, 0x00, 0x00, 0x00, 0x00, 0x00, 0x00, 0x00, 0x00, 0x00, 0x00, 0x00, 0x00, 0x00, 
	0x00, 0x00, 0x00, 0x00, 0x00, 0x00, 0x00, 0x00, 0x00, 0x00, 0x00, 0x00, 0x00, 0x00, 0x00, 0x00, 
	0x00, 0x00, 0x09, 0xCD, 0x09, 0xCD, 0x09, 0xCD, 0x09, 0xCD, 0x09, 0xCD, 0x09, 0xCD, 0x09, 0xCD, 
	0x00, 0x00, 0x00, 0x00, 0x00, 0x00, 0x00, 0x00, 0x00, 0x00, 0x00, 0x00, 0x00, 0x00, 0x00, 0x00, 
	0x09, 0xCD, 0x09, 0xCD, 0x09, 0xCD, 0x09, 0xCD, 0x09, 0xCD, 0x00, 0x00, 0x00, 0x00, 0x00, 0x00, 
	0x00, 0x00, 0x00, 0x00, 0x00, 0x00, 0x00, 0x00, 0x00, 0x00, 0x00, 0x00, 0x00, 0x00, 0x00, 0x00, 
	0x00, 0x00, 0x00, 0x00, 0x00, 0x00, 0x00, 0x00, 0x00, 0x00, 0x00, 0x00, 0x09, 0xCD, 0x09, 0xCD, 
	0x09, 0xCD, 0x09, 0xCD, 0x09, 0xCD, 0x09, 0xCD, 0x09, 0xCD, 0x09, 0xCD, 0x09, 0xCD, 0x09, 0xCD, 
	0x09, 0xCD, 0x09, 0x6B, 0x00, 0x00, 0x00, 0x00, 0x00, 0x00, 0x00, 0x63, 0x09, 0xCD, 0x09, 0xCD, 
	0x09, 0xCD, 0x09, 0xCD, 0x09, 0xCD, 0x09, 0xCD, 0x09, 0xCD, 0x09, 0xCD, 0x09, 0xCD, 0x09, 0xCD, 
	0x09, 0xCD, 0x09, 0xCD, 0x09, 0xCD, 0x00, 0x00, 0x00, 0x00, 0x00, 0x00, 0x09, 0xCD, 0x09, 0xCD, 
	0x09, 0xCD, 0x09, 0xCD, 0x09, 0xCD, 0x09, 0xCD, 0x09, 0xCD, 0x09, 0xCD, 0x09, 0xCD, 0x09, 0xCD, 
	0x09, 0xCD, 0x00, 0x00, 0x00, 0x00, 0x00, 0x00, 0x09, 0xCD, 0x09, 0xCD, 0x09, 0xCD, 0x09, 0xCD, 
	0x09, 0xCD, 0x09, 0xCD, 0x09, 0xCD, 0x09, 0xCD, 0x09, 0xCD, 0x09, 0xCD, 0x09, 0xCD, 0x01, 0x29, 
	0x00, 0x00, 0x00, 0x00, 0x00, 0x00, 0x00, 0x00, 0x09, 0xCD, 0x09, 0xCD, 0x09, 0xCD, 0x09, 0xCD, 
	0x09, 0xCD, 0x09, 0xCD, 0x09, 0xCD, 0x09, 0xCD, 0x09, 0xCD, 0x00, 0x00, 0x00, 0x00, 0x00, 0x00, 
	0x00, 0xA5, 0x09, 0xCD, 0x09, 0xCD, 0x09, 0xCD, 0x09, 0xCD, 0x09, 0xCD, 0x09, 0xCD, 0x09, 0xCD, 
	0x09, 0xCD, 0x09, 0xCD, 0x09, 0xCD, 0x09, 0x6B, 0x00, 0x00, 0x00, 0x00, 0x00, 0x00, 0x00, 0x00, 
	0x09, 0xCD, 0x09, 0xCD, 0x09, 0xCD, 0x09, 0xCD, 0x09, 0xAC, 0x09, 0xCD, 0x09, 0xCD, 0x09, 0xCD, 
	0x09, 0xCD, 0x09, 0xCD, 0x09, 0xCD, 0x09, 0xCD, 0x09, 0xCD, 0x09, 0x4A, 0x00, 0x00, 0x00, 0x00, 
	0x00, 0x00, 0x00, 0x00, 0x09, 0xCD, 0x09, 0xCD, 0x09, 0xCD, 0x09, 0xCD, 0x09, 0xCD, 0x09, 0xCD, 
	0x09, 0xCD, 0x09, 0xCD, 0x09, 0xCD, 0x09, 0xCD, 0x09, 0xCD, 0x09, 0xCD, 0x00, 0x00, 0x00, 0x00, 
	0x00, 0xA5, 0x09, 0xCD, 0x09, 0xCD, 0x09, 0xCD, 0x09, 0xCD, 0x09, 0xCD, 0x09, 0xCD, 0x09, 0xCD, 
	0x09, 0xCD, 0x09, 0xCD, 0x09, 0xCD, 0x09, 0x6B, 0x00, 0x00, 0x00, 0x00, 0x00, 0x00, 0x00, 0x00, 
	0x00, 0x00, 0x00, 0x00, 0x00, 0x00, 0x00, 0x00, 0x00, 0x00, 0x00, 0x00, 0x00, 0x00, 0x00, 0x00, 
	0x00, 0x00, 0x00, 0x00, 0x00, 0x00, 0x00, 0x00, 0x00, 0x00, 0x00, 0x00, 0x00, 0x00, 0x00, 0x00, 
	0x00, 0x00, 0x09, 0xCD, 0x09, 0xCD, 0x09, 0xCD, 0x09, 0xCD, 0x09, 0xCD, 0x09, 0xCD, 0x09, 0xCD, 
	0x09, 0xCD, 0x09, 0xCD, 0x09, 0xCD, 0x09, 0xCD, 0x09, 0xCD, 0x09, 0xCD, 0x09, 0xCD, 0x09, 0xCD, 
	0x09, 0xCD, 0x09, 0xCD, 0x09, 0xCD, 0x09, 0xCD, 0x09, 0xCD, 0x09, 0xCD, 0x09, 0xCD, 0x09, 0xCD, 
	0x09, 0xCD, 0x09, 0xCD, 0x09, 0xCD, 0x09, 0xCD, 0x09, 0xCD, 0x09, 0xCD, 0x09, 0xCD, 0x09, 0xCD, 
	0x09, 0xCD, 0x09, 0xCD, 0x09, 0xCD, 0x09, 0xCD, 0x09, 0xCD, 0x09, 0xCD, 0x09, 0xCD, 0x09, 0xCD, 
	0x09, 0xCD, 0x09, 0xCD, 0x09, 0xCD, 0x09, 0xCD, 0x09, 0xCD, 0x09, 0xCD, 0x09, 0xCD, 0x09, 0xCD, 
	0x09, 0xCD, 0x09, 0xCD, 0x09, 0xCD, 0x09, 0xCD, 0x09, 0xCD, 0x09, 0xCD, 0x09, 0xCD, 0x09, 0xCD, 
	0x00, 0x00, 0x00, 0x00, 0x00, 0x00, 0x00, 0x00, 0x00, 0x00, 0x00, 0x00, 0x00, 0x00, 0x00, 0x00, 
	0x00, 0x00, 0x00, 0x00, 0x00, 0x00, 0x00, 0x00, 0x00, 0x00, 0x00, 0x00, 0x00, 0x00, 0x00, 0x00, 
	0x00, 0x00, 0x00, 0x00, 0x00, 0x00, 0x00, 0x00, 0x00, 0x00, 0x00, 0x00, 0x00, 0x00, 0x00, 0x00, 
	0x00, 0x00, 0x00, 0x00, 0x00, 0x00, 0x00, 0x00, 0x00, 0x00, 0x00, 0x00, 0x00, 0x00, 0x00, 0x00, 
	0x00, 0x00, 0x00, 0x00, 0x00, 0x00, 0x00, 0x00, 0x00, 0x00, 0x00, 0x00, 0x00, 0x00, 0x00, 0x00, 
	0x00, 0x00, 0x00, 0x00, 0x00, 0x00, 0x00, 0x00, 0x00, 0x00, 0x00, 0x00, 0x00, 0x00, 0x00, 0x00, 
	0x00, 0x00, 0x00, 0x00, 0x00, 0x00, 0x00, 0x00, 0x00, 0x00, 0x00, 0x00, 0x00, 0x00, 0x00, 0x00, 
	0x00, 0x00, 0x00, 0x00, 0x00, 0x00, 0x00, 0x00, 0x00, 0x00, 0x00, 0x00, 0x00, 0x00, 0x00, 0x00, 
	0x00, 0x00, 0x00, 0x00, 0x00, 0x00, 0x00, 0x00, 0x00, 0x00, 0x00, 0x00, 0x00, 0x00, 0x00, 0x00, 
	0x09, 0xCD, 0x09, 0xCD, 0x09, 0xCD, 0x09, 0xCD, 0x09, 0xCD, 0x09, 0xCD, 0x09, 0xCD, 0x09, 0xCD, 
	0x00, 0x00, 0x00, 0x00, 0x00, 0x00, 0x00, 0x00, 0x00, 0x00, 0x00, 0x00, 0x00, 0x00, 0x00, 0x00, 
	0x09, 0xCD, 0x09, 0xCD, 0x09, 0xCD, 0x09, 0xCD, 0x09, 0x4A, 0x00, 0x00, 0x00, 0x00, 0x00, 0x00, 
	0x00, 0x00, 0x00, 0x00, 0x00, 0x00, 0x00, 0x00, 0x00, 0x00, 0x00, 0x00, 0x00, 0x00, 0x00, 0x00, 
	0x00, 0x00, 0x00, 0x00, 0x00, 0x00, 0x00, 0x00, 0x00, 0x00, 0x09, 0xCD, 0x09, 0xCD, 0x09, 0xCD, 
	0x09, 0xCD, 0x09, 0xCD, 0x09, 0xCD, 0x09, 0xCD, 0x09, 0xCD, 0x09, 0xCD, 0x09, 0xCD, 0x09, 0xCD, 
	0x09, 0xCD, 0x09, 0xCD, 0x00, 0x00, 0x00, 0x00, 0x00, 0x00, 0x00, 0x63, 0x09, 0xCD, 0x09, 0xCD, 
	0x09, 0xCD, 0x09, 0xCD, 0x09, 0xCD, 0x09, 0xCD, 0x09, 0xCD, 0x09, 0xCD, 0x09, 0xCD, 0x09, 0xCD, 
	0x09, 0xCD, 0x09, 0xCD, 0x09, 0xCD, 0x00, 0x63, 0x00, 0x00, 0x00, 0x00, 0x09, 0xCD, 0x09, 0xCD, 
	0x09, 0xCD, 0x09, 0xCD, 0x09, 0xCD, 0x09, 0xCD, 0x09, 0xCD, 0x09, 0xCD, 0x09, 0xCD, 0x09, 0xCD, 
	0x09, 0xCD, 0x00, 0x00, 0x00, 0x00, 0x00, 0x00, 0x09, 0xCD, 0x09, 0xCD, 0x09, 0xCD, 0x09, 0xCD, 
	0x09, 0xCD, 0x09, 0xCD, 0x09, 0xCD, 0x09, 0xCD, 0x09, 0xCD, 0x09, 0xCD, 0x09, 0xCD, 0x09, 0xCD, 
	0x00, 0x00, 0x00, 0x00, 0x00, 0x00, 0x00, 0x00, 0x09, 0xCD, 0x09, 0xCD, 0x09, 0xCD, 0x09, 0xCD, 
	0x09, 0xCD, 0x09, 0xCD, 0x09, 0xCD, 0x09, 0xCD, 0x09, 0xCD, 0x00, 0x00, 0x00, 0x00, 0x00, 0x00, 
	0x09, 0xCD, 0x09, 0xCD, 0x09, 0xCD, 0x09, 0xCD, 0x09, 0xCD, 0x09, 0xCD, 0x09, 0xCD, 0x09, 0xCD, 
	0x09, 0xCD, 0x09, 0xCD, 0x09, 0xCD, 0x09, 0xCD, 0x00, 0x42, 0x00, 0x00, 0x00, 0x00, 0x00, 0x00, 
	0x09, 0xCD, 0x09, 0xCD, 0x09, 0xCD, 0x09, 0xCD, 0x09, 0xCD, 0x09, 0xCD, 0x09, 0xCD, 0x09, 0xCD, 
	0x09, 0xCD, 0x09, 0xCD, 0x09, 0xCD, 0x09, 0xCD, 0x09, 0xCD, 0x09, 0xCD, 0x00, 0x00, 0x00, 0x00, 
	0x00, 0x00, 0x00, 0x42, 0x09, 0xCD, 0x09, 0xCD, 0x09, 0xCD, 0x09, 0xCD, 0x09, 0xCD, 0x09, 0xCD, 
	0x09, 0xCD, 0x09, 0xCD, 0x09, 0xCD, 0x09, 0xCD, 0x09, 0xCD, 0x00, 0x00, 0x00, 0x00, 0x00, 0x00, 
	0x09, 0xCD, 0x09, 0xCD, 0x09, 0xCD, 0x09, 0xCD, 0x09, 0xCD, 0x09, 0xCD, 0x09, 0xCD, 0x09, 0xCD, 
	0x09, 0xCD, 0x09, 0xCD, 0x09, 0xCD, 0x09, 0xCD, 0x00, 0x00, 0x00, 0x00, 0x00, 0x00, 0x00, 0x00, 
	0x00, 0x00, 0x00, 0x00, 0x00, 0x00, 0x00, 0x00, 0x00, 0x00, 0x00, 0x00, 0x00, 0x00, 0x00, 0x00, 
	0x00, 0x00, 0x00, 0x00, 0x00, 0x00, 0x00, 0x00, 0x00, 0x00, 0x00, 0x00, 0x00, 0x00, 0x00, 0x00, 
	0x09, 0xCD, 0x09, 0xCD, 0x09, 0xCD, 0x09, 0xCD, 0x09, 0xCD, 0x09, 0xCD, 0x09, 0xCD, 0x09, 0xCD, 
	0x09, 0xCD, 0x09, 0xCD, 0x09, 0xCD, 0x09, 0xCD, 0x09, 0xCD, 0x09, 0xCD, 0x09, 0xCD, 0x09, 0xCD, 
	0x09, 0xCD, 0x09, 0xCD, 0x09, 0xCD, 0x09, 0xCD, 0x09, 0xCD, 0x09, 0xCD, 0x09, 0xCD, 0x09, 0xCD, 
	0x09, 0xCD, 0x09, 0xCD, 0x09, 0xCD, 0x09, 0xCD, 0x09, 0xCD, 0x09, 0xCD, 0x09, 0xCD, 0x09, 0xCD, 
	0x09, 0xCD, 0x09, 0xCD, 0x09, 0xCD, 0x09, 0xCD, 0x09, 0xCD, 0x09, 0xCD, 0x09, 0xCD, 0x09, 0xCD, 
	0x09, 0xCD, 0x09, 0xCD, 0x09, 0xCD, 0x09, 0xCD, 0x09, 0xCD, 0x09, 0xCD, 0x09, 0xCD, 0x09, 0xCD, 
	0x09, 0xCD, 0x09, 0xCD, 0x09, 0xCD, 0x09, 0xCD, 0x09, 0xCD, 0x09, 0xCD, 0x09, 0xCD, 0x09, 0xCD, 
	0x09, 0xCD, 0x00, 0x00, 0x00, 0x00, 0x00, 0x00, 0x00, 0x00, 0x00, 0x00, 0x00, 0x00, 0x00, 0x00, 
	0x00, 0x00, 0x00, 0x00, 0x00, 0x00, 0x00, 0x00, 0x00, 0x00, 0x00, 0x00, 0x00, 0x00, 0x00, 0x00, 
	0x00, 0x00, 0x00, 0x00, 0x00, 0x00, 0x00, 0x00, 0x00, 0x00, 0x00, 0x00, 0x00, 0x00, 0x00, 0x00, 
	0x00, 0x00, 0x00, 0x00, 0x00, 0x00, 0x00, 0x00, 0x00, 0x00, 0x00, 0x00, 0x00, 0x00, 0x00, 0x00, 
	0x00, 0x00, 0x00, 0x00, 0x00, 0x00, 0x00, 0x00, 0x00, 0x00, 0x00, 0x00, 0x00, 0x00, 0x00, 0x00, 
	0x00, 0x00, 0x00, 0x00, 0x00, 0x00, 0x00, 0x00, 0x00, 0x00, 0x00, 0x00, 0x00, 0x00, 0x00, 0x00, 
	0x00, 0x00, 0x00, 0x00, 0x00, 0x00, 0x00, 0x00, 0x00, 0x00, 0x00, 0x00, 0x00, 0x00, 0x00, 0x00, 
	0x00, 0x00, 0x00, 0x00, 0x00, 0x00, 0x00, 0x00, 0x00, 0x00, 0x00, 0x00, 0x00, 0x00, 0x00, 0x00, 
	0x00, 0x00, 0x00, 0x00, 0x00, 0x00, 0x00, 0x00, 0x00, 0x00, 0x00, 0x00, 0x00, 0x00, 0x09, 0x6B, 
	0x09, 0xCD, 0x09, 0xCD, 0x09, 0xCD, 0x09, 0xCD, 0x09, 0xCD, 0x09, 0xCD, 0x09, 0xCD, 0x09, 0xCD, 
	0x00, 0x00, 0x00, 0x00, 0x00, 0x00, 0x00, 0x00, 0x00, 0x00, 0x00, 0x00, 0x00, 0x00, 0x00, 0x00, 
	0x09, 0xCD, 0x09, 0xCD, 0x09, 0xCD, 0x09, 0xCD, 0x00, 0xE6, 0x00, 0x00, 0x00, 0x00, 0x00, 0x00, 
	0x00, 0x00, 0x00, 0x00, 0x00, 0x00, 0x00, 0x00, 0x00, 0x00, 0x00, 0x00, 0x00, 0x00, 0x00, 0x00, 
	0x00, 0x00, 0x00, 0x00, 0x00, 0x00, 0x00, 0x00, 0x00, 0x00, 0x09, 0xCD, 0x09, 0xCD, 0x09, 0xCD, 
	0x09, 0xCD, 0x09, 0xCD, 0x09, 0x8B, 0x00, 0x63, 0x00, 0xE7, 0x09, 0xCD, 0x09, 0xCD, 0x09, 0xCD, 
	0x09, 0xCD, 0x09, 0xCD, 0x09, 0xCD, 0x00, 0x00, 0x00, 0x00, 0x00, 0x63, 0x09, 0xCD, 0x09, 0xCD, 
	0x09, 0xCD, 0x09, 0xCD, 0x09, 0xCD, 0x09, 0xCD, 0x01, 0x08, 0x00, 0xE7, 0x09, 0xCD, 0x09, 0xCD, 
	0x09, 0xCD, 0x09, 0xCD, 0x09, 0xCD, 0x09, 0xCD, 0x00, 0x00, 0x00, 0x00, 0x09, 0xCD, 0x09, 0xCD, 
	0x09, 0xCD, 0x09, 0xCD, 0x09, 0xCD, 0x09, 0xCD, 0x09, 0xCD, 0x09, 0xCD, 0x09, 0xCD, 0x09, 0xCD, 
	0x09, 0xCD, 0x00, 0x00, 0x00, 0x00, 0x09, 0xCD, 0x09, 0xCD, 0x09, 0xCD, 0x09, 0xCD, 0x09, 0xAC, 
	0x00, 0x00, 0x00, 0x00, 0x00, 0x00, 0x00, 0x00, 0x09, 0xCD, 0x09, 0xCD, 0x09, 0xCD, 0x09, 0xCD, 
	0x09, 0x8B, 0x00, 0x00, 0x00, 0x00, 0x00, 0x00, 0x09, 0xCD, 0x09, 0xCD, 0x09, 0xCD, 0x09, 0xCD, 
	0x09, 0xCD, 0x09, 0xCD, 0x09, 0xCD, 0x09, 0xCD, 0x09, 0xCD, 0x00, 0x00, 0x00, 0x00, 0x09, 0x4A, 
	0x09, 0xCD, 0x09, 0xCD, 0x09, 0xCD, 0x09, 0xCD, 0x00, 0x00, 0x00, 0x00, 0x00, 0x00, 0x00, 0x00, 
	0x09, 0xCD, 0x09, 0xCD, 0x09, 0xCD, 0x09, 0xCD, 0x09, 0xCD, 0x00, 0x00, 0x00, 0x00, 0x00, 0x00, 
	0x09, 0xCD, 0x09, 0xCD, 0x09, 0xCD, 0x09, 0xCD, 0x09, 0xCD, 0x09, 0xCD, 0x09, 0xCD, 0x00, 0xE6, 
	0x09, 0xCD, 0x09, 0xCD, 0x09, 0xCD, 0x09, 0xCD, 0x09, 0xCD, 0x09, 0xCD, 0x00, 0x00, 0x00, 0x00, 
	0x00, 0x00, 0x09, 0xCD, 0x09, 0xCD, 0x09, 0xCD, 0x09, 0xCD, 0x09, 0xCD, 0x09, 0xCD, 0x09, 0x4A, 
	0x00, 0xE7, 0x09, 0xCD, 0x09, 0xCD, 0x09, 0xCD, 0x00, 0x00, 0x00, 0x00, 0x00, 0x00, 0x09, 0xCD, 
	0x09, 0xCD, 0x09, 0xCD, 0x09, 0xCD, 0x09, 0xCD, 0x00, 0x00, 0x00, 0x00, 0x00, 0x00, 0x00, 0x00, 
	0x09, 0xCD, 0x09, 0xCD, 0x09, 0xCD, 0x09, 0xCD, 0x09, 0xAC, 0x00, 0x00, 0x00, 0x00, 0x00, 0x00, 
	0x00, 0x00, 0x00, 0x00, 0x00, 0x00, 0x00, 0x00, 0x00, 0x00, 0x00, 0x00, 0x00, 0x00, 0x00, 0x00, 
	0x00, 0x00, 0x00, 0x00, 0x00, 0x00, 0x00, 0x00, 0x00, 0x00, 0x00, 0x00, 0x00, 0x00, 0x09, 0xCD, 
	0x09, 0xCD, 0x09, 0xCD, 0x09, 0xCD, 0x09, 0xCD, 0x09, 0xCD, 0x09, 0xCD, 0x09, 0xCD, 0x09, 0xCD, 
	0x09, 0xCD, 0x09, 0xCD, 0x09, 0xCD, 0x09, 0xCD, 0x09, 0xCD, 0x09, 0xCD, 0x09, 0xCD, 0x09, 0xCD, 
	0x09, 0xCD, 0x09, 0xCD, 0x09, 0xCD, 0x09, 0xCD, 0x09, 0xCD, 0x09, 0xCD, 0x09, 0xCD, 0x09, 0xCD, 
	0x09, 0xCD, 0x09, 0xCD, 0x09, 0xCD, 0x09, 0xCD, 0x09, 0xCD, 0x09, 0xCD, 0x09, 0xCD, 0x09, 0xCD, 
	0x09, 0xCD, 0x09, 0xCD, 0x09, 0xCD, 0x09, 0xCD, 0x09, 0xCD, 0x09, 0xCD, 0x09, 0xCD, 0x09, 0xCD, 
	0x09, 0xCD, 0x09, 0xCD, 0x09, 0xCD, 0x09, 0xCD, 0x09, 0xCD, 0x09, 0xCD, 0x09, 0xCD, 0x09, 0xCD, 
	0x09, 0xCD, 0x09, 0xCD, 0x09, 0xCD, 0x09, 0xCD, 0x09, 0xCD, 0x09, 0xCD, 0x09, 0xCD, 0x09, 0xCD, 
	0x09, 0xCD, 0x01, 0x08, 0x00, 0x00, 0x00, 0x00, 0x00, 0x00, 0x00, 0x00, 0x00, 0x00, 0x00, 0x00, 
	0x00, 0x00, 0x00, 0x00, 0x00, 0x00, 0x00, 0x00, 0x00, 0x00, 0x00, 0x00, 0x00, 0x00, 0x00, 0x00, 
	0x00, 0x00, 0x00, 0x00, 0x00, 0x00, 0x00, 0x00, 0x00, 0x00, 0x00, 0x00, 0x00, 0x00, 0x00, 0x00, 
	0x00, 0x00, 0x00, 0x00, 0x00, 0x00, 0x00, 0x00, 0x00, 0x00, 0x00, 0x00, 0x00, 0x00, 0x00, 0x00, 
	0x00, 0x00, 0x00, 0x00, 0x00, 0x00, 0x00, 0x00, 0x00, 0x00, 0x00, 0x00, 0x00, 0x00, 0x00, 0x00, 
	0x00, 0x00, 0x00, 0x00, 0x00, 0x00, 0x00, 0x00, 0x00, 0x00, 0x00, 0x00, 0x00, 0x00, 0x00, 0x00, 
	0x00, 0x00, 0x00, 0x00, 0x00, 0x00, 0x00, 0x00, 0x00, 0x00, 0x00, 0x00, 0x00, 0x00, 0x00, 0x00, 
	0x00, 0x00, 0x00, 0x00, 0x00, 0x00, 0x00, 0x00, 0x00, 0x00, 0x00, 0x00, 0x00, 0x00, 0x00, 0x00, 
	0x00, 0x00, 0x00, 0x00, 0x00, 0x00, 0x00, 0x00, 0x00, 0x00, 0x00, 0x00, 0x09, 0x6B, 0x09, 0xCD, 
	0x09, 0xCD, 0x09, 0xCD, 0x09, 0xCD, 0x09, 0xCD, 0x09, 0xCD, 0x09, 0xCD, 0x09, 0xCD, 0x00, 0xC6, 
	0x00, 0x00, 0x00, 0x00, 0x00, 0x00, 0x00, 0x00, 0x00, 0x00, 0x00, 0x00, 0x00, 0x00, 0x00, 0x00, 
	0x09, 0xCD, 0x09, 0xCD, 0x09, 0xCD, 0x09, 0xCD, 0x09, 0x4A, 0x00, 0x00, 0x00, 0x00, 0x00, 0x00, 
	0x00, 0x00, 0x00, 0x00, 0x00, 0x00, 0x00, 0x00, 0x00, 0x00, 0x00, 0x00, 0x00, 0x00, 0x00, 0x00, 
	0x00, 0x00, 0x00, 0x00, 0x00, 0x00, 0x00, 0x00, 0x09, 0xCD, 0x09, 0xCD, 0x09, 0xCD, 0x09, 0xCD, 
	0x09, 0xCD, 0x00, 0x00, 0x00, 0x00, 0x00, 0x00, 0x00, 0x00, 0x00, 0x00, 0x09, 0x6B, 0x09, 0xCD, 
	0x09, 0xCD, 0x09, 0xCD, 0x09, 0xCD, 0x00, 0x00, 0x00, 0x00, 0x00, 0x63, 0x09, 0xCD, 0x09, 0xCD, 
	0x09, 0xCD, 0x09, 0xCD, 0x01, 0x08, 0x00, 0x00, 0x00, 0x00, 0x00, 0x00, 0x00, 0x00, 0x09, 0xCD, 
	0x09, 0xCD, 0x09, 0xCD, 0x09, 0xCD, 0x09, 0xCD, 0x00, 0x00, 0x00, 0x00, 0x00, 0x00, 0x00, 0x00, 
	0x00, 0x00, 0x09, 0xCD, 0x09, 0xCD, 0x09, 0xCD, 0x09, 0xCD, 0x00, 0x00, 0x00, 0x00, 0x00, 0x00, 
	0x00, 0x00, 0x00, 0x00, 0x00, 0x00, 0x09, 0xCD, 0x09, 0xCD, 0x09, 0xCD, 0x09, 0xCD, 0x00, 0x00, 
	0x00, 0x00, 0x00, 0x00, 0x00, 0x00, 0x00, 0x00, 0x00, 0x00, 0x09, 0xCD, 0x09, 0xCD, 0x09, 0xCD, 
	0x09, 0xCD, 0x00, 0x00, 0x00, 0x00, 0x00, 0x00, 0x09, 0xCD, 0x09, 0xCD, 0x09, 0xCD, 0x09, 0xCD, 
	0x09, 0xCD, 0x00, 0xE6, 0x00, 0x00, 0x00, 0x00, 0x00, 0x00, 0x00, 0x00, 0x00, 0x00, 0x09, 0xCD, 
	0x09, 0xCD, 0x09, 0xCD, 0x09, 0xCD, 0x00, 0x00, 0x00, 0x00, 0x00, 0x00, 0x00, 0x00, 0x00, 0x00, 
	0x00, 0x00, 0x09, 0xCD, 0x09, 0xCD, 0x09, 0xCD, 0x09, 0xCD, 0x00, 0x00, 0x00, 0x00, 0x00, 0x00, 
	0x09, 0xCD, 0x09, 0xCD, 0x09, 0xCD, 0x09, 0xCD, 0x09, 0xCD, 0x00, 0x00, 0x00, 0x00, 0x00, 0x00, 
	0x00, 0x00, 0x00, 0x00, 0x09, 0xCD, 0x09, 0xCD, 0x09, 0xCD, 0x09, 0xCD, 0x00, 0x63, 0x00, 0x00, 
	0x00, 0x00, 0x09, 0xCD, 0x09, 0xCD, 0x09, 0xCD, 0x09, 0xCD, 0x00, 0xE6, 0x00, 0x00, 0x00, 0x00, 
	0x00, 0x00, 0x00, 0x00, 0x00, 0x00, 0x00, 0x00, 0x00, 0x00, 0x00, 0x00, 0x00, 0x00, 0x09, 0xCD, 
	0x09, 0xCD, 0x09, 0xCD, 0x09, 0xCD, 0x00, 0x00, 0x00, 0x00, 0x00, 0x00, 0x00, 0x00, 0x00, 0x00, 
	0x00, 0x00, 0x09, 0xCD, 0x09, 0xCD, 0x09, 0xCD, 0x09, 0xCD, 0x00, 0x00, 0x00, 0x00, 0x00, 0x00, 
	0x00, 0x00, 0x00, 0x00, 0x00, 0x00, 0x00, 0x00, 0x00, 0x00, 0x00, 0x00, 0x00, 0x00, 0x00, 0x00, 
	0x00, 0x00, 0x00, 0x00, 0x00, 0x00, 0x00, 0x00, 0x00, 0x00, 0x00, 0x00, 0x09, 0xCD, 0x09, 0xCD, 
	0x09, 0xCD, 0x09, 0xCD, 0x09, 0xCD, 0x09, 0xCD, 0x09, 0xCD, 0x09, 0xCD, 0x09, 0xCD, 0x09, 0xCD, 
	0x09, 0xCD, 0x09, 0xCD, 0x09, 0xCD, 0x09, 0xCD, 0x09, 0xCD, 0x09, 0xCD, 0x09, 0xCD, 0x09, 0xCD, 
	0x09, 0xCD, 0x09, 0xCD, 0x09, 0xCD, 0x09, 0xCD, 0x09, 0xCD, 0x09, 0xCD, 0x09, 0xCD, 0x09, 0xCD, 
	0x09, 0xCD, 0x09, 0xCD, 0x09, 0xCD, 0x09, 0xCD, 0x09, 0xCD, 0x09, 0xCD, 0x09, 0xCD, 0x09, 0xCD, 
	0x09, 0xCD, 0x09, 0xCD, 0x09, 0xCD, 0x09, 0xCD, 0x09, 0xCD, 0x09, 0xCD, 0x09, 0xCD, 0x09, 0xCD, 
	0x09, 0xCD, 0x09, 0xCD, 0x09, 0xCD, 0x09, 0xCD, 0x09, 0xCD, 0x09, 0xCD, 0x09, 0xCD, 0x09, 0xCD, 
	0x09, 0xCD, 0x09, 0xCD, 0x09, 0xCD, 0x09, 0xCD, 0x09, 0xCD, 0x09, 0xCD, 0x09, 0xCD, 0x09, 0xCD, 
	0x09, 0xCD, 0x09, 0xCD, 0x00, 0x00, 0x00, 0x00, 0x00, 0x00, 0x00, 0x00, 0x00, 0x00, 0x00, 0x00, 
	0x00, 0x00, 0x00, 0x00, 0x00, 0x00, 0x00, 0x00, 0x00, 0x00, 0x00, 0x00, 0x00, 0x00, 0x00, 0x00, 
	0x00, 0x00, 0x00, 0x00, 0x00, 0x00, 0x00, 0x00, 0x00, 0x00, 0x00, 0x00, 0x00, 0x00, 0x00, 0x00, 
	0x00, 0x00, 0x00, 0x00, 0x00, 0x00, 0x00, 0x00, 0x00, 0x00, 0x00, 0x00, 0x00, 0x00, 0x00, 0x00, 
	0x00, 0x00, 0x00, 0x00, 0x00, 0x00, 0x00, 0x00, 0x00, 0x00, 0x00, 0x00, 0x00, 0x00, 0x00, 0x00, 
	0x00, 0x00, 0x00, 0x00, 0x00, 0x00, 0x00, 0x00, 0x00, 0x00, 0x00, 0x00, 0x00, 0x00, 0x00, 0x00, 
	0x00, 0x00, 0x00, 0x00, 0x00, 0x00, 0x00, 0x00, 0x00, 0x00, 0x00, 0x00, 0x00, 0x00, 0x00, 0x00, 
	0x00, 0x00, 0x00, 0x00, 0x00, 0x00, 0x00, 0x00, 0x00, 0x00, 0x00, 0x00, 0x00, 0x00, 0x00, 0x00, 
	0x00, 0x00, 0x00, 0x00, 0x00, 0x00, 0x00, 0x00, 0x00, 0x00, 0x00, 0x84, 0x09, 0xCD, 0x09, 0xCD, 
	0x09, 0xCD, 0x09, 0xCD, 0x09, 0xCD, 0x09, 0xCD, 0x09, 0xCD, 0x09, 0xCD, 0x09, 0xCD, 0x00, 0x00, 
	0x00, 0x00, 0x00, 0x00, 0x00, 0x00, 0x00, 0x00, 0x00, 0x00, 0x00, 0x00, 0x00, 0x00, 0x00, 0x00, 
	0x09, 0xCD, 0x09, 0xCD, 0x09, 0xCD, 0x09, 0xCD, 0x09, 0xCD, 0x00, 0x00, 0x00, 0x00, 0x00, 0x00, 
	0x00, 0x00, 0x00, 0x00, 0x00, 0x00, 0x00, 0x00, 0x00, 0x00, 0x00, 0x00, 0x00, 0x00, 0x00, 0x00, 
	0x00, 0x00, 0x00, 0x00, 0x00, 0x00, 0x00, 0x00, 0x09, 0xCD, 0x09, 0xCD, 0x09, 0xCD, 0x09, 0xCD, 
	0x09, 0x4A, 0x00, 0x00, 0x00, 0x00, 0x00, 0x00, 0x00, 0x00, 0x00, 0x00, 0x00, 0x00, 0x09, 0xCD, 
	0x09, 0xCD, 0x09, 0xCD, 0x09, 0xCD, 0x00, 0x00, 0x00, 0x00, 0x00, 0x63, 0x09, 0xCD, 0x09, 0xCD, 
	0x09, 0xCD, 0x09, 0xCD, 0x00, 0x00, 0x00, 0x00, 0x00, 0x00, 0x00, 0x00, 0x00, 0x00, 0x00, 0x42, 
	0x09, 0xCD, 0x09, 0xCD, 0x09, 0xCD, 0x09, 0xCD, 0x00, 0x00, 0x00, 0x00, 0x00, 0x00, 0x00, 0x00, 
	0x00, 0x00, 0x09, 0xCD, 0x09, 0xCD, 0x09, 0xCD, 0x09, 0xCD, 0x00, 0x00, 0x00, 0x00, 0x00, 0x00, 
	0x00, 0x00, 0x00, 0x00, 0x00, 0xC6, 0x09, 0xCD, 0x09, 0xCD, 0x09, 0xCD, 0x00, 0x00, 0x00, 0x00, 
	0x00, 0x00, 0x00, 0x00, 0x00, 0x00, 0x00, 0x00, 0x00, 0x00, 0x09, 0xCD, 0x09, 0xCD, 0x09, 0xCD, 
	0x09, 0xCD, 0x00, 0x00, 0x00, 0x00, 0x00, 0x00, 0x09, 0xCD, 0x09, 0xCD, 0x09, 0xCD, 0x09, 0xCD, 
	0x00, 0x00, 0x00, 0x00, 0x00, 0x00, 0x00, 0x00, 0x00, 0x00, 0x00, 0x00, 0x00, 0xA5, 0x09, 0xCD, 
	0x09, 0xCD, 0x09, 0xCD, 0x09, 0xCD, 0x00, 0x00, 0x00, 0x00, 0x00, 0x00, 0x00, 0x00, 0x00, 0x00, 
	0x00, 0x00, 0x00, 0x84, 0x09, 0xCD, 0x09, 0xCD, 0x09, 0xCD, 0x00, 0x63, 0x00, 0x00, 0x00, 0x00, 
	0x09, 0xCD, 0x09, 0xCD, 0x09, 0xCD, 0x09, 0xCD, 0x00, 0x84, 0x00, 0x00, 0x00, 0x00, 0x00, 0x00, 
	0x00, 0x00, 0x00, 0x00, 0x09, 0xCD, 0x09, 0xCD, 0x09, 0xCD, 0x09, 0xCD, 0x00, 0xE6, 0x00, 0x00, 
	0x01, 0x08, 0x09, 0xCD, 0x09, 0xCD, 0x09, 0xCD, 0x09, 0xCD, 0x00, 0x00, 0x00, 0x00, 0x00, 0x00, 
	0x00, 0x00, 0x00, 0x00, 0x00, 0x00, 0x00, 0x00, 0x00, 0x00, 0x00, 0x00, 0x00, 0x63, 0x09, 0xCD, 
	0x09, 0xCD, 0x09, 0xCD, 0x00, 0x21, 0x00, 0x00, 0x00, 0x00, 0x00, 0x00, 0x00, 0x00, 0x00, 0x00, 
	0x00, 0x00, 0x09, 0xCD, 0x09, 0xCD, 0x09, 0xCD, 0x09, 0xCD, 0x00, 0xC6, 0x00, 0x00, 0x00, 0x00, 
	0x00, 0x00, 0x00, 0x00, 0x00, 0x00, 0x00, 0x00, 0x00, 0x00, 0x00, 0x00, 0x00, 0x00, 0x00, 0x00, 
	0x00, 0x00, 0x00, 0x00, 0x00, 0x00, 0x00, 0x00, 0x00, 0x00, 0x09, 0xCD, 0x09, 0xCD, 0x09, 0xCD, 
	0x09, 0xCD, 0x09, 0xCD, 0x09, 0xCD, 0x09, 0xCD, 0x09, 0xCD, 0x09, 0xCD, 0x09, 0xCD, 0x09, 0xCD, 
	0x09, 0xCD, 0x09, 0xCD, 0x09, 0xCD, 0x09, 0xCD, 0x09, 0xCD, 0x09, 0xCD, 0x09, 0xCD, 0x09, 0xCD, 
	0x09, 0xCD, 0x09, 0xCD, 0x09, 0xCD, 0x09, 0xCD, 0x09, 0xCD, 0x09, 0xCD, 0x09, 0xCD, 0x09, 0xCD, 
	0x09, 0xCD, 0x09, 0xCD, 0x09, 0xCD, 0x09, 0xCD, 0x09, 0xCD, 0x09, 0xCD, 0x09, 0xCD, 0x09, 0xCD, 
	0x09, 0xCD, 0x09, 0xCD, 0x09, 0xCD, 0x09, 0xCD, 0x09, 0xCD, 0x09, 0xCD, 0x09, 0xCD, 0x09, 0xCD, 
	0x09, 0xCD, 0x09, 0xCD, 0x09, 0xCD, 0x09, 0xCD, 0x09, 0xCD, 0x09, 0xCD, 0x09, 0xCD, 0x09, 0xCD, 
	0x09, 0xCD, 0x09, 0xCD, 0x09, 0xCD, 0x09, 0xCD, 0x09, 0xCD, 0x09, 0xCD, 0x09, 0xCD, 0x09, 0xCD, 
	0x09, 0xCD, 0x09, 0xCD, 0x00, 0x00, 0x00, 0x00, 0x00, 0x00, 0x00, 0x00, 0x00, 0x00, 0x00, 0x00, 
	0x00, 0x00, 0x00, 0x00, 0x00, 0x00, 0x00, 0x00, 0x00, 0x00, 0x00, 0x00, 0x00, 0x00, 0x00, 0x00, 
	0x00, 0x00, 0x00, 0x00, 0x00, 0x00, 0x00, 0x00, 0x00, 0x00, 0x00, 0x00, 0x00, 0x00, 0x00, 0x00, 
	0x00, 0x00, 0x00, 0x00, 0x00, 0x00, 0x00, 0x00, 0x00, 0x00, 0x00, 0x00, 0x00, 0x00, 0x00, 0x00, 
	0x00, 0x00, 0x00, 0x00, 0x00, 0x00, 0x00, 0x00, 0x00, 0x00, 0x00, 0x00, 0x00, 0x00, 0x00, 0x00, 
	0x00, 0x00, 0x00, 0x00, 0x00, 0x00, 0x00, 0x00, 0x00, 0x00, 0x00, 0x00, 0x00, 0x00, 0x00, 0x00, 
	0x00, 0x00, 0x00, 0x00, 0x00, 0x00, 0x00, 0x00, 0x00, 0x00, 0x00, 0x00, 0x00, 0x00, 0x00, 0x00, 
	0x00, 0x00, 0x00, 0x00, 0x00, 0x00, 0x00, 0x00, 0x00, 0x00, 0x00, 0x00, 0x00, 0x00, 0x00, 0x00, 
	0x00, 0x00, 0x00, 0x00, 0x00, 0x00, 0x00, 0x00, 0x09, 0x8B, 0x09, 0xCD, 0x09, 0xCD, 0x09, 0xCD, 
	0x09, 0xCD, 0x09, 0xCD, 0x09, 0xCD, 0x09, 0xCD, 0x09, 0xCD, 0x09, 0xCD, 0x00, 0x00, 0x00, 0x00, 
	0x00, 0x00, 0x00, 0x00, 0x00, 0x00, 0x00, 0x00, 0x00, 0x00, 0x00, 0x00, 0x00, 0x00, 0x00, 0x00, 
	0x09, 0xCD, 0x09, 0xCD, 0x09, 0xCD, 0x09, 0xCD, 0x09, 0xCD, 0x00, 0x00, 0x00, 0x00, 0x00, 0x00, 
	0x00, 0x00, 0x00, 0x00, 0x00, 0x00, 0x00, 0x00, 0x00, 0x00, 0x00, 0x00, 0x00, 0x00, 0x00, 0x00, 
	0x00, 0x00, 0x00, 0x00, 0x00, 0x00, 0x00, 0x00, 0x09, 0xCD, 0x09, 0xCD, 0x09, 0xCD, 0x09, 0xCD, 
	0x00, 0x00, 0x00, 0x00, 0x00, 0x00, 0x00, 0x00, 0x00, 0x00, 0x00, 0x00, 0x00, 0x00, 0x09, 0xCD, 
	0x09, 0xCD, 0x09, 0xCD, 0x09, 0xCD, 0x00, 0xA5, 0x00, 0x00, 0x00, 0x63, 0x09, 0xCD, 0x09, 0xCD, 
	0x09, 0xCD, 0x09, 0xCD, 0x00, 0x00, 0x00, 0x00, 0x00, 0x00, 0x00, 0x00, 0x00, 0x00, 0x00, 0x00, 
	0x09, 0xCD, 0x09, 0xCD, 0x09, 0xCD, 0x09, 0xCD, 0x00, 0x00, 0x00, 0x00, 0x00, 0x00, 0x00, 0x00, 
	0x00, 0x00, 0x09, 0xCD, 0x09, 0xCD, 0x09, 0xCD, 0x09, 0xCD, 0x00, 0x00, 0x00, 0x00, 0x00, 0x00, 
	0x00, 0x00, 0x00, 0x00, 0x09, 0xCD, 0x09, 0xCD, 0x09, 0xCD, 0x09, 0xCD, 0x09, 0xCD, 0x09, 0xCD, 
	0x09, 0xCD, 0x09, 0xCD, 0x09, 0xCD, 0x09, 0xCD, 0x09, 0xCD, 0x09, 0xCD, 0x09, 0xCD, 0x09, 0xCD, 
	0x09, 0xCD, 0x00, 0x00, 0x00, 0x00, 0x00, 0x00, 0x09, 0xCD, 0x09, 0xCD, 0x09, 0xCD, 0x09, 0xCD, 
	0x00, 0x00, 0x00, 0x00, 0x00, 0x00, 0x00, 0x00, 0x00, 0x00, 0x00, 0x00, 0x09, 0xAC, 0x09, 0xCD, 
	0x09, 0xCD, 0x09, 0xCD, 0x09, 0xCD, 0x09, 0xCD, 0x09, 0xCD, 0x09, 0xCD, 0x09, 0xCD, 0x09, 0xCD, 
	0x09, 0xCD, 0x09, 0xCD, 0x09, 0xCD, 0x09, 0xCD, 0x09, 0xCD, 0x09, 0x4A, 0x00, 0x00, 0x00, 0x00, 
	0x09, 0xCD, 0x09, 0xCD, 0x09, 0xCD, 0x09, 0xCD, 0x00, 0x00, 0x00, 0x00, 0x00, 0x00, 0x00, 0x00, 
	0x00, 0x00, 0x00, 0x00, 0x09, 0xCD, 0x09, 0xCD, 0x09, 0xCD, 0x09, 0xCD, 0x09, 0x4A, 0x00, 0x00, 
	0x09, 0xCD, 0x09, 0xCD, 0x09, 0xCD, 0x09, 0xCD, 0x09, 0xCD, 0x00, 0x00, 0x00, 0x00, 0x00, 0x00, 
	0x00, 0x00, 0x00, 0x00, 0x00, 0x00, 0x00, 0x00, 0x00, 0x00, 0x00, 0x00, 0x09, 0x4A, 0x09, 0xCD, 
	0x09, 0xCD, 0x09, 0xCD, 0x09, 0xCD, 0x09, 0xCD, 0x09, 0xCD, 0x09, 0xCD, 0x09, 0xCD, 0x09, 0xCD, 
	0x09, 0xCD, 0x09, 0xCD, 0x09, 0xCD, 0x09, 0xCD, 0x09, 0xCD, 0x09, 0x8B, 0x00, 0x00, 0x00, 0x00, 
	0x00, 0x00, 0x00, 0x00, 0x00, 0x00, 0x00, 0x00, 0x00, 0x00, 0x00, 0x00, 0x00, 0x00, 0x00, 0x00, 
	0x00, 0x00, 0x00, 0x00, 0x00, 0x00, 0x00, 0x00, 0x09, 0xCD, 0x09, 0xCD, 0x09, 0xCD, 0x09, 0xCD, 
	0x09, 0xCD, 0x09, 0xCD, 0x09, 0xCD, 0x09, 0xCD, 0x09, 0xCD, 0x09, 0xCD, 0x09, 0xCD, 0x09, 0xCD, 
	0x09, 0xCD, 0x09, 0xCD, 0x09, 0xCD, 0x09, 0xCD, 0x09, 0xCD, 0x09, 0xCD, 0x09, 0xCD, 0x09, 0xCD, 
	0x09, 0xCD, 0x09, 0xCD, 0x09, 0xCD, 0x09, 0xCD, 0x09, 0xCD, 0x09, 0xCD, 0x09, 0xCD, 0x09, 0xCD, 
	0x09, 0xCD, 0x09, 0xCD, 0x09, 0xCD, 0x09, 0xCD, 0x09, 0xCD, 0x09, 0xCD, 0x09, 0xCD, 0x09, 0xCD, 
	0x09, 0xCD, 0x09, 0xCD, 0x09, 0xCD, 0x09, 0xCD, 0x09, 0xCD, 0x09, 0xCD, 0x09, 0xCD, 0x09, 0xCD, 
	0x09, 0xCD, 0x09, 0xCD, 0x09, 0xCD, 0x09, 0xCD, 0x09, 0xCD, 0x09, 0xCD, 0x09, 0xCD, 0x09, 0xCD, 
	0x09, 0xCD, 0x09, 0xCD, 0x09, 0xCD, 0x09, 0xCD, 0x09, 0xCD, 0x09, 0xCD, 0x09, 0xCD, 0x09, 0xCD, 
	0x09, 0xCD, 0x09, 0xCD, 0x00, 0x00, 0x00, 0x00, 0x00, 0x00, 0x00, 0x00, 0x00, 0x00, 0x00, 0x00, 
	0x00, 0x00, 0x00, 0x00, 0x00, 0x00, 0x00, 0x00, 0x00, 0x00, 0x00, 0x00, 0x00, 0x00, 0x00, 0x00, 
	0x00, 0x00, 0x00, 0x00, 0x00, 0x00, 0x00, 0x00, 0x00, 0x00, 0x00, 0x00, 0x00, 0x00, 0x00, 0x00, 
	0x00, 0x00, 0x00, 0x00, 0x00, 0x00, 0x00, 0x00, 0x00, 0x00, 0x00, 0x00, 0x00, 0x00, 0x00, 0x00, 
	0x00, 0x00, 0x00, 0x00, 0x00, 0x00, 0x00, 0x00, 0x00, 0x00, 0x00, 0x00, 0x00, 0x00, 0x00, 0x00, 
	0x00, 0x00, 0x00, 0x00, 0x00, 0x00, 0x00, 0x00, 0x00, 0x00, 0x00, 0x00, 0x00, 0x00, 0x00, 0x00, 
	0x00, 0x00, 0x00, 0x00, 0x00, 0x00, 0x00, 0x00, 0x00, 0x00, 0x00, 0x00, 0x00, 0x00, 0x00, 0x00, 
	0x00, 0x00, 0x00, 0x00, 0x00, 0x00, 0x00, 0x00, 0x00, 0x00, 0x00, 0x00, 0x00, 0x00, 0x00, 0x00, 
	0x00, 0x00, 0x00, 0x00, 0x00, 0x00, 0x09, 0xAC, 0x09, 0xCD, 0x09, 0xCD, 0x09, 0xCD, 0x09, 0xCD, 
	0x09, 0xCD, 0x09, 0xCD, 0x09, 0xCD, 0x09, 0xCD, 0x09, 0xCD, 0x09, 0xCD, 0x00, 0x00, 0x00, 0x00, 
	0x00, 0x00, 0x00, 0x00, 0x00, 0x00, 0x00, 0x00, 0x00, 0x00, 0x00, 0x00, 0x00, 0x00, 0x00, 0x00, 
	0x09, 0xCD, 0x09, 0xCD, 0x09, 0xCD, 0x09, 0xCD, 0x09, 0xCD, 0x00, 0x00, 0x00, 0x00, 0x00, 0x00, 
	0x00, 0x00, 0x00, 0x00, 0x00, 0x00, 0x00, 0x00, 0x00, 0x00, 0x00, 0x00, 0x00, 0x00, 0x00, 0x00, 
	0x00, 0x00, 0x00, 0x00, 0x00, 0x00, 0x00, 0x00, 0x09, 0xCD, 0x09, 0xCD, 0x09, 0xCD, 0x09, 0xCD, 
	0x00, 0x00, 0x00, 0x00, 0x00, 0x00, 0x00, 0x00, 0x00, 0x00, 0x00, 0x00, 0x00, 0x00, 0x09, 0xCD, 
	0x09, 0xCD, 0x09, 0xCD, 0x09, 0xCD, 0x00, 0xE6, 0x00, 0x00, 0x00, 0x63, 0x09, 0xCD, 0x09, 0xCD, 
	0x09, 0xCD, 0x09, 0xCD, 0x00, 0x00, 0x00, 0x00, 0x00, 0x00, 0x00, 0x00, 0x00, 0x00, 0x00, 0x00, 
	0x09, 0xCD, 0x09, 0xCD, 0x09, 0xCD, 0x09, 0xCD, 0x00, 0x00, 0x00, 0x00, 0x00, 0x00, 0x00, 0x00, 
	0x00, 0x00, 0x09, 0xCD, 0x09, 0xCD, 0x09, 0xCD, 0x09, 0xCD, 0x00, 0x00, 0x00, 0x00, 0x00, 0x00, 
	0x00, 0x00, 0x00, 0x00, 0x09, 0xCD, 0x09, 0xCD, 0x09, 0xCD, 0x09, 0xCD, 0x09, 0xCD, 0x09, 0xCD, 
	0x09, 0xCD, 0x09, 0xCD, 0x09, 0xCD, 0x09, 0xCD, 0x09, 0xCD, 0x09, 0xCD, 0x09, 0xCD, 0x09, 0xCD, 
	0x09, 0xCD, 0x00, 0x00, 0x00, 0x00, 0x00, 0x00, 0x09, 0xCD, 0x09, 0xCD, 0x09, 0xCD, 0x09, 0xCD, 
	0x00, 0x00, 0x00, 0x00, 0x00, 0x00, 0x00, 0x00, 0x00, 0x00, 0x00, 0x00, 0x09, 0xCD, 0x09, 0xCD, 
	0x09, 0xCD, 0x09, 0xCD, 0x09, 0xCD, 0x09, 0xCD, 0x09, 0xCD, 0x09, 0xCD, 0x09, 0xCD, 0x09, 0xCD, 
	0x09, 0xCD, 0x09, 0xCD, 0x09, 0xCD, 0x09, 0xCD, 0x09, 0xCD, 0x09, 0xCD, 0x00, 0x00, 0x00, 0x00, 
	0x09, 0xCD, 0x09, 0xCD, 0x09, 0xCD, 0x09, 0xCD, 0x00, 0x00, 0x00, 0x00, 0x00, 0x00, 0x00, 0x00, 
	0x00, 0x00, 0x00, 0x00, 0x09, 0xCD, 0x09, 0xCD, 0x09, 0xCD, 0x09, 0xCD, 0x09, 0x4A, 0x00, 0x00, 
	0x09, 0xCD, 0x09, 0xCD, 0x09, 0xCD, 0x09, 0xCD, 0x09, 0x4A, 0x00, 0x00, 0x00, 0x00, 0x00, 0x00, 
	0x00, 0x00, 0x00, 0x00, 0x00, 0x00, 0x00, 0x00, 0x00, 0x00, 0x00, 0x00, 0x09, 0xCD, 0x09, 0xCD, 
	0x09, 0xCD, 0x09, 0xCD, 0x09, 0xCD, 0x09, 0xCD, 0x09, 0xCD, 0x09, 0xCD, 0x09, 0xCD, 0x09, 0xCD, 
	0x09, 0xCD, 0x09, 0xCD, 0x09, 0xCD, 0x09, 0xCD, 0x09, 0xCD, 0x09, 0xCD, 0x00, 0x00, 0x00, 0x00, 
	0x00, 0x00, 0x00, 0x00, 0x00, 0x00, 0x00, 0x00, 0x00, 0x00, 0x00, 0x00, 0x00, 0x00, 0x00, 0x00, 
	0x00, 0x00, 0x00, 0x00, 0x00, 0x00, 0x00, 0x63, 0x09, 0xCD, 0x09, 0xCD, 0x09, 0xCD, 0x09, 0xCD, 
	0x09, 0xCD, 0x09, 0xCD, 0x09, 0xCD, 0x09, 0xCD, 0x09, 0xCD, 0x09, 0xCD, 0x09, 0xCD, 0x09, 0xCD, 
	0x09, 0xCD, 0x09, 0xCD, 0x09, 0xCD, 0x09, 0xCD, 0x09, 0xCD, 0x09, 0xCD, 0x09, 0xCD, 0x09, 0xCD, 
	0x09, 0xCD, 0x09, 0xCD, 0x09, 0xCD, 0x09, 0xCD, 0x09, 0xCD, 0x09, 0xCD, 0x09, 0xCD, 0x09, 0xCD, 
	0x09, 0xCD, 0x09, 0xCD, 0x09, 0xCD, 0x09, 0xCD, 0x09, 0xCD, 0x09, 0xCD, 0x09, 0xCD, 0x09, 0xCD, 
	0x09, 0xCD, 0x09, 0xCD, 0x09, 0xCD, 0x09, 0xCD, 0x09, 0xCD, 0x09, 0xCD, 0x09, 0xCD, 0x09, 0xCD, 
	0x09, 0xCD, 0x09, 0xCD, 0x09, 0xCD, 0x09, 0xCD, 0x09, 0xCD, 0x09, 0xCD, 0x09, 0xCD, 0x09, 0xCD, 
	0x09, 0xCD, 0x09, 0xCD, 0x09, 0xCD, 0x09, 0xCD, 0x09, 0xCD, 0x09, 0xCD, 0x09, 0xCD, 0x09, 0xCD, 
	0x09, 0xCD, 0x09, 0xCD, 0x00, 0x00, 0x00, 0x00, 0x00, 0x00, 0x00, 0x00, 0x00, 0x00, 0x00, 0x00, 
	0x00, 0x00, 0x00, 0x00, 0x00, 0x00, 0x00, 0x00, 0x00, 0x00, 0x00, 0x00, 0x00, 0x00, 0x00, 0x00, 
	0x00, 0x00, 0x00, 0x00, 0x00, 0x00, 0x00, 0x00, 0x00, 0x00, 0x00, 0x00, 0x00, 0x00, 0x00, 0x00, 
	0x00, 0x00, 0x00, 0x00, 0x00, 0x00, 0x00, 0x00, 0x00, 0x00, 0x00, 0x00, 0x00, 0x00, 0x00, 0x00, 
	0x00, 0x00, 0x00, 0x00, 0x00, 0x00, 0x00, 0x00, 0x00, 0x00, 0x00, 0x00, 0x00, 0x00, 0x00, 0x00, 
	0x00, 0x00, 0x00, 0x00, 0x00, 0x00, 0x00, 0x00, 0x00, 0x00, 0x00, 0x00, 0x00, 0x00, 0x00, 0x00, 
	0x00, 0x00, 0x00, 0x00, 0x00, 0x00, 0x00, 0x00, 0x00, 0x00, 0x00, 0x00, 0x00, 0x00, 0x00, 0x00, 
	0x00, 0x00, 0x00, 0x00, 0x00, 0x00, 0x00, 0x00, 0x00, 0x00, 0x00, 0x00, 0x00, 0x00, 0x00, 0x00, 
	0x00, 0x00, 0x00, 0x00, 0x09, 0xCD, 0x09, 0xCD, 0x09, 0xCD, 0x09, 0xCD, 0x09, 0xCD, 0x09, 0xCD, 
	0x09, 0xCD, 0x09, 0xCD, 0x09, 0xCD, 0x09, 0xCD, 0x09, 0xCD, 0x00, 0x00, 0x00, 0x00, 0x00, 0x00, 
	0x00, 0x00, 0x00, 0x00, 0x00, 0x00, 0x00, 0x00, 0x00, 0x00, 0x00, 0x00, 0x00, 0x00, 0x00, 0x00, 
	0x09, 0xCD, 0x09, 0xCD, 0x09, 0xCD, 0x09, 0xCD, 0x09, 0xCD, 0x09, 0x4A, 0x00, 0x00, 0x00, 0x00, 
	0x00, 0x00, 0x00, 0x00, 0x00, 0x00, 0x00, 0x00, 0x00, 0x00, 0x00, 0x00, 0x00, 0x00, 0x00, 0x00, 
	0x00, 0x00, 0x00, 0x00, 0x00, 0x00, 0x00, 0x00, 0x09, 0xCD, 0x09, 0xCD, 0x09, 0xCD, 0x09, 0xCD, 
	0x00, 0x00, 0x00, 0x00, 0x00, 0x00, 0x00, 0x00, 0x00, 0x00, 0x00, 0x00, 0x00, 0x00, 0x09, 0xCD, 
	0x09, 0xCD, 0x09, 0xCD, 0x09, 0xCD, 0x00, 0xE6, 0x00, 0x00, 0x00, 0x63, 0x09, 0xCD, 0x09, 0xCD, 
	0x09, 0xCD, 0x09, 0xCD, 0x00, 0x00, 0x00, 0x00, 0x00, 0x00, 0x00, 0x00, 0x00, 0x00, 0x00, 0x00, 
	0x09, 0xCD, 0x09, 0xCD, 0x09, 0xCD, 0x09, 0xCD, 0x00, 0x00, 0x00, 0x00, 0x00, 0x00, 0x00, 0x00, 
	0x00, 0x00, 0x09, 0xCD, 0x09, 0xCD, 0x09, 0xCD, 0x09, 0xCD, 0x00, 0x00, 0x00, 0x00, 0x00, 0x00, 
	0x00, 0x00, 0x00, 0x00, 0x09, 0xCD, 0x09, 0xCD, 0x09, 0xCD, 0x09, 0xCD, 0x09, 0xCD, 0x09, 0xCD, 
	0x09, 0xCD, 0x09, 0xCD, 0x09, 0xCD, 0x09, 0xCD, 0x09, 0xCD, 0x09, 0xCD, 0x09, 0xCD, 0x09, 0xCD, 
	0x09, 0xCD, 0x00, 0x00, 0x00, 0x00, 0x00, 0x00, 0x09, 0xCD, 0x09, 0xCD, 0x09, 0xCD, 0x09, 0xCD, 
	0x00, 0x00, 0x00, 0x00, 0x00, 0x00, 0x00, 0x00, 0x00, 0x00, 0x00, 0x00, 0x09, 0xCD, 0x09, 0xCD, 
	0x09, 0xCD, 0x09, 0xCD, 0x09, 0xCD, 0x09, 0xCD, 0x09, 0xCD, 0x09, 0xCD, 0x09, 0xCD, 0x09, 0xCD, 
	0x09, 0xCD, 0x09, 0xCD, 0x09, 0xCD, 0x09, 0xCD, 0x09, 0xCD, 0x09, 0x4A, 0x00, 0x00, 0x00, 0x00, 
	0x09, 0xCD, 0x09, 0xCD, 0x09, 0xCD, 0x09, 0xCD, 0x00, 0x00, 0x00, 0x00, 0x00, 0x00, 0x00, 0x00, 
	0x00, 0x00, 0x00, 0x00, 0x09, 0xCD, 0x09, 0xCD, 0x09, 0xCD, 0x09, 0xCD, 0x09, 0x4A, 0x00, 0x00, 
	0x09, 0xCD, 0x09, 0xCD, 0x09, 0xCD, 0x09, 0xCD, 0x09, 0x6B, 0x00, 0x00, 0x00, 0x00, 0x00, 0x00, 
	0x00, 0x00, 0x00, 0x00, 0x00, 0x00, 0x00, 0x00, 0x00, 0x00, 0x00, 0x00, 0x09, 0xCD, 0x09, 0xCD, 
	0x09, 0xCD, 0x09, 0xCD, 0x09, 0xCD, 0x09, 0xCD, 0x09, 0xCD, 0x09, 0xCD, 0x09, 0xCD, 0x09, 0xCD, 
	0x09, 0xCD, 0x09, 0xCD, 0x09, 0xCD, 0x09, 0xCD, 0x09, 0xCD, 0x09, 0xCD, 0x00, 0x00, 0x00, 0x00, 
	0x00, 0x00, 0x00, 0x00, 0x00, 0x00, 0x00, 0x00, 0x00, 0x00, 0x00, 0x00, 0x00, 0x00, 0x00, 0x00, 
	0x00, 0x00, 0x00, 0x00, 0x00, 0x00, 0x09, 0xCD, 0x09, 0xCD, 0x09, 0xCD, 0x09, 0xCD, 0x09, 0xCD, 
	0x09, 0xCD, 0x09, 0xCD, 0x09, 0xCD, 0x09, 0xCD, 0x09, 0xCD, 0x09, 0xCD, 0x09, 0xCD, 0x09, 0xCD, 
	0x09, 0xCD, 0x09, 0xCD, 0x09, 0xCD, 0x09, 0xCD, 0x09, 0xCD, 0x09, 0xCD, 0x09, 0xCD, 0x09, 0xCD, 
	0x09, 0xCD, 0x09, 0xCD, 0x09, 0xCD, 0x09, 0xCD, 0x09, 0xCD, 0x09, 0xCD, 0x09, 0xCD, 0x09, 0xCD, 
	0x09, 0xCD, 0x09, 0xCD, 0x09, 0xCD, 0x09, 0xCD, 0x09, 0xCD, 0x09, 0xCD, 0x09, 0xCD, 0x09, 0xCD, 
	0x09, 0xCD, 0x09, 0xCD, 0x09, 0xCD, 0x09, 0xCD, 0x09, 0xCD, 0x09, 0xCD, 0x09, 0xCD, 0x09, 0xCD, 
	0x09, 0xCD, 0x09, 0xCD, 0x09, 0xCD, 0x09, 0xCD, 0x09, 0xCD, 0x09, 0xCD, 0x09, 0xCD, 0x09, 0xCD, 
	0x09, 0xCD, 0x09, 0xCD, 0x09, 0xCD, 0x09, 0xCD, 0x09, 0xCD, 0x09, 0xCD, 0x09, 0xCD, 0x09, 0xCD, 
	0x09, 0xCD, 0x09, 0xCD, 0x00, 0x00, 0x00, 0x00, 0x00, 0x00, 0x00, 0x00, 0x00, 0x00, 0x00, 0x00, 
	0x00, 0x00, 0x00, 0x00, 0x00, 0x00, 0x00, 0x00, 0x00, 0x00, 0x00, 0x00, 0x00, 0x00, 0x00, 0x00, 
	0x00, 0x00, 0x00, 0x00, 0x00, 0x00, 0x00, 0x00, 0x00, 0x00, 0x00, 0x00, 0x00, 0x00, 0x00, 0x00, 
	0x00, 0x00, 0x00, 0x00, 0x00, 0x00, 0x00, 0x00, 0x00, 0x00, 0x00, 0x00, 0x00, 0x00, 0x00, 0x00, 
	0x00, 0x00, 0x00, 0x00, 0x00, 0x00, 0x00, 0x00, 0x00, 0x00, 0x00, 0x00, 0x00, 0x00, 0x00, 0x00, 
	0x00, 0x00, 0x00, 0x00, 0x00, 0x00, 0x00, 0x00, 0x00, 0x00, 0x00, 0x00, 0x00, 0x00, 0x00, 0x00, 
	0x00, 0x00, 0x00, 0x00, 0x00, 0x00, 0x00, 0x00, 0x00, 0x00, 0x00, 0x00, 0x00, 0x00, 0x00, 0x00, 
	0x00, 0x00, 0x00, 0x00, 0x00, 0x00, 0x00, 0x00, 0x00, 0x00, 0x00, 0x00, 0x00, 0x00, 0x00, 0x00, 
	0x00, 0x42, 0x09, 0xCD, 0x09, 0xCD, 0x09, 0xCD, 0x09, 0xCD, 0x09, 0xCD, 0x09, 0xCD, 0x09, 0xCD, 
	0x09, 0xCD, 0x09, 0xCD, 0x09, 0xCD, 0x09, 0xCD, 0x09, 0x6B, 0x00, 0x00, 0x00, 0x00, 0x00, 0x00, 
	0x00, 0x00, 0x00, 0x00, 0x00, 0x00, 0x00, 0x00, 0x00, 0x00, 0x00, 0x00, 0x00, 0x00, 0x00, 0x00, 
	0x00, 0x00, 0x09, 0xCD, 0x09, 0xCD, 0x09, 0xCD, 0x09, 0xCD, 0x09, 0xCD, 0x00, 0x00, 0x00, 0x00, 
	0x00, 0x00, 0x00, 0x00, 0x00, 0x00, 0x00, 0x00, 0x00, 0x00, 0x00, 0x00, 0x00, 0x00, 0x00, 0x00, 
	0x09, 0xCD, 0x00, 0x00, 0x00, 0x00, 0x00, 0x00, 0x09, 0xCD, 0x09, 0xCD, 0x09, 0xCD, 0x09, 0xCD, 
	0x00, 0x00, 0x00, 0x00, 0x00, 0x00, 0x00, 0x00, 0x00, 0x00, 0x00, 0x00, 0x00, 0x00, 0x09, 0xCD, 
	0x09, 0xCD, 0x09, 0xCD, 0x09, 0xCD, 0x00, 0x63, 0x00, 0x00, 0x00, 0x63, 0x09, 0xCD, 0x09, 0xCD, 
	0x09, 0xCD, 0x09, 0xCD, 0x00, 0x00, 0x00, 0x00, 0x00, 0x00, 0x00, 0x00, 0x00, 0x00, 0x00, 0x00, 
	0x09, 0xCD, 0x09, 0xCD, 0x09, 0xCD, 0x09, 0xCD, 0x00, 0x00, 0x00, 0x00, 0x00, 0x00, 0x00, 0x00, 
	0x00, 0x00, 0x09, 0xCD, 0x09, 0xCD, 0x09, 0xCD, 0x09, 0xCD, 0x00, 0x00, 0x00, 0x00, 0x00, 0x00, 
	0x00, 0x00, 0x00, 0x00, 0x09, 0x6B, 0x09, 0xCD, 0x09, 0xCD, 0x09, 0xCD, 0x00, 0x63, 0x00, 0x63, 
	0x00, 0x63, 0x00, 0x63, 0x00, 0x63, 0x00, 0x63, 0x00, 0x63, 0x00, 0x63, 0x00, 0x63, 0x00, 0x63, 
	0x00, 0x63, 0x00, 0x00, 0x00, 0x00, 0x00, 0x00, 0x09, 0xCD, 0x09, 0xCD, 0x09, 0xCD, 0x09, 0xCD, 
	0x00, 0x00, 0x00, 0x00, 0x00, 0x00, 0x00, 0x00, 0x00, 0x00, 0x00, 0x00, 0x09, 0x4A, 0x09, 0xCD, 
	0x09, 0xCD, 0x09, 0xCD, 0x01, 0x29, 0x00, 0x63, 0x00, 0x63, 0x00, 0x63, 0x00, 0x63, 0x00, 0x63, 
	0x00, 0x63, 0x00, 0x63, 0x00, 0x63, 0x00, 0x63, 0x00, 0x63, 0x00, 0x21, 0x00, 0x00, 0x00, 0x00, 
	0x09, 0xCD, 0x09, 0xCD, 0x09, 0xCD, 0x09, 0xCD, 0x00, 0x00, 0x00, 0x00, 0x00, 0x00, 0x00, 0x00, 
	0x00, 0x00, 0x00, 0x00, 0x09, 0xCD, 0x09, 0xCD, 0x09, 0xCD, 0x09, 0xCD, 0x09, 0x4A, 0x00, 0x00, 
	0x09, 0xCD, 0x09, 0xCD, 0x09, 0xCD, 0x09, 0xCD, 0x09, 0xCD, 0x00, 0x00, 0x00, 0x00, 0x00, 0x00, 
	0x00, 0x00, 0x00, 0x00, 0x00, 0x00, 0x00, 0x00, 0x00, 0x00, 0x00, 0x00, 0x01, 0x29, 0x09, 0xCD, 
	0x09, 0xCD, 0x09, 0xCD, 0x00, 0x63, 0x00, 0x63, 0x00, 0x63, 0x00, 0x63, 0x00, 0x63, 0x00, 0x63, 
	0x00, 0x63, 0x00, 0x63, 0x00, 0x63, 0x00, 0x63, 0x00, 0x63, 0x00, 0x21, 0x00, 0x00, 0x00, 0x00, 
	0x00, 0x00, 0x00, 0x00, 0x00, 0x00, 0x00, 0x00, 0x00, 0x00, 0x00, 0x00, 0x00, 0x00, 0x00, 0x00, 
	0x00, 0x00, 0x00, 0x00, 0x09, 0xCD, 0x09, 0xCD, 0x09, 0xCD, 0x09, 0xCD, 0x09, 0xCD, 0x09, 0xCD, 
	0x09, 0xCD, 0x09, 0xCD, 0x09, 0xCD, 0x09, 0xCD, 0x09, 0xCD, 0x09, 0xCD, 0x09, 0xCD, 0x09, 0xCD, 
	0x09, 0xCD, 0x09, 0xCD, 0x09, 0xCD, 0x09, 0xCD, 0x09, 0xCD, 0x09, 0xCD, 0x09, 0xCD, 0x09, 0xCD, 
	0x09, 0xCD, 0x09, 0xCD, 0x09, 0xCD, 0x09, 0xCD, 0x09, 0xCD, 0x09, 0xCD, 0x09, 0xCD, 0x01, 0x29, 
	0x00, 0x00, 0x00, 0x00, 0x00, 0x00, 0x00, 0x00, 0x00, 0x00, 0x00, 0x00, 0x00, 0x00, 0x00, 0x00, 
	0x00, 0x00, 0x00, 0x00, 0x09, 0x4A, 0x09, 0xCD, 0x09, 0xCD, 0x09, 0xCD, 0x09, 0xCD, 0x09, 0xCD, 
	0x09, 0xCD, 0x09, 0xCD, 0x09, 0xCD, 0x09, 0xCD, 0x09, 0xCD, 0x09, 0xCD, 0x09, 0xCD, 0x09, 0xCD, 
	0x09, 0xCD, 0x09, 0xCD, 0x09, 0xCD, 0x09, 0xCD, 0x09, 0xCD, 0x09, 0xCD, 0x09, 0xCD, 0x09, 0xCD, 
	0x09, 0xCD, 0x00, 0x21, 0x00, 0x00, 0x00, 0x00, 0x00, 0x00, 0x00, 0x00, 0x00, 0x00, 0x00, 0x00, 
	0x00, 0x00, 0x00, 0x00, 0x00, 0x00, 0x00, 0x00, 0x00, 0x00, 0x00, 0x00, 0x00, 0x00, 0x00, 0x00, 
	0x00, 0x00, 0x00, 0x00, 0x00, 0x00, 0x00, 0x00, 0x00, 0x00, 0x00, 0x00, 0x00, 0x00, 0x00, 0x00, 
	0x00, 0x00, 0x00, 0x00, 0x00, 0x00, 0x00, 0x00, 0x00, 0x00, 0x00, 0x00, 0x00, 0x00, 0x00, 0x00, 
	0x00, 0x00, 0x00, 0x00, 0x00, 0x00, 0x00, 0x00, 0x00, 0x00, 0x00, 0x00, 0x00, 0x00, 0x00, 0x00, 
	0x00, 0x00, 0x00, 0x00, 0x00, 0x00, 0x00, 0x00, 0x00, 0x00, 0x00, 0x00, 0x00, 0x00, 0x00, 0x00, 
	0x00, 0x00, 0x00, 0x00, 0x00, 0x00, 0x00, 0x00, 0x00, 0x00, 0x00, 0x00, 0x00, 0x00, 0x00, 0x00, 
	0x00, 0x00, 0x00, 0x00, 0x00, 0x00, 0x00, 0x00, 0x00, 0x00, 0x00, 0x00, 0x00, 0x00, 0x00, 0x84, 
	0x09, 0xCD, 0x09, 0xCD, 0x09, 0xCD, 0x09, 0xCD, 0x09, 0xCD, 0x09, 0xCD, 0x09, 0xCD, 0x09, 0xCD, 
	0x09, 0xCD, 0x09, 0xCD, 0x09, 0xCD, 0x09, 0x6B, 0x00, 0x00, 0x00, 0x00, 0x00, 0x00, 0x00, 0x00, 
	0x00, 0x00, 0x00, 0x00, 0x00, 0x00, 0x00, 0x00, 0x00, 0x00, 0x00, 0x00, 0x00, 0x00, 0x00, 0x00, 
	0x00, 0x00, 0x09, 0x6B, 0x09, 0xCD, 0x09, 0xCD, 0x09, 0xCD, 0x09, 0xCD, 0x09, 0xCD, 0x00, 0xC6, 
	0x00, 0x00, 0x00, 0x00, 0x00, 0x00, 0x00, 0x00, 0x00, 0x00, 0x00, 0x00, 0x00, 0x00, 0x09, 0xCD, 
	0x09, 0xCD, 0x09, 0xCD, 0x00, 0x00, 0x00, 0x00, 0x09, 0xCD, 0x09, 0xCD, 0x09, 0xCD, 0x09, 0xCD, 
	0x09, 0xCD, 0x00, 0x00, 0x00, 0x00, 0x00, 0x00, 0x00, 0x00, 0x00, 0x00, 0x00, 0x00, 0x09, 0xCD, 
	0x09, 0xCD, 0x09, 0xCD, 0x09, 0xCD, 0x00, 0x00, 0x00, 0x00, 0x00, 0x63, 0x09, 0xCD, 0x09, 0xCD, 
	0x09, 0xCD, 0x09, 0xCD, 0x00, 0x00, 0x00, 0x00, 0x00, 0x00, 0x00, 0x00, 0x00, 0x00, 0x00, 0x00, 
	0x09, 0xCD, 0x09, 0xCD, 0x09, 0xCD, 0x09, 0xCD, 0x00, 0x00, 0x00, 0x00, 0x00, 0x00, 0x00, 0x00, 
	0x00, 0x00, 0x09, 0xCD, 0x09, 0xCD, 0x09, 0xCD, 0x09, 0xCD, 0x00, 0x00, 0x00, 0x00, 0x00, 0x00, 
	0x00, 0x00, 0x00, 0x00, 0x00, 0x00, 0x09, 0xCD, 0x09, 0xCD, 0x09, 0xCD, 0x09, 0xCD, 0x00, 0x00, 
	0x00, 0x00, 0x00, 0x00, 0x00, 0x00, 0x00, 0x00, 0x00, 0x00, 0x00, 0x00, 0x00, 0x00, 0x00, 0x00, 
	0x00, 0x00, 0x00, 0x00, 0x00, 0x00, 0x00, 0x00, 0x09, 0xCD, 0x09, 0xCD, 0x09, 0xCD, 0x09, 0xCD, 
	0x00, 0x00, 0x00, 0x00, 0x00, 0x00, 0x00, 0x00, 0x00, 0x00, 0x00, 0x00, 0x00, 0x00, 0x09, 0xCD, 
	0x09, 0xCD, 0x09, 0xCD, 0x09, 0xCD, 0x00, 0x00, 0x00, 0x00, 0x00, 0x00, 0x00, 0x00, 0x00, 0x00, 
	0x00, 0x00, 0x00, 0x00, 0x00, 0x00, 0x00, 0x00, 0x00, 0x00, 0x00, 0x00, 0x00, 0x00, 0x00, 0x00, 
	0x09, 0xCD, 0x09, 0xCD, 0x09, 0xCD, 0x09, 0xCD, 0x00, 0x00, 0x00, 0x00, 0x00, 0x00, 0x00, 0x00, 
	0x00, 0x00, 0x00, 0x00, 0x09, 0xCD, 0x09, 0xCD, 0x09, 0xCD, 0x09, 0xCD, 0x09, 0x4A, 0x00, 0x00, 
	0x00, 0x21, 0x09, 0xCD, 0x09, 0xCD, 0x09, 0xCD, 0x09, 0xCD, 0x00, 0x00, 0x00, 0x00, 0x00, 0x00, 
	0x00, 0x00, 0x00, 0x00, 0x00, 0x00, 0x00, 0x00, 0x00, 0x00, 0x00, 0x00, 0x00, 0x00, 0x09, 0xCD, 
	0x09, 0xCD, 0x09, 0xCD, 0x09, 0xCD, 0x00, 0x00, 0x00, 0x00, 0x00, 0x00, 0x00, 0x00, 0x00, 0x00, 
	0x00, 0x00, 0x00, 0x00, 0x00, 0x00, 0x00, 0x00, 0x00, 0x00, 0x00, 0x00, 0x00, 0x00, 0x00, 0x00, 
	0x00, 0x00, 0x00, 0x00, 0x00, 0x00, 0x00, 0x00, 0x00, 0x00, 0x00, 0x00, 0x00, 0x00, 0x00, 0x00, 
	0x00, 0x00, 0x09, 0xCD, 0x09, 0xCD, 0x09, 0xCD, 0x09, 0xCD, 0x09, 0xCD, 0x09, 0xCD, 0x09, 0xCD, 
	0x09, 0xCD, 0x09, 0xCD, 0x09, 0xCD, 0x09, 0xCD, 0x09, 0xCD, 0x09, 0xCD, 0x09, 0xCD, 0x09, 0xCD, 
	0x09, 0xCD, 0x09, 0xCD, 0x09, 0xCD, 0x09, 0xCD, 0x09, 0xCD, 0x09, 0xCD, 0x09, 0xCD, 0x09, 0xCD, 
	0x09, 0xCD, 0x09, 0xCD, 0x09, 0xCD, 0x09, 0xCD, 0x09, 0xAC, 0x00, 0x00, 0x00, 0x00, 0x00, 0x00, 
	0x00, 0x00, 0x00, 0x00, 0x00, 0x00, 0x00, 0x00, 0x00, 0x00, 0x00, 0x00, 0x00, 0x00, 0x00, 0x00, 
	0x00, 0x00, 0x00, 0x00, 0x00, 0x00, 0x00, 0x00, 0x00, 0x00, 0x01, 0x08, 0x09, 0xCD, 0x09, 0xCD, 
	0x09, 0xCD, 0x09, 0xCD, 0x09, 0xCD, 0x09, 0xCD, 0x09, 0xCD, 0x09, 0xCD, 0x09, 0xCD, 0x09, 0xCD, 
	0x09, 0xCD, 0x09, 0xCD, 0x09, 0xCD, 0x09, 0xCD, 0x09, 0xCD, 0x09, 0xCD, 0x09, 0xCD, 0x09, 0xCD, 
	0x09, 0xCD, 0x00, 0x00, 0x00, 0x00, 0x00, 0x00, 0x00, 0x00, 0x00, 0x00, 0x00, 0x00, 0x00, 0x00, 
	0x00, 0x00, 0x00, 0x00, 0x00, 0x00, 0x00, 0x00, 0x00, 0x00, 0x00, 0x00, 0x00, 0x00, 0x00, 0x00, 
	0x00, 0x00, 0x00, 0x00, 0x00, 0x00, 0x00, 0x00, 0x00, 0x00, 0x00, 0x00, 0x00, 0x00, 0x00, 0x00, 
	0x00, 0x00, 0x00, 0x00, 0x00, 0x00, 0x00, 0x00, 0x00, 0x00, 0x00, 0x00, 0x00, 0x00, 0x00, 0x00, 
	0x00, 0x00, 0x00, 0x00, 0x00, 0x00, 0x00, 0x00, 0x00, 0x00, 0x00, 0x00, 0x00, 0x00, 0x00, 0x00, 
	0x00, 0x00, 0x00, 0x00, 0x00, 0x00, 0x00, 0x00, 0x00, 0x00, 0x00, 0x00, 0x00, 0x00, 0x00, 0x00, 
	0x00, 0x00, 0x00, 0x00, 0x00, 0x00, 0x00, 0x00, 0x00, 0x00, 0x00, 0x00, 0x00, 0x00, 0x00, 0x00, 
	0x00, 0x00, 0x00, 0x00, 0x00, 0x00, 0x00, 0x00, 0x00, 0x00, 0x00, 0x00, 0x00, 0x00, 0x09, 0xCD, 
	0x09, 0xCD, 0x09, 0xCD, 0x09, 0xCD, 0x09, 0xCD, 0x09, 0xCD, 0x09, 0xCD, 0x09, 0xCD, 0x09, 0xCD, 
	0x09, 0xCD, 0x09, 0xCD, 0x01, 0x08, 0x00, 0x00, 0x00, 0x00, 0x00, 0x00, 0x00, 0x00, 0x00, 0x00, 
	0x00, 0x00, 0x00, 0x00, 0x00, 0x00, 0x00, 0x00, 0x00, 0x00, 0x00, 0x00, 0x00, 0x00, 0x00, 0x00, 
	0x00, 0x00, 0x00, 0x00, 0x09, 0xCD, 0x09, 0xCD, 0x09, 0xCD, 0x09, 0xCD, 0x09, 0xCD, 0x09, 0xCD, 
	0x09, 0xCD, 0x00, 0x00, 0x00, 0x00, 0x00, 0x00, 0x00, 0x00, 0x09, 0xAC, 0x09, 0xCD, 0x09, 0xCD, 
	0x09, 0xCD, 0x09, 0xCD, 0x09, 0xCD, 0x00, 0x00, 0x00, 0x63, 0x09, 0xCD, 0x09, 0xCD, 0x09, 0xCD, 
	0x09, 0xCD, 0x09, 0x8B, 0x00, 0x00, 0x00, 0x00, 0x00, 0x00, 0x00, 0x63, 0x09, 0xCD, 0x09, 0xCD, 
	0x09, 0xCD, 0x09, 0xCD, 0x09, 0xCD, 0x00, 0x00, 0x00, 0x00, 0x00, 0x63, 0x09, 0xCD, 0x09, 0xCD, 
	0x09, 0xCD, 0x09, 0xCD, 0x00, 0x00, 0x00, 0x00, 0x00, 0x00, 0x00, 0x00, 0x00, 0x00, 0x00, 0x00, 
	0x09, 0xCD, 0x09, 0xCD, 0x09, 0xCD, 0x09, 0xCD, 0x00, 0x00, 0x00, 0x00, 0x00, 0x00, 0x00, 0x00, 
	0x00, 0x00, 0x09, 0xCD, 0x09, 0xCD, 0x09, 0xCD, 0x09, 0xCD, 0x00, 0x00, 0x00, 0x00, 0x00, 0x00, 
	0x00, 0x00, 0x00, 0x00, 0x00, 0x00, 0x09, 0xCD, 0x09, 0xCD, 0x09, 0xCD, 0x09, 0xCD, 0x00, 0x00, 
	0x00, 0x00, 0x00, 0x00, 0x00, 0x00, 0x00, 0x00, 0x00, 0x00, 0x09, 0x4A, 0x00, 0x00, 0x00, 0x00, 
	0x00, 0x00, 0x00, 0x00, 0x00, 0x00, 0x00, 0x00, 0x09, 0xCD, 0x09, 0xCD, 0x09, 0xCD, 0x09, 0xCD, 
	0x00, 0x00, 0x00, 0x00, 0x00, 0x00, 0x00, 0x00, 0x00, 0x00, 0x00, 0x00, 0x00, 0x00, 0x09, 0xCD, 
	0x09, 0xCD, 0x09, 0xCD, 0x09, 0xCD, 0x01, 0x08, 0x00, 0x00, 0x00, 0x00, 0x00, 0x00, 0x00, 0x00, 
	0x00, 0x00, 0x00, 0x00, 0x09, 0x6B, 0x00, 0x00, 0x00, 0x00, 0x00, 0x00, 0x00, 0x00, 0x00, 0x00, 
	0x09, 0xCD, 0x09, 0xCD, 0x09, 0xCD, 0x09, 0xCD, 0x00, 0x00, 0x00, 0x00, 0x00, 0x00, 0x00, 0x00, 
	0x00, 0x00, 0x00, 0x00, 0x09, 0xCD, 0x09, 0xCD, 0x09, 0xCD, 0x09, 0xCD, 0x09, 0x4A, 0x00, 0x00, 
	0x00, 0x00, 0x09, 0xCD, 0x09, 0xCD, 0x09, 0xCD, 0x09, 0xCD, 0x09, 0xCD, 0x00, 0x63, 0x00, 0x00, 
	0x00, 0x00, 0x00, 0x00, 0x09, 0xCD, 0x09, 0xCD, 0x00, 0x00, 0x00, 0x00, 0x00, 0x00, 0x09, 0xCD, 
	0x09, 0xCD, 0x09, 0xCD, 0x09, 0xCD, 0x09, 0x6B, 0x00, 0x00, 0x00, 0x00, 0x00, 0x00, 0x00, 0x00, 
	0x00, 0x00, 0x01, 0x08, 0x09, 0x6B, 0x00, 0x00, 0x00, 0x00, 0x00, 0x00, 0x00, 0x00, 0x00, 0x00, 
	0x00, 0x00, 0x00, 0x00, 0x00, 0x00, 0x00, 0x00, 0x00, 0x00, 0x00, 0x00, 0x00, 0x00, 0x00, 0x00, 
	0x00, 0x00, 0x09, 0xCD, 0x09, 0xCD, 0x09, 0xCD, 0x09, 0xCD, 0x09, 0xCD, 0x09, 0xCD, 0x09, 0xCD, 
	0x09, 0xCD, 0x09, 0xCD, 0x09, 0xCD, 0x09, 0xCD, 0x09, 0xCD, 0x09, 0xCD, 0x09, 0xCD, 0x09, 0xCD, 
	0x09, 0xCD, 0x09, 0xCD, 0x09, 0xCD, 0x09, 0xCD, 0x09, 0xCD, 0x09, 0xCD, 0x09, 0xCD, 0x09, 0xCD, 
	0x09, 0xCD, 0x09, 0xCD, 0x01, 0x29, 0x00, 0x00, 0x00, 0x00, 0x00, 0x00, 0x00, 0x00, 0x00, 0x00, 
	0x00, 0x00, 0x00, 0x00, 0x00, 0x00, 0x00, 0x00, 0x00, 0x00, 0x00, 0x00, 0x00, 0x00, 0x00, 0x00, 
	0x00, 0x00, 0x00, 0x00, 0x00, 0x00, 0x00, 0x00, 0x00, 0x00, 0x00, 0x00, 0x00, 0x00, 0x01, 0x08, 
	0x09, 0xCD, 0x09, 0xCD, 0x09, 0xCD, 0x09, 0xCD, 0x09, 0xCD, 0x09, 0xCD, 0x09, 0xCD, 0x09, 0xCD, 
	0x09, 0xCD, 0x09, 0xCD, 0x09, 0xCD, 0x09, 0xCD, 0x09, 0xCD, 0x09, 0xCD, 0x09, 0xCD, 0x09, 0xCD, 
	0x00, 0x00, 0x00, 0x00, 0x00, 0x00, 0x00, 0x00, 0x00, 0x00, 0x00, 0x00, 0x00, 0x00, 0x00, 0x00, 
	0x00, 0x00, 0x00, 0x00, 0x00, 0x00, 0x00, 0x00, 0x00, 0x00, 0x00, 0x00, 0x00, 0x00, 0x00, 0x00, 
	0x00, 0x00, 0x00, 0x00, 0x00, 0x00, 0x00, 0x00, 0x00, 0x00, 0x00, 0x00, 0x00, 0x00, 0x00, 0x00, 
	0x00, 0x00, 0x00, 0x00, 0x00, 0x00, 0x00, 0x00, 0x00, 0x00, 0x00, 0x00, 0x00, 0x00, 0x00, 0x00, 
	0x00, 0x00, 0x00, 0x00, 0x00, 0x00, 0x00, 0x00, 0x00, 0x00, 0x00, 0x00, 0x00, 0x00, 0x00, 0x00, 
	0x00, 0x00, 0x00, 0x00, 0x00, 0x00, 0x00, 0x00, 0x00, 0x00, 0x00, 0x00, 0x00, 0x00, 0x00, 0x00, 
	0x00, 0x00, 0x00, 0x00, 0x00, 0x00, 0x00, 0x00, 0x00, 0x00, 0x00, 0x00, 0x00, 0x00, 0x00, 0x00, 
	0x00, 0x00, 0x00, 0x00, 0x00, 0x00, 0x00, 0x00, 0x00, 0x00, 0x00, 0x00, 0x00, 0x00, 0x09, 0xCD, 
	0x09, 0xCD, 0x09, 0xCD, 0x09, 0xCD, 0x09, 0xCD, 0x09, 0xCD, 0x09, 0xCD, 0x09, 0xCD, 0x09, 0xCD, 
	0x09, 0xCD, 0x09, 0x6B, 0x00, 0x00, 0x00, 0x00, 0x00, 0x00, 0x00, 0x00, 0x00, 0x00, 0x00, 0x00, 
	0x00, 0x00, 0x00, 0x00, 0x00, 0x00, 0x00, 0x00, 0x00, 0x00, 0x00, 0x00, 0x00, 0x00, 0x00, 0x00, 
	0x00, 0x00, 0x00, 0x00, 0x00, 0xA5, 0x09, 0xCD, 0x09, 0xCD, 0x09, 0xCD, 0x09, 0xCD, 0x09, 0xCD, 
	0x09, 0xCD, 0x09, 0xCD, 0x09, 0xCD, 0x09, 0xCD, 0x09, 0xCD, 0x09, 0xCD, 0x09, 0xCD, 0x09, 0xCD, 
	0x09, 0xCD, 0x09, 0xCD, 0x09, 0xCD, 0x00, 0x00, 0x00, 0x00, 0x09, 0xCD, 0x09, 0xCD, 0x09, 0xCD, 
	0x09, 0xCD, 0x09, 0xCD, 0x09, 0xCD, 0x09, 0xCD, 0x09, 0xCD, 0x09, 0xCD, 0x09, 0xCD, 0x09, 0xCD, 
	0x09, 0xCD, 0x09, 0xCD, 0x09, 0x4A, 0x00, 0x00, 0x00, 0x00, 0x00, 0x63, 0x09, 0xCD, 0x09, 0xCD, 
	0x09, 0xCD, 0x09, 0xCD, 0x00, 0x00, 0x00, 0x00, 0x00, 0x00, 0x00, 0x00, 0x00, 0x00, 0x00, 0x00, 
	0x09, 0xCD, 0x09, 0xCD, 0x09, 0xCD, 0x09, 0xCD, 0x00, 0x00, 0x00, 0x00, 0x00, 0x00, 0x00, 0x00, 
	0x00, 0x00, 0x09, 0xCD, 0x09, 0xCD, 0x09, 0xCD, 0x09, 0xCD, 0x00, 0x00, 0x00, 0x00, 0x00, 0x00, 
	0x00, 0x00, 0x00, 0x00, 0x00, 0x00, 0x09, 0xCD, 0x09, 0xCD, 0x09, 0xCD, 0x09, 0xCD, 0x09, 0xCD, 
	0x09, 0xAC, 0x00, 0x00, 0x00, 0x00, 0x00, 0x21, 0x09, 0xCD, 0x09, 0xCD, 0x09, 0xCD, 0x00, 0x00, 
	0x00, 0x00, 0x00, 0x00, 0x00, 0x00, 0x00, 0x00, 0x09, 0xCD, 0x09, 0xCD, 0x09, 0xCD, 0x09, 0xCD, 
	0x00, 0x00, 0x00, 0x00, 0x00, 0x00, 0x00, 0x00, 0x00, 0x00, 0x00, 0x00, 0x00, 0x00, 0x00, 0x42, 
	0x09, 0xCD, 0x09, 0xCD, 0x09, 0xCD, 0x09, 0xCD, 0x09, 0xAC, 0x00, 0x00, 0x00, 0x00, 0x00, 0x00, 
	0x09, 0xCD, 0x09, 0xCD, 0x09, 0xCD, 0x00, 0x00, 0x00, 0x00, 0x00, 0x00, 0x00, 0x00, 0x00, 0x00, 
	0x09, 0xCD, 0x09, 0xCD, 0x09, 0xCD, 0x09, 0xCD, 0x00, 0x00, 0x00, 0x00, 0x00, 0x00, 0x00, 0x00, 
	0x00, 0x00, 0x00, 0x00, 0x09, 0xCD, 0x09, 0xCD, 0x09, 0xCD, 0x09, 0xCD, 0x09, 0x4A, 0x00, 0x00, 
	0x00, 0x00, 0x09, 0xCD, 0x09, 0xCD, 0x09, 0xCD, 0x09, 0xCD, 0x09, 0xCD, 0x09, 0xCD, 0x09, 0xCD, 
	0x09, 0xCD, 0x09, 0xCD, 0x09, 0xCD, 0x09, 0xCD, 0x09, 0xCD, 0x00, 0x00, 0x00, 0x00, 0x09, 0xAC, 
	0x09, 0xCD, 0x09, 0xCD, 0x09, 0xCD, 0x09, 0xCD, 0x09, 0xCD, 0x00, 0x00, 0x00, 0x00, 0x00, 0x00, 
	0x09, 0xCD, 0x09, 0xCD, 0x09, 0xCD, 0x00, 0x00, 0x00, 0x00, 0x00, 0x00, 0x00, 0x00, 0x00, 0x00, 
	0x00, 0x00, 0x00, 0x00, 0x00, 0x00, 0x00, 0x00, 0x00, 0x00, 0x00, 0x00, 0x00, 0x00, 0x00, 0x00, 
	0x09, 0xCD, 0x09, 0xCD, 0x09, 0xCD, 0x09, 0xCD, 0x09, 0xCD, 0x09, 0xCD, 0x09, 0xCD, 0x09, 0xCD, 
	0x09, 0xCD, 0x09, 0xCD, 0x09, 0xCD, 0x09, 0xCD, 0x09, 0xCD, 0x09, 0xCD, 0x09, 0xCD, 0x09, 0xCD, 
	0x09, 0xCD, 0x09, 0xCD, 0x09, 0xCD, 0x09, 0xCD, 0x09, 0xCD, 0x09, 0xCD, 0x09, 0xCD, 0x09, 0xCD, 
	0x09, 0xCD, 0x00, 0x00, 0x00, 0x00, 0x00, 0x00, 0x00, 0x00, 0x00, 0x00, 0x00, 0x00, 0x00, 0x00, 
	0x00, 0x00, 0x00, 0x00, 0x00, 0x00, 0x00, 0x00, 0x00, 0x00, 0x00, 0x00, 0x00, 0x00, 0x00, 0x00, 
	0x00, 0x00, 0x00, 0x00, 0x00, 0x00, 0x00, 0x00, 0x00, 0x00, 0x00, 0x00, 0x00, 0x00, 0x00, 0x00, 
	0x00, 0x00, 0x09, 0xAC, 0x09, 0xCD, 0x09, 0xCD, 0x09, 0xCD, 0x09, 0xCD, 0x09, 0xCD, 0x09, 0xCD, 
	0x09, 0xCD, 0x09, 0xCD, 0x09, 0xCD, 0x09, 0xCD, 0x09, 0xCD, 0x09, 0xCD, 0x09, 0xCD, 0x00, 0x00, 
	0x00, 0x00, 0x00, 0x00, 0x00, 0x00, 0x00, 0x00, 0x00, 0x00, 0x00, 0x00, 0x00, 0x00, 0x00, 0x00, 
	0x00, 0x00, 0x00, 0x00, 0x00, 0x00, 0x00, 0x00, 0x00, 0x00, 0x00, 0x00, 0x00, 0x00, 0x00, 0x00, 
	0x00, 0x00, 0x00, 0x00, 0x00, 0x00, 0x00, 0x00, 0x00, 0x00, 0x00, 0x00, 0x00, 0x00, 0x00, 0x00, 
	0x00, 0x00, 0x00, 0x00, 0x00, 0x00, 0x00, 0x00, 0x00, 0x00, 0x00, 0x00, 0x00, 0x00, 0x00, 0x00, 
	0x00, 0x00, 0x00, 0x00, 0x00, 0x00, 0x00, 0x00, 0x00, 0x00, 0x00, 0x00, 0x00, 0x00, 0x00, 0x00, 
	0x00, 0x00, 0x00, 0x00, 0x00, 0x00, 0x00, 0x00, 0x00, 0x00, 0x00, 0x00, 0x00, 0x00, 0x00, 0x00, 
	0x00, 0x00, 0x00, 0x00, 0x00, 0x00, 0x00, 0x00, 0x00, 0x00, 0x00, 0x00, 0x00, 0x00, 0x00, 0x00, 
	0x00, 0x00, 0x00, 0x00, 0x00, 0x00, 0x00, 0x00, 0x00, 0x00, 0x00, 0x00, 0x00, 0x00, 0x09, 0xCD, 
	0x09, 0xCD, 0x09, 0xCD, 0x09, 0xCD, 0x09, 0xCD, 0x09, 0xCD, 0x09, 0xCD, 0x09, 0xCD, 0x09, 0xCD, 
	0x09, 0x8B, 0x00, 0x00, 0x00, 0x00, 0x00, 0x00, 0x00, 0x00, 0x00, 0x00, 0x00, 0x00, 0x00, 0x00, 
	0x00, 0x00, 0x00, 0x00, 0x00, 0x00, 0x00, 0x00, 0x00, 0x00, 0x00, 0x00, 0x00, 0x00, 0x00, 0x00, 
	0x00, 0x00, 0x00, 0x00, 0x00, 0x00, 0x09, 0xCD, 0x09, 0xCD, 0x09, 0xCD, 0x09, 0xCD, 0x09, 0xCD, 
	0x09, 0xCD, 0x09, 0xCD, 0x09, 0xCD, 0x09, 0xCD, 0x09, 0xCD, 0x09, 0xCD, 0x09, 0xCD, 0x09, 0xCD, 
	0x09, 0xCD, 0x09, 0xCD, 0x01, 0x08, 0x00, 0x00, 0x00, 0x00, 0x01, 0x29, 0x09, 0xCD, 0x09, 0xCD, 
	0x09, 0xCD, 0x09, 0xCD, 0x09, 0xCD, 0x09, 0xCD, 0x09, 0xCD, 0x09, 0xCD, 0x09, 0xCD, 0x09, 0xCD, 
	0x09, 0xCD, 0x09, 0xCD, 0x00, 0x00, 0x00, 0x00, 0x00, 0x00, 0x00, 0x63, 0x09, 0xCD, 0x09, 0xCD, 
	0x09, 0xCD, 0x09, 0xCD, 0x00, 0x00, 0x00, 0x00, 0x00, 0x00, 0x00, 0x00, 0x00, 0x00, 0x00, 0x00, 
	0x09, 0xCD, 0x09, 0xCD, 0x09, 0xCD, 0x09, 0xCD, 0x00, 0x00, 0x00, 0x00, 0x00, 0x00, 0x00, 0x00, 
	0x00, 0x00, 0x09, 0xCD, 0x09, 0xCD, 0x09, 0xCD, 0x09, 0xCD, 0x00, 0x00, 0x00, 0x00, 0x00, 0x00, 
	0x00, 0x00, 0x00, 0x00, 0x00, 0x00, 0x00, 0x00, 0x09, 0xCD, 0x09, 0xCD, 0x09, 0xCD, 0x09, 0xCD, 
	0x09, 0xCD, 0x09, 0xCD, 0x09, 0xCD, 0x09, 0xCD, 0x09, 0xCD, 0x09, 0xCD, 0x09, 0xCD, 0x09, 0xCD, 
	0x00, 0x00, 0x00, 0x00, 0x00, 0x00, 0x00, 0x00, 0x09, 0xCD, 0x09, 0xCD, 0x09, 0xCD, 0x09, 0xCD, 
	0x00, 0x00, 0x00, 0x00, 0x00, 0x00, 0x00, 0x00, 0x00, 0x00, 0x00, 0x00, 0x00, 0x00, 0x00, 0x00, 
	0x09, 0xCD, 0x09, 0xCD, 0x09, 0xCD, 0x09, 0xCD, 0x09, 0xCD, 0x09, 0xCD, 0x09, 0xCD, 0x09, 0xCD, 
	0x09, 0xCD, 0x09, 0xCD, 0x09, 0xCD, 0x09, 0xCD, 0x00, 0x00, 0x00, 0x00, 0x00, 0x00, 0x00, 0x00, 
	0x09, 0xCD, 0x09, 0xCD, 0x09, 0xCD, 0x09, 0xCD, 0x00, 0x00, 0x00, 0x00, 0x00, 0x00, 0x00, 0x00, 
	0x00, 0x00, 0x00, 0x00, 0x09, 0xCD, 0x09, 0xCD, 0x09, 0xCD, 0x09, 0xCD, 0x09, 0x4A, 0x00, 0x00, 
	0x00, 0x00, 0x00, 0x00, 0x09, 0xCD, 0x09, 0xCD, 0x09, 0xCD, 0x09, 0xCD, 0x09, 0xCD, 0x09, 0xCD, 
	0x09, 0xCD, 0x09, 0xCD, 0x09, 0xCD, 0x09, 0xCD, 0x09, 0xCD, 0x09, 0xCD, 0x00, 0x00, 0x00, 0x00, 
	0x09, 0xCD, 0x09, 0xCD, 0x09, 0xCD, 0x09, 0xCD, 0x09, 0xCD, 0x09, 0xCD, 0x09, 0xCD, 0x09, 0xCD, 
	0x09, 0xCD, 0x09, 0xCD, 0x09, 0xCD, 0x09, 0xCD, 0x00, 0x00, 0x00, 0x00, 0x00, 0x00, 0x00, 0x00, 
	0x00, 0x00, 0x00, 0x00, 0x00, 0x00, 0x00, 0x00, 0x00, 0x00, 0x00, 0x00, 0x00, 0x00, 0x00, 0x00, 
	0x09, 0xCD, 0x09, 0xCD, 0x09, 0xCD, 0x09, 0xCD, 0x09, 0xCD, 0x09, 0xCD, 0x09, 0xCD, 0x09, 0xCD, 
	0x09, 0xCD, 0x09, 0xCD, 0x09, 0xCD, 0x09, 0xCD, 0x09, 0xCD, 0x09, 0xCD, 0x09, 0xCD, 0x09, 0xCD, 
	0x09, 0xCD, 0x09, 0xCD, 0x09, 0xCD, 0x09, 0xCD, 0x09, 0xCD, 0x09, 0xCD, 0x09, 0xCD, 0x00, 0xC6, 
	0x00, 0x00, 0x00, 0x00, 0x00, 0x00, 0x00, 0x00, 0x00, 0x00, 0x00, 0x00, 0x00, 0x00, 0x00, 0x00, 
	0x00, 0x00, 0x00, 0x00, 0x00, 0x00, 0x00, 0x00, 0x00, 0x00, 0x00, 0x00, 0x00, 0x00, 0x00, 0x00, 
	0x00, 0x00, 0x00, 0x00, 0x00, 0x00, 0x00, 0x00, 0x00, 0x00, 0x00, 0x00, 0x00, 0x00, 0x00, 0x00, 
	0x00, 0x00, 0x00, 0x00, 0x00, 0x42, 0x09, 0xCD, 0x09, 0xCD, 0x09, 0xCD, 0x09, 0xCD, 0x09, 0xCD, 
	0x09, 0xCD, 0x09, 0xCD, 0x09, 0xCD, 0x09, 0xCD, 0x09, 0xCD, 0x09, 0xCD, 0x01, 0x08, 0x00, 0x00, 
	0x00, 0x00, 0x00, 0x00, 0x00, 0x00, 0x00, 0x00, 0x00, 0x00, 0x00, 0x00, 0x00, 0x00, 0x00, 0x00, 
	0x00, 0x00, 0x00, 0x00, 0x00, 0x00, 0x00, 0x00, 0x00, 0x00, 0x00, 0x00, 0x00, 0x00, 0x00, 0x00, 
	0x00, 0x00, 0x00, 0x00, 0x00, 0x00, 0x00, 0x00, 0x00, 0x00, 0x00, 0x00, 0x00, 0x00, 0x00, 0x00, 
	0x00, 0x00, 0x00, 0x00, 0x00, 0x00, 0x00, 0x00, 0x00, 0x00, 0x00, 0x00, 0x00, 0x00, 0x00, 0x00, 
	0x00, 0x00, 0x00, 0x00, 0x00, 0x00, 0x00, 0x00, 0x00, 0x00, 0x00, 0x00, 0x00, 0x00, 0x00, 0x00, 
	0x00, 0x00, 0x00, 0x00, 0x00, 0x00, 0x00, 0x00, 0x00, 0x00, 0x00, 0x00, 0x00, 0x00, 0x00, 0x00, 
	0x00, 0x00, 0x00, 0x00, 0x00, 0x00, 0x00, 0x00, 0x00, 0x00, 0x00, 0x00, 0x00, 0x00, 0x00, 0x00, 
	0x00, 0x00, 0x00, 0x00, 0x00, 0x00, 0x00, 0x00, 0x00, 0x00, 0x00, 0x00, 0x00, 0x00, 0x09, 0xCD, 
	0x09, 0xCD, 0x09, 0xCD, 0x09, 0xCD, 0x09, 0xCD, 0x09, 0xCD, 0x09, 0xCD, 0x09, 0xCD, 0x00, 0x00, 
	0x00, 0x00, 0x00, 0x00, 0x00, 0x00, 0x00, 0x00, 0x00, 0x00, 0x00, 0x00, 0x00, 0x00, 0x00, 0x00, 
	0x00, 0x00, 0x00, 0x00, 0x00, 0x00, 0x00, 0x00, 0x00, 0x00, 0x00, 0x00, 0x00, 0x00, 0x00, 0x00, 
	0x00, 0x00, 0x00, 0x00, 0x00, 0x00, 0x00, 0x00, 0x01, 0x29, 0x09, 0xCD, 0x09, 0xCD, 0x09, 0xCD, 
	0x09, 0xCD, 0x09, 0xCD, 0x09, 0xCD, 0x09, 0xCD, 0x09, 0xCD, 0x09, 0xCD, 0x09, 0xCD, 0x09, 0xCD, 
	0x09, 0xCD, 0x09, 0x4A, 0x00, 0x00, 0x00, 0x00, 0x00, 0x00, 0x00, 0x00, 0x09, 0xCD, 0x09, 0xCD, 
	0x09, 0xCD, 0x09, 0xCD, 0x09, 0xCD, 0x09, 0xCD, 0x09, 0xCD, 0x09, 0xCD, 0x09, 0xCD, 0x09, 0xCD, 
	0x09, 0xCD, 0x00, 0x00, 0x00, 0x00, 0x00, 0x00, 0x00, 0x00, 0x00, 0x63, 0x09, 0xCD, 0x09, 0xCD, 
	0x09, 0xCD, 0x09, 0xCD, 0x00, 0x00, 0x00, 0x00, 0x00, 0x00, 0x00, 0x00, 0x00, 0x00, 0x00, 0x00, 
	0x09, 0xCD, 0x09, 0xCD, 0x09, 0xCD, 0x09, 0xCD, 0x00, 0x00, 0x00, 0x00, 0x00, 0x00, 0x00, 0x00, 
	0x00, 0x00, 0x09, 0xCD, 0x09, 0xCD, 0x09, 0xCD, 0x09, 0xCD, 0x00, 0x00, 0x00, 0x00, 0x00, 0x00, 
	0x00, 0x00, 0x00, 0x00, 0x00, 0x00, 0x00, 0x00, 0x00, 0x84, 0x09, 0xCD, 0x09, 0xCD, 0x09, 0xCD, 
	0x09, 0xCD, 0x09, 0xCD, 0x09, 0xCD, 0x09, 0xCD, 0x09, 0xCD, 0x09, 0xCD, 0x09, 0xCD, 0x09, 0xCD, 
	0x00, 0x00, 0x00, 0x00, 0x00, 0x00, 0x00, 0x00, 0x09, 0xCD, 0x09, 0xCD, 0x09, 0xCD, 0x09, 0xCD, 
	0x00, 0x00, 0x00, 0x00, 0x00, 0x00, 0x00, 0x00, 0x00, 0x00, 0x00, 0x00, 0x00, 0x00, 0x00, 0x00, 
	0x00, 0x00, 0x09, 0xCD, 0x09, 0xCD, 0x09, 0xCD, 0x09, 0xCD, 0x09, 0xCD, 0x09, 0xCD, 0x09, 0xCD, 
	0x09, 0xCD, 0x09, 0xCD, 0x09, 0xCD, 0x09, 0xCD, 0x00, 0x21, 0x00, 0x00, 0x00, 0x00, 0x00, 0x00, 
	0x09, 0xCD, 0x09, 0xCD, 0x09, 0xCD, 0x09, 0xCD, 0x00, 0x00, 0x00, 0x00, 0x00, 0x00, 0x00, 0x00, 
	0x00, 0x00, 0x00, 0x00, 0x09, 0xCD, 0x09, 0xCD, 0x09, 0xCD, 0x09, 0xCD, 0x09, 0x4A, 0x00, 0x00, 
	0x00, 0x00, 0x00, 0x00, 0x01, 0x08, 0x09, 0xCD, 0x09, 0xCD, 0x09, 0xCD, 0x09, 0xCD, 0x09, 0xCD, 
	0x09, 0xCD, 0x09, 0xCD, 0x09, 0xCD, 0x09, 0xCD, 0x09, 0xCD, 0x09, 0xAC, 0x00, 0x00, 0x00, 0x00, 
	0x00, 0x00, 0x09, 0xCD, 0x09, 0xCD, 0x09, 0xCD, 0x09, 0xCD, 0x09, 0xCD, 0x09, 0xCD, 0x09, 0xCD, 
	0x09, 0xCD, 0x09, 0xCD, 0x09, 0xCD, 0x09, 0xCD, 0x00, 0x00, 0x00, 0x00, 0x00, 0x00, 0x00, 0x00, 
	0x00, 0x00, 0x00, 0x00, 0x00, 0x00, 0x00, 0x00, 0x00, 0x00, 0x00, 0x00, 0x00, 0x00, 0x09, 0xCD, 
	0x09, 0xCD, 0x09, 0xCD, 0x09, 0xCD, 0x09, 0xCD, 0x09, 0xCD, 0x09, 0xCD, 0x09, 0xCD, 0x09, 0xCD, 
	0x09, 0xCD, 0x09, 0xCD, 0x09, 0xCD, 0x09, 0xCD, 0x09, 0xCD, 0x09, 0xCD, 0x09, 0xCD, 0x09, 0xCD, 
	0x09, 0xCD, 0x09, 0xCD, 0x09, 0xCD, 0x09, 0xCD, 0x09, 0xCD, 0x09, 0xCD, 0x00, 0x21, 0x00, 0x00, 
	0x00, 0x00, 0x00, 0x00, 0x00, 0x00, 0x00, 0x00, 0x00, 0x00, 0x00, 0x00, 0x00, 0x00, 0x00, 0x00, 
	0x00, 0x00, 0x00, 0x00, 0x00, 0x00, 0x00, 0x00, 0x00, 0x00, 0x00, 0x00, 0x00, 0x00, 0x00, 0x00, 
	0x00, 0x00, 0x00, 0x00, 0x00, 0x00, 0x00, 0x00, 0x00, 0x00, 0x00, 0x00, 0x00, 0x00, 0x00, 0x00, 
	0x00, 0x00, 0x00, 0x00, 0x00, 0x00, 0x00, 0x00, 0x09, 0xCD, 0x09, 0xCD, 0x09, 0xCD, 0x09, 0xCD, 
	0x09, 0xCD, 0x09, 0xCD, 0x09, 0xCD, 0x09, 0xCD, 0x09, 0xCD, 0x09, 0xCD, 0x00, 0x00, 0x00, 0x00, 
	0x00, 0x00, 0x00, 0x00, 0x00, 0x00, 0x00, 0x00, 0x00, 0x00, 0x00, 0x00, 0x00, 0x00, 0x00, 0x00, 
	0x00, 0x00, 0x00, 0x00, 0x00, 0x00, 0x00, 0x00, 0x00, 0x00, 0x00, 0x00, 0x00, 0x00, 0x00, 0x00, 
	0x00, 0x00, 0x00, 0x00, 0x00, 0x00, 0x00, 0x00, 0x00, 0x00, 0x00, 0x00, 0x00, 0x00, 0x00, 0x00, 
	0x00, 0x00, 0x00, 0x00, 0x00, 0x00, 0x00, 0x00, 0x00, 0x00, 0x00, 0x00, 0x00, 0x00, 0x00, 0x00, 
	0x00, 0x00, 0x00, 0x00, 0x00, 0x00, 0x00, 0x00, 0x00, 0x00, 0x00, 0x00, 0x00, 0x00, 0x00, 0x00, 
	0x00, 0x00, 0x00, 0x00, 0x00, 0x00, 0x00, 0x00, 0x00, 0x00, 0x00, 0x00, 0x00, 0x00, 0x00, 0x00, 
	0x00, 0x00, 0x00, 0x00, 0x00, 0x00, 0x00, 0x00, 0x00, 0x00, 0x00, 0x00, 0x00, 0x00, 0x00, 0x00, 
	0x00, 0x00, 0x00, 0x00, 0x00, 0x00, 0x00, 0x00, 0x00, 0x00, 0x00, 0x00, 0x00, 0x00, 0x00, 0x84, 
	0x09, 0xCD, 0x09, 0xCD, 0x09, 0xCD, 0x09, 0xCD, 0x09, 0xCD, 0x09, 0xCD, 0x00, 0x00, 0x00, 0x00, 
	0x00, 0x00, 0x00, 0x00, 0x00, 0x00, 0x00, 0x00, 0x00, 0x00, 0x00, 0x00, 0x00, 0x00, 0x00, 0x00, 
	0x00, 0x00, 0x00, 0x00, 0x00, 0x00, 0x00, 0x00, 0x00, 0x00, 0x00, 0x00, 0x00, 0x00, 0x00, 0x00, 
	0x00, 0x00, 0x00, 0x00, 0x00, 0x00, 0x00, 0x00, 0x00, 0x00, 0x00, 0x21, 0x09, 0xCD, 0x09, 0xCD, 
	0x09, 0xCD, 0x09, 0xCD, 0x09, 0xCD, 0x09, 0xCD, 0x09, 0xCD, 0x09, 0xCD, 0x09, 0xCD, 0x09, 0xCD, 
	0x00, 0x00, 0x00, 0x00, 0x00, 0x00, 0x00, 0x00, 0x00, 0x00, 0x00, 0x00, 0x00, 0x00, 0x09, 0x6B, 
	0x09, 0xCD, 0x09, 0xCD, 0x09, 0xCD, 0x09, 0xCD, 0x09, 0xCD, 0x09, 0xCD, 0x09, 0xCD, 0x09, 0xCD, 
	0x00, 0x00, 0x00, 0x00, 0x00, 0x00, 0x00, 0x00, 0x00, 0x00, 0x00, 0x63, 0x09, 0xCD, 0x09, 0xCD, 
	0x09, 0xCD, 0x09, 0xCD, 0x00, 0x00, 0x00, 0x00, 0x00, 0x00, 0x00, 0x00, 0x00, 0x00, 0x00, 0x00, 
	0x09, 0xCD, 0x09, 0xCD, 0x09, 0xCD, 0x09, 0xCD, 0x00, 0x00, 0x00, 0x00, 0x00, 0x00, 0x00, 0x00, 
	0x00, 0x00, 0x09, 0xCD, 0x09, 0xCD, 0x09, 0xCD, 0x09, 0xCD, 0x00, 0x00, 0x00, 0x00, 0x00, 0x00, 
	0x00, 0x00, 0x00, 0x00, 0x00, 0x00, 0x00, 0x00, 0x00, 0x00, 0x00, 0x00, 0x09, 0xCD, 0x09, 0xCD, 
	0x09, 0xCD, 0x09, 0xCD, 0x09, 0xCD, 0x09, 0xCD, 0x09, 0xCD, 0x09, 0xCD, 0x09, 0xCD, 0x00, 0x00, 
	0x00, 0x00, 0x00, 0x00, 0x00, 0x00, 0x00, 0x00, 0x09, 0xCD, 0x09, 0xCD, 0x09, 0xCD, 0x09, 0xCD, 
	0x00, 0x00, 0x00, 0x00, 0x00, 0x00, 0x00, 0x00, 0x00, 0x00, 0x00, 0x00, 0x00, 0x00, 0x00, 0x00, 
	0x00, 0x00, 0x00, 0x00, 0x09, 0xCD, 0x09, 0xCD, 0x09, 0xCD, 0x09, 0xCD, 0x09, 0xCD, 0x09, 0xCD, 
	0x09, 0xCD, 0x09, 0xCD, 0x09, 0xCD, 0x00, 0x00, 0x00, 0x00, 0x00, 0x00, 0x00, 0x00, 0x00, 0x00, 
	0x09, 0xCD, 0x09, 0xCD, 0x09, 0xCD, 0x09, 0xCD, 0x00, 0x00, 0x00, 0x00, 0x00, 0x00, 0x00, 0x00, 
	0x00, 0x00, 0x00, 0x00, 0x09, 0xCD, 0x09, 0xCD, 0x09, 0xCD, 0x09, 0xCD, 0x09, 0x4A, 0x00, 0x00, 
	0x00, 0x00, 0x00, 0x00, 0x00, 0x00, 0x00, 0x00, 0x09, 0xCD, 0x09, 0xCD, 0x09, 0xCD, 0x09, 0xCD, 
	0x09, 0xCD, 0x09, 0xCD, 0x09, 0xCD, 0x09, 0xCD, 0x00, 0xC6, 0x00, 0x00, 0x00, 0x00, 0x00, 0x00, 
	0x00, 0x00, 0x00, 0x00, 0x09, 0xCD, 0x09, 0xCD, 0x09, 0xCD, 0x09, 0xCD, 0x09, 0xCD, 0x09, 0xCD, 
	0x09, 0xCD, 0x09, 0xCD, 0x09, 0xCD, 0x00, 0x00, 0x00, 0x00, 0x00, 0x00, 0x00, 0x00, 0x00, 0x00, 
	0x00, 0x00, 0x00, 0x00, 0x00, 0x00, 0x00, 0x00, 0x00, 0x00, 0x00, 0x00, 0x09, 0xAC, 0x09, 0xCD, 
	0x09, 0xCD, 0x09, 0xCD, 0x09, 0xCD, 0x09, 0xCD, 0x09, 0xCD, 0x09, 0xCD, 0x09, 0xCD, 0x09, 0xCD, 
	0x09, 0xCD, 0x09, 0xCD, 0x09, 0xCD, 0x09, 0xCD, 0x09, 0xCD, 0x09, 0xCD, 0x09, 0xCD, 0x09, 0xCD, 
	0x09, 0xCD, 0x09, 0xCD, 0x09, 0xCD, 0x09, 0xCD, 0x09, 0xCD, 0x00, 0x00, 0x00, 0x00, 0x00, 0x00, 
	0x00, 0x00, 0x00, 0x00, 0x00, 0x00, 0x00, 0x00, 0x00, 0x00, 0x00, 0x00, 0x00, 0x00, 0x00, 0x00, 
	0x00, 0x00, 0x00, 0x00, 0x00, 0x00, 0x00, 0x00, 0x00, 0x00, 0x00, 0x00, 0x00, 0x00, 0x00, 0x00, 
	0x00, 0x00, 0x00, 0x00, 0x00, 0x00, 0x00, 0x00, 0x00, 0x00, 0x00, 0x00, 0x00, 0x00, 0x00, 0x00, 
	0x00, 0x00, 0x00, 0x00, 0x00, 0x00, 0x00, 0x00, 0x00, 0x00, 0x00, 0xE6, 0x09, 0xCD, 0x09, 0xCD, 
	0x09, 0xCD, 0x09, 0xCD, 0x09, 0xCD, 0x09, 0xCD, 0x09, 0xAC, 0x00, 0x00, 0x00, 0x00, 0x00, 0x00, 
	0x00, 0x00, 0x00, 0x00, 0x00, 0x00, 0x00, 0x00, 0x00, 0x00, 0x00, 0x00, 0x00, 0x00, 0x00, 0x00, 
	0x00, 0x00, 0x00, 0x00, 0x00, 0x00, 0x00, 0x00, 0x00, 0x00, 0x00, 0x00, 0x00, 0x00, 0x00, 0x00, 
	0x00, 0x00, 0x00, 0x00, 0x00, 0x00, 0x00, 0x00, 0x00, 0x00, 0x00, 0x00, 0x00, 0x00, 0x00, 0x00, 
	0x00, 0x00, 0x00, 0x00, 0x00, 0x00, 0x00, 0x00, 0x00, 0x00, 0x00, 0x00, 0x00, 0x00, 0x00, 0x00, 
	0x00, 0x00, 0x00, 0x00, 0x00, 0x00, 0x00, 0x00, 0x00, 0x00, 0x00, 0x00, 0x00, 0x00, 0x00, 0x00, 
	0x00, 0x00, 0x00, 0x00, 0x00, 0x00, 0x00, 0x00, 0x00, 0x00, 0x00, 0x00, 0x00, 0x00, 0x00, 0x00, 
	0x00, 0x00, 0x00, 0x00, 0x00, 0x00, 0x00, 0x00, 0x00, 0x00, 0x00, 0x00, 0x00, 0x00, 0x00, 0x00, 
	0x00, 0x00, 0x00, 0x00, 0x00, 0x00, 0x00, 0x00, 0x00, 0x00, 0x00, 0x00, 0x00, 0x00, 0x00, 0x00, 
	0x00, 0x63, 0x09, 0xCD, 0x09, 0xCD, 0x09, 0xCD, 0x00, 0x00, 0x00, 0x00, 0x00, 0x00, 0x00, 0x00, 
	0x00, 0x00, 0x00, 0x00, 0x00, 0x00, 0x00, 0x00, 0x00, 0x00, 0x00, 0x00, 0x00, 0x00, 0x00, 0x00, 
	0x00, 0x00, 0x00, 0x00, 0x00, 0x00, 0x00, 0x00, 0x00, 0x00, 0x00, 0x00, 0x00, 0x00, 0x00, 0x00, 
	0x00, 0x00, 0x00, 0x00, 0x00, 0x00, 0x00, 0x00, 0x00, 0x00, 0x00, 0x00, 0x00, 0x00, 0x00, 0x00, 
	0x00, 0x42, 0x09, 0x6B, 0x09, 0xCD, 0x09, 0xCD, 0x09, 0x6B, 0x00, 0x21, 0x00, 0x00, 0x00, 0x00, 
	0x00, 0x00, 0x00, 0x00, 0x00, 0x00, 0x00, 0x00, 0x00, 0x00, 0x00, 0x00, 0x00, 0x00, 0x00, 0x00, 
	0x00, 0x00, 0x00, 0x21, 0x09, 0x8B, 0x09, 0xCD, 0x09, 0xCD, 0x00, 0xA5, 0x00, 0x00, 0x00, 0x00, 
	0x00, 0x00, 0x00, 0x00, 0x00, 0x00, 0x00, 0x00, 0x00, 0x00, 0x00, 0x00, 0x00, 0x00, 0x00, 0x00, 
	0x00, 0x00, 0x00, 0x00, 0x00, 0x00, 0x00, 0x00, 0x00, 0x00, 0x00, 0x00, 0x00, 0x00, 0x00, 0x00, 
	0x00, 0x00, 0x00, 0x00, 0x00, 0x00, 0x00, 0x00, 0x00, 0x00, 0x00, 0x00, 0x00, 0x00, 0x00, 0x00, 
	0x00, 0x00, 0x00, 0x00, 0x00, 0x00, 0x00, 0x00, 0x00, 0x00, 0x00, 0x00, 0x00, 0x00, 0x00, 0x00, 
	0x00, 0x00, 0x00, 0x00, 0x00, 0x00, 0x00, 0x00, 0x00, 0x00, 0x00, 0x00, 0x00, 0x00, 0x00, 0x00, 
	0x00, 0xA5, 0x09, 0xCD, 0x09, 0xCD, 0x09, 0x6B, 0x00, 0x84, 0x00, 0x00, 0x00, 0x00, 0x00, 0x00, 
	0x00, 0x00, 0x00, 0x00, 0x00, 0x00, 0x00, 0x00, 0x00, 0x00, 0x00, 0x00, 0x00, 0x00, 0x00, 0x00, 
	0x00, 0x00, 0x00, 0x00, 0x00, 0x00, 0x00, 0x00, 0x00, 0x00, 0x00, 0x00, 0x00, 0x00, 0x00, 0x00, 
	0x00, 0x00, 0x00, 0x00, 0x00, 0x00, 0x00, 0x00, 0x00, 0xA5, 0x09, 0xCD, 0x09, 0xCD, 0x09, 0xCD, 
	0x00, 0x84, 0x00, 0x00, 0x00, 0x00, 0x00, 0x00, 0x00, 0x00, 0x00, 0x00, 0x00, 0x00, 0x00, 0x00, 
	0x00, 0x00, 0x00, 0x00, 0x00, 0x00, 0x00, 0x00, 0x00, 0x00, 0x00, 0x00, 0x00, 0x00, 0x00, 0x00, 
	0x00, 0x00, 0x00, 0x00, 0x00, 0x00, 0x00, 0x00, 0x00, 0x00, 0x00, 0x00, 0x00, 0x00, 0x00, 0x00, 
	0x00, 0x00, 0x00, 0x00, 0x00, 0x00, 0x00, 0x00, 0x00, 0x00, 0x00, 0x00, 0x00, 0xE6, 0x09, 0xCD, 
	0x09, 0xCD, 0x09, 0x4A, 0x00, 0x00, 0x00, 0x00, 0x00, 0x00, 0x00, 0x00, 0x00, 0x00, 0x00, 0x00, 
	0x00, 0x00, 0x00, 0x00, 0x00, 0x00, 0x00, 0x00, 0x00, 0x84, 0x09, 0xCD, 0x09, 0xCD, 0x09, 0xCD, 
	0x00, 0xA5, 0x00, 0x00, 0x00, 0x00, 0x00, 0x00, 0x00, 0x00, 0x00, 0x00, 0x00, 0x00, 0x00, 0x00, 
	0x00, 0x00, 0x00, 0x00, 0x00, 0x00, 0x00, 0x00, 0x00, 0x00, 0x00, 0x00, 0x09, 0xCD, 0x09, 0xCD, 
	0x09, 0xCD, 0x09, 0xCD, 0x09, 0xCD, 0x09, 0xCD, 0x09, 0xCD, 0x09, 0xCD, 0x09, 0xCD, 0x09, 0xCD, 
	0x09, 0xCD, 0x09, 0xCD, 0x09, 0xCD, 0x09, 0xCD, 0x09, 0xCD, 0x09, 0xCD, 0x09, 0xCD, 0x09, 0xCD, 
	0x09, 0xCD, 0x09, 0xCD, 0x09, 0xCD, 0x09, 0xCD, 0x00, 0x00, 0x00, 0x00, 0x00, 0x00, 0x00, 0x00, 
	0x00, 0x00, 0x00, 0x00, 0x00, 0x00, 0x00, 0x00, 0x00, 0x00, 0x00, 0x00, 0x00, 0x00, 0x00, 0x00, 
	0x00, 0x00, 0x00, 0x00, 0x00, 0x00, 0x00, 0x00, 0x00, 0x00, 0x00, 0x00, 0x00, 0x00, 0x00, 0x00, 
	0x00, 0x00, 0x00, 0x00, 0x00, 0x00, 0x00, 0x00, 0x00, 0x00, 0x00, 0x00, 0x00, 0x00, 0x00, 0x00, 
	0x00, 0x00, 0x00, 0x00, 0x00, 0x00, 0x00, 0x00, 0x00, 0x00, 0x00, 0x00, 0x00, 0x84, 0x09, 0xCD, 
	0x09, 0xCD, 0x09, 0xCD, 0x09, 0xCD, 0x09, 0x4A, 0x00, 0x00, 0x00, 0x00, 0x00, 0x00, 0x00, 0x00, 
	0x00, 0x00, 0x00, 0x00, 0x00, 0x00, 0x00, 0x00, 0x00, 0x00, 0x00, 0x00, 0x00, 0x00, 0x00, 0x00, 
	0x00, 0x00, 0x00, 0x00, 0x00, 0x00, 0x00, 0x00, 0x00, 0x00, 0x00, 0x00, 0x00, 0x00, 0x00, 0x00, 
	0x00, 0x00, 0x00, 0x00, 0x00, 0x00, 0x00, 0x00, 0x00, 0x00, 0x00, 0x00, 0x00, 0x00, 0x00, 0x00, 
	0x00, 0x00, 0x00, 0x00, 0x00, 0x00, 0x00, 0x00, 0x00, 0x00, 0x00, 0x00, 0x00, 0x00, 0x00, 0x00, 
	0x00, 0x00, 0x00, 0x00, 0x00, 0x00, 0x00, 0x00, 0x00, 0x00, 0x00, 0x00, 0x00, 0x00, 0x00, 0x00, 
	0x00, 0x00, 0x00, 0x00, 0x00, 0x00, 0x00, 0x00, 0x00, 0x00, 0x00, 0x00, 0x00, 0x00, 0x00, 0x00, 
	0x00, 0x00, 0x00, 0x00, 0x00, 0x00, 0x00, 0x00, 0x00, 0x00, 0x00, 0x00, 0x00, 0x00, 0x00, 0x00, 
	0x00, 0x00, 0x00, 0x00, 0x00, 0x00, 0x00, 0x00, 0x00, 0x00, 0x00, 0x00, 0x00, 0x00, 0x00, 0x00, 
	0x00, 0x00, 0x00, 0x00, 0x00, 0x00, 0x00, 0x00, 0x00, 0x00, 0x00, 0x00, 0x00, 0x00, 0x00, 0x00, 
	0x00, 0x00, 0x00, 0x00, 0x00, 0x00, 0x00, 0x00, 0x00, 0x00, 0x00, 0x00, 0x00, 0x00, 0x00, 0x00, 
	0x00, 0x00, 0x00, 0x00, 0x00, 0x00, 0x00, 0x00, 0x00, 0x00, 0x00, 0x00, 0x00, 0x00, 0x00, 0x00, 
	0x00, 0x00, 0x00, 0x00, 0x00, 0x00, 0x00, 0x00, 0x00, 0x00, 0x00, 0x00, 0x00, 0x00, 0x00, 0x00, 
	0x00, 0x00, 0x00, 0x00, 0x00, 0x00, 0x00, 0x00, 0x00, 0x00, 0x00, 0x00, 0x00, 0x00, 0x00, 0x00, 
	0x00, 0x00, 0x00, 0x00, 0x00, 0x00, 0x00, 0x00, 0x00, 0x00, 0x00, 0x00, 0x00, 0x00, 0x00, 0x00, 
	0x00, 0x00, 0x00, 0x00, 0x00, 0x00, 0x00, 0x00, 0x00, 0x00, 0x00, 0x00, 0x00, 0x00, 0x00, 0x00, 
	0x00, 0x00, 0x00, 0x00, 0x00, 0x00, 0x00, 0x00, 0x00, 0x00, 0x00, 0x00, 0x00, 0x00, 0x00, 0x00, 
	0x00, 0x00, 0x00, 0x00, 0x00, 0x00, 0x00, 0x00, 0x00, 0x00, 0x00, 0x00, 0x00, 0x00, 0x00, 0x00, 
	0x00, 0x00, 0x00, 0x00, 0x00, 0x00, 0x00, 0x00, 0x00, 0x00, 0x00, 0x00, 0x00, 0x00, 0x00, 0x00, 
	0x00, 0x00, 0x00, 0x00, 0x00, 0x00, 0x00, 0x00, 0x00, 0x00, 0x00, 0x00, 0x00, 0x00, 0x00, 0x00, 
	0x00, 0x00, 0x00, 0x00, 0x00, 0x00, 0x00, 0x00, 0x00, 0x00, 0x00, 0x00, 0x00, 0x00, 0x00, 0x00, 
	0x00, 0x00, 0x00, 0x00, 0x00, 0x00, 0x00, 0x00, 0x00, 0x00, 0x00, 0x00, 0x00, 0x00, 0x00, 0x00, 
	0x00, 0x00, 0x00, 0x00, 0x00, 0x00, 0x00, 0x00, 0x00, 0x00, 0x00, 0x00, 0x00, 0x00, 0x00, 0x00, 
	0x00, 0x00, 0x00, 0x00, 0x00, 0x00, 0x00, 0x00, 0x00, 0x00, 0x00, 0x00, 0x00, 0x00, 0x00, 0x00, 
	0x00, 0x00, 0x00, 0x00, 0x00, 0x00, 0x00, 0x00, 0x00, 0x00, 0x00, 0x00, 0x00, 0x00, 0x00, 0x00, 
	0x00, 0x00, 0x00, 0x00, 0x00, 0x00, 0x00, 0x00, 0x00, 0x00, 0x00, 0x00, 0x00, 0x00, 0x00, 0x00, 
	0x00, 0x00, 0x00, 0x00, 0x00, 0x00, 0x00, 0x00, 0x00, 0x00, 0x00, 0x00, 0x00, 0x00, 0x00, 0x00, 
	0x00, 0x00, 0x00, 0x00, 0x00, 0x00, 0x00, 0x00, 0x00, 0x00, 0x00, 0x00, 0x00, 0x00, 0x00, 0x00, 
	0x00, 0x00, 0x00, 0x00, 0x00, 0x00, 0x00, 0x00, 0x00, 0x00, 0x00, 0x00, 0x00, 0x00, 0x00, 0x00, 
	0x00, 0x00, 0x00, 0x00, 0x00, 0x00, 0x00, 0x00, 0x00, 0x00, 0x00, 0x00, 0x00, 0x00, 0x00, 0x00, 
	0x00, 0x00, 0x00, 0x00, 0x00, 0x00, 0x00, 0x00, 0x00, 0x00, 0x00, 0x00, 0x00, 0x00, 0x00, 0x00, 
	0x00, 0x00, 0x00, 0x00, 0x00, 0x00, 0x00, 0x00, 0x00, 0x00, 0x00, 0x00, 0x00, 0x00, 0x00, 0x00, 
	0x00, 0x00, 0x00, 0x00, 0x00, 0x00, 0x00, 0x00, 0x00, 0x00, 0x00, 0x63, 0x09, 0xCD, 0x09, 0xCD, 
	0x09, 0xCD, 0x09, 0xCD, 0x09, 0xCD, 0x09, 0xCD, 0x09, 0xCD, 0x09, 0xCD, 0x09, 0xCD, 0x09, 0xCD, 
	0x09, 0xCD, 0x09, 0xCD, 0x09, 0xCD, 0x09, 0xCD, 0x09, 0xCD, 0x09, 0xCD, 0x09, 0xCD, 0x09, 0xCD, 
	0x09, 0xCD, 0x09, 0xCD, 0x09, 0xCD, 0x00, 0x00, 0x00, 0x00, 0x00, 0x00, 0x00, 0x00, 0x00, 0x00, 
	0x00, 0x00, 0x00, 0x00, 0x00, 0x00, 0x00, 0x00, 0x00, 0x00, 0x00, 0x00, 0x00, 0x00, 0x00, 0x00, 
	0x00, 0x00, 0x00, 0x00, 0x00, 0x00, 0x00, 0x00, 0x00, 0x00, 0x00, 0x00, 0x00, 0x00, 0x00, 0x00, 
	0x00, 0x00, 0x00, 0x00, 0x00, 0x00, 0x00, 0x00, 0x00, 0x00, 0x00, 0x00, 0x00, 0x00, 0x00, 0x00, 
	0x00, 0x00, 0x00, 0x00, 0x00, 0x00, 0x00, 0x00, 0x00, 0x00, 0x00, 0x00, 0x00, 0x00, 0x00, 0x00, 
	0x00, 0x00, 0x00, 0x00, 0x00, 0x00, 0x00, 0x00, 0x00, 0x00, 0x00, 0x00, 0x00, 0x00, 0x00, 0x00, 
	0x00, 0x00, 0x00, 0x00, 0x00, 0x00, 0x00, 0x00, 0x00, 0x00, 0x00, 0x00, 0x00, 0x00, 0x00, 0x00, 
	0x00, 0x00, 0x00, 0x00, 0x00, 0x00, 0x00, 0x00, 0x00, 0x00, 0x00, 0x00, 0x00, 0x00, 0x00, 0x00, 
	0x00, 0x00, 0x00, 0x00, 0x00, 0x00, 0x00, 0x00, 0x00, 0x00, 0x00, 0x00, 0x00, 0x00, 0x00, 0x00, 
	0x00, 0x00, 0x00, 0x00, 0x00, 0x00, 0x00, 0x00, 0x00, 0x00, 0x00, 0x00, 0x00, 0x00, 0x00, 0x00, 
	0x00, 0x00, 0x00, 0x00, 0x00, 0x00, 0x00, 0x00, 0x00, 0x00, 0x00, 0x00, 0x00, 0x00, 0x00, 0x00, 
	0x00, 0x00, 0x00, 0x00, 0x00, 0x00, 0x00, 0x00, 0x00, 0x00, 0x00, 0x00, 0x00, 0x00, 0x00, 0x00, 
	0x00, 0x00, 0x00, 0x00, 0x00, 0x00, 0x00, 0x00, 0x00, 0x00, 0x00, 0x00, 0x00, 0x00, 0x00, 0x00, 
	0x00, 0x00, 0x00, 0x00, 0x00, 0x00, 0x00, 0x00, 0x00, 0x00, 0x00, 0x00, 0x00, 0x00, 0x00, 0x00, 
	0x00, 0x00, 0x00, 0x00, 0x00, 0x00, 0x00, 0x00, 0x00, 0x00, 0x00, 0x00, 0x00, 0x00, 0x00, 0x00, 
	0x00, 0x00, 0x00, 0x00, 0x00, 0x00, 0x00, 0x00, 0x00, 0x00, 0x00, 0x00, 0x00, 0x00, 0x00, 0x00, 
	0x00, 0x00, 0x00, 0x00, 0x00, 0x00, 0x00, 0x00, 0x00, 0x00, 0x00, 0x00, 0x00, 0x00, 0x00, 0x00, 
	0x00, 0x00, 0x00, 0x00, 0x00, 0x00, 0x00, 0x00, 0x00, 0x00, 0x00, 0x00, 0x00, 0x00, 0x00, 0x00, 
	0x00, 0x00, 0x00, 0x00, 0x00, 0x00, 0x00, 0x00, 0x00, 0x00, 0x00, 0x00, 0x00, 0x00, 0x00, 0x00, 
	0x00, 0x00, 0x00, 0x00, 0x00, 0x00, 0x00, 0x00, 0x00, 0x00, 0x00, 0x00, 0x00, 0x00, 0x00, 0x00, 
	0x00, 0x00, 0x00, 0x00, 0x00, 0x00, 0x00, 0x00, 0x00, 0x00, 0x00, 0x00, 0x00, 0x00, 0x00, 0x00, 
	0x00, 0x00, 0x00, 0x00, 0x00, 0x00, 0x00, 0x00, 0x00, 0x00, 0x00, 0x00, 0x00, 0x00, 0x00, 0x00, 
	0x00, 0x00, 0x00, 0x00, 0x00, 0x00, 0x00, 0x00, 0x00, 0x00, 0x00, 0x00, 0x00, 0x00, 0x00, 0x00, 
	0x00, 0x00, 0x00, 0x00, 0x00, 0x00, 0x00, 0x00, 0x00, 0x00, 0x00, 0x00, 0x00, 0x00, 0x00, 0x00, 
	0x00, 0x00, 0x00, 0x00, 0x00, 0x00, 0x00, 0x00, 0x00, 0x00, 0x00, 0x00, 0x00, 0x00, 0x00, 0x00, 
	0x00, 0x00, 0x00, 0x00, 0x00, 0x00, 0x00, 0x00, 0x00, 0x00, 0x00, 0x00, 0x00, 0x00, 0x00, 0x00, 
	0x00, 0x00, 0x00, 0x00, 0x00, 0x00, 0x00, 0x00, 0x00, 0x00, 0x00, 0x00, 0x00, 0x00, 0x00, 0x00, 
	0x00, 0x00, 0x00, 0x00, 0x00, 0x00, 0x00, 0x00, 0x00, 0x00, 0x00, 0x00, 0x00, 0x00, 0x00, 0x00, 
	0x00, 0x00, 0x00, 0x00, 0x00, 0x00, 0x00, 0x00, 0x00, 0x00, 0x00, 0x00, 0x00, 0x00, 0x00, 0x00, 
	0x00, 0x00, 0x00, 0x00, 0x00, 0x00, 0x00, 0x00, 0x00, 0x00, 0x00, 0x00, 0x00, 0x00, 0x00, 0x00, 
	0x00, 0x00, 0x00, 0x00, 0x00, 0x00, 0x00, 0x00, 0x00, 0x00, 0x00, 0x00, 0x00, 0x00, 0x00, 0x00, 
	0x00, 0x00, 0x00, 0x00, 0x00, 0x00, 0x00, 0x00, 0x00, 0x00, 0x00, 0x00, 0x00, 0x00, 0x00, 0x00, 
	0x00, 0x00, 0x00, 0x00, 0x00, 0x00, 0x00, 0x00, 0x00, 0x00, 0x00, 0x00, 0x00, 0x00, 0x00, 0x00, 
	0x00, 0x00, 0x00, 0x00, 0x00, 0x00, 0x00, 0x00, 0x00, 0x00, 0x00, 0x00, 0x00, 0x00, 0x00, 0x00, 
	0x00, 0x00, 0x00, 0x00, 0x00, 0x00, 0x00, 0x00, 0x00, 0x00, 0x00, 0x00, 0x00, 0x00, 0x00, 0x00, 
	0x00, 0x00, 0x00, 0x00, 0x00, 0x00, 0x00, 0x00, 0x00, 0x00, 0x00, 0x00, 0x00, 0x00, 0x00, 0x00, 
	0x00, 0x00, 0x00, 0x00, 0x00, 0x00, 0x00, 0x00, 0x00, 0x00, 0x00, 0x00, 0x00, 0x00, 0x00, 0x00, 
	0x00, 0x00, 0x00, 0x00, 0x00, 0x00, 0x00, 0x00, 0x00, 0x00, 0x09, 0xCD, 0x09, 0xCD, 0x09, 0xCD, 
	0x09, 0xCD, 0x09, 0xCD, 0x09, 0xCD, 0x09, 0xCD, 0x09, 0xCD, 0x09, 0xCD, 0x09, 0xCD, 0x09, 0xCD, 
	0x09, 0xCD, 0x09, 0xCD, 0x09, 0xCD, 0x09, 0xCD, 0x09, 0xCD, 0x09, 0xCD, 0x09, 0xCD, 0x09, 0xCD, 
	0x09, 0xCD, 0x09, 0xCD, 0x00, 0x00, 0x00, 0x00, 0x00, 0x00, 0x00, 0x00, 0x00, 0x00, 0x00, 0x00, 
	0x00, 0x00, 0x00, 0x00, 0x00, 0x00, 0x00, 0x00, 0x00, 0x00, 0x00, 0x00, 0x00, 0x00, 0x00, 0x00, 
	0x00, 0x00, 0x00, 0x00, 0x00, 0x00, 0x00, 0x00, 0x00, 0x00, 0x00, 0x00, 0x00, 0x00, 0x00, 0x00, 
	0x00, 0x00, 0x00, 0x00, 0x00, 0x00, 0x00, 0x00, 0x00, 0x00, 0x00, 0x00, 0x00, 0x00, 0x00, 0x00, 
	0x00, 0x00, 0x00, 0x00, 0x00, 0x00, 0x00, 0x00, 0x00, 0x00, 0x00, 0x00, 0x00, 0x00, 0x00, 0x00, 
	0x00, 0x00, 0x00, 0x00, 0x00, 0x00, 0x00, 0x00, 0x00, 0x00, 0x00, 0x00, 0x00, 0x00, 0x00, 0x00, 
	0x00, 0x00, 0x00, 0x00, 0x00, 0x00, 0x00, 0x00, 0x00, 0x00, 0x00, 0x00, 0x00, 0x00, 0x00, 0x00, 
	0x00, 0x00, 0x00, 0x00, 0x00, 0x00, 0x00, 0x00, 0x00, 0x00, 0x00, 0x00, 0x00, 0x00, 0x00, 0x00, 
	0x00, 0x00, 0x00, 0x00, 0x00, 0x00, 0x00, 0x00, 0x00, 0x00, 0x00, 0x00, 0x00, 0x00, 0x00, 0x00, 
	0x00, 0x00, 0x00, 0x00, 0x00, 0x00, 0x00, 0x00, 0x00, 0x00, 0x00, 0x00, 0x00, 0x00, 0x00, 0x00, 
	0x00, 0x00, 0x00, 0x00, 0x00, 0x00, 0x00, 0x00, 0x00, 0x00, 0x00, 0x00, 0x00, 0x00, 0x00, 0x00, 
	0x00, 0x00, 0x00, 0x00, 0x00, 0x00, 0x00, 0x00, 0x00, 0x00, 0x00, 0x00, 0x00, 0x00, 0x00, 0x00, 
	0x00, 0x00, 0x00, 0x00, 0x00, 0x00, 0x00, 0x00, 0x00, 0x00, 0x00, 0x00, 0x00, 0x00, 0x00, 0x00, 
	0x00, 0x00, 0x00, 0x00, 0x00, 0x00, 0x00, 0x00, 0x00, 0x00, 0x00, 0x00, 0x00, 0x00, 0x00, 0x00, 
	0x00, 0x00, 0x00, 0x00, 0x00, 0x00, 0x00, 0x00, 0x00, 0x00, 0x00, 0x00, 0x00, 0x00, 0x00, 0x00, 
	0x00, 0x00, 0x00, 0x00, 0x00, 0x00, 0x00, 0x00, 0x00, 0x00, 0x00, 0x00, 0x00, 0x00, 0x00, 0x00, 
	0x00, 0x00, 0x00, 0x00, 0x00, 0x00, 0x00, 0x00, 0x00, 0x00, 0x00, 0x00, 0x00, 0x00, 0x00, 0x00, 
	0x00, 0x00, 0x00, 0x00, 0x00, 0x00, 0x00, 0x00, 0x00, 0x00, 0x00, 0x00, 0x00, 0x00, 0x00, 0x00, 
	0x00, 0x00, 0x00, 0x00, 0x00, 0x00, 0x00, 0x00, 0x00, 0x00, 0x00, 0x00, 0x00, 0x00, 0x00, 0x00, 
	0x00, 0x00, 0x00, 0x00, 0x00, 0x00, 0x00, 0x00, 0x00, 0x00, 0x00, 0x00, 0x00, 0x00, 0x00, 0x00, 
	0x00, 0x00, 0x00, 0x00, 0x00, 0x00, 0x00, 0x00, 0x00, 0x00, 0x00, 0x00, 0x00, 0x00, 0x00, 0x00, 
	0x00, 0x00, 0x00, 0x00, 0x00, 0x00, 0x00, 0x00, 0x00, 0x00, 0x00, 0x00, 0x00, 0x00, 0x00, 0x00, 
	0x00, 0x00, 0x00, 0x00, 0x00, 0x00, 0x00, 0x00, 0x00, 0x00, 0x00, 0x00, 0x00, 0x00, 0x00, 0x00, 
	0x00, 0x00, 0x00, 0x00, 0x00, 0x00, 0x00, 0x00, 0x00, 0x00, 0x00, 0x00, 0x00, 0x00, 0x00, 0x00, 
	0x00, 0x00, 0x00, 0x00, 0x00, 0x00, 0x00, 0x00, 0x00, 0x00, 0x00, 0x00, 0x00, 0x00, 0x00, 0x00, 
	0x00, 0x00, 0x00, 0x00, 0x00, 0x00, 0x00, 0x00, 0x00, 0x00, 0x00, 0x00, 0x00, 0x00, 0x00, 0x00, 
	0x00, 0x00, 0x00, 0x00, 0x00, 0x00, 0x00, 0x00, 0x00, 0x00, 0x00, 0x00, 0x00, 0x00, 0x00, 0x00, 
	0x00, 0x00, 0x00, 0x00, 0x00, 0x00, 0x00, 0x00, 0x00, 0x00, 0x00, 0x00, 0x00, 0x00, 0x00, 0x00, 
	0x00, 0x00, 0x00, 0x00, 0x00, 0x00, 0x00, 0x00, 0x00, 0x00, 0x00, 0x00, 0x00, 0x00, 0x00, 0x00, 
	0x00, 0x00, 0x00, 0x00, 0x00, 0x00, 0x00, 0x00, 0x00, 0x00, 0x00, 0x00, 0x00, 0x00, 0x00, 0x00, 
	0x00, 0x00, 0x00, 0x00, 0x00, 0x00, 0x00, 0x00, 0x00, 0x00, 0x00, 0x00, 0x00, 0x00, 0x00, 0x00, 
	0x00, 0x00, 0x00, 0x00, 0x00, 0x00, 0x00, 0x00, 0x00, 0x00, 0x00, 0x00, 0x00, 0x00, 0x00, 0x00, 
	0x00, 0x00, 0x00, 0x00, 0x00, 0x00, 0x00, 0x00, 0x00, 0x00, 0x00, 0x00, 0x00, 0x00, 0x00, 0x00, 
	0x00, 0x00, 0x00, 0x00, 0x00, 0x00, 0x00, 0x00, 0x00, 0x00, 0x00, 0x00, 0x00, 0x00, 0x00, 0x00, 
	0x00, 0x00, 0x00, 0x00, 0x00, 0x00, 0x00, 0x00, 0x00, 0x00, 0x00, 0x00, 0x00, 0x00, 0x00, 0x00, 
	0x00, 0x00, 0x00, 0x00, 0x00, 0x00, 0x00, 0x00, 0x00, 0x00, 0x00, 0x00, 0x00, 0x00, 0x00, 0x00, 
	0x00, 0x00, 0x00, 0x00, 0x00, 0x00, 0x00, 0x00, 0x00, 0x00, 0x00, 0x00, 0x00, 0x00, 0x00, 0x00, 
	0x00, 0x00, 0x00, 0x00, 0x00, 0x00, 0x00, 0x00, 0x00, 0x00, 0x09, 0xCD, 0x09, 0xCD, 0x09, 0xCD, 
	0x09, 0xCD, 0x09, 0xCD, 0x09, 0xCD, 0x09, 0xCD, 0x09, 0xCD, 0x09, 0xCD, 0x09, 0xCD, 0x09, 0xCD, 
	0x09, 0xCD, 0x09, 0xCD, 0x09, 0xCD, 0x09, 0xCD, 0x09, 0xCD, 0x09, 0xCD, 0x09, 0xCD, 0x09, 0xCD, 
	0x09, 0xCD, 0x00, 0x42, 0x00, 0x00, 0x00, 0x00, 0x00, 0x00, 0x00, 0x00, 0x00, 0x00, 0x00, 0x00, 
	0x00, 0x00, 0x00, 0x00, 0x00, 0x00, 0x00, 0x00, 0x00, 0x00, 0x00, 0x00, 0x00, 0x00, 0x00, 0x00, 
	0x00, 0x00, 0x00, 0x00, 0x00, 0x00, 0x00, 0x00, 0x00, 0x00, 0x00, 0x00, 0x00, 0x00, 0x00, 0x00, 
	0x00, 0x00, 0x00, 0x00, 0x00, 0x00, 0x00, 0x00, 0x00, 0x00, 0x00, 0x00, 0x00, 0x00, 0x00, 0x00, 
	0x00, 0x00, 0x00, 0x00, 0x00, 0x00, 0x00, 0x00, 0x00, 0x00, 0x00, 0x00, 0x00, 0x00, 0x00, 0x00, 
	0x00, 0x00, 0x00, 0x00, 0x00, 0x00, 0x00, 0x00, 0x00, 0x00, 0x00, 0x00, 0x00, 0x00, 0x00, 0x00, 
	0x00, 0x00, 0x00, 0x00, 0x00, 0x00, 0x00, 0x00, 0x00, 0x00, 0x00, 0x00, 0x00, 0x00, 0x00, 0x00, 
	0x00, 0x00, 0x00, 0x00, 0x00, 0x00, 0x00, 0x00, 0x00, 0x00, 0x00, 0x00, 0x00, 0x00, 0x00, 0x00, 
	0x00, 0x00, 0x00, 0x00, 0x00, 0x00, 0x00, 0x00, 0x00, 0x00, 0x00, 0x00, 0x00, 0x00, 0x00, 0x00, 
	0x00, 0x00, 0x00, 0x00, 0x00, 0x00, 0x00, 0x00, 0x00, 0x00, 0x00, 0x00, 0x00, 0x00, 0x00, 0x00, 
	0x00, 0x00, 0x00, 0x00, 0x00, 0x00, 0x00, 0x00, 0x00, 0x00, 0x00, 0x00, 0x00, 0x00, 0x00, 0x00, 
	0x00, 0x00, 0x00, 0x00, 0x00, 0x00, 0x00, 0x00, 0x00, 0x00, 0x00, 0x00, 0x00, 0x00, 0x00, 0x00, 
	0x00, 0x00, 0x00, 0x00, 0x00, 0x00, 0x00, 0x00, 0x00, 0x00, 0x00, 0x00, 0x00, 0x00, 0x00, 0x00, 
	0x00, 0x00, 0x00, 0x00, 0x00, 0x00, 0x00, 0x00, 0x00, 0x00, 0x00, 0x00, 0x00, 0x00, 0x00, 0x00, 
	0x00, 0x00, 0x00, 0x00, 0x00, 0x00, 0x00, 0x00, 0x00, 0x00, 0x00, 0x00, 0x00, 0x00, 0x00, 0x00, 
	0x00, 0x00, 0x00, 0x00, 0x00, 0x00, 0x00, 0x00, 0x00, 0x00, 0x00, 0x00, 0x00, 0x00, 0x00, 0x00, 
	0x00, 0x00, 0x00, 0x00, 0x00, 0x00, 0x00, 0x00, 0x00, 0x00, 0x00, 0x00, 0x00, 0x00, 0x00, 0x00, 
	0x00, 0x00, 0x00, 0x00, 0x00, 0x00, 0x00, 0x00, 0x00, 0x00, 0x00, 0x00, 0x00, 0x00, 0x00, 0x00, 
	0x00, 0x00, 0x00, 0x00, 0x00, 0x00, 0x00, 0x00, 0x00, 0x00, 0x00, 0x00, 0x00, 0x00, 0x00, 0x00, 
	0x00, 0x00, 0x00, 0x00, 0x00, 0x00, 0x00, 0x00, 0x00, 0x00, 0x00, 0x00, 0x00, 0x00, 0x00, 0x00, 
	0x00, 0x00, 0x00, 0x00, 0x00, 0x00, 0x00, 0x00, 0x00, 0x00, 0x00, 0x00, 0x00, 0x00, 0x00, 0x00, 
	0x00, 0x00, 0x00, 0x00, 0x00, 0x00, 0x00, 0x00, 0x00, 0x00, 0x00, 0x00, 0x00, 0x00, 0x00, 0x00, 
	0x00, 0x00, 0x00, 0x00, 0x00, 0x00, 0x00, 0x00, 0x00, 0x00, 0x00, 0x00, 0x00, 0x00, 0x00, 0x00, 
	0x00, 0x00, 0x00, 0x00, 0x00, 0x00, 0x00, 0x00, 0x00, 0x00, 0x00, 0x00, 0x00, 0x00, 0x00, 0x00, 
	0x00, 0x00, 0x00, 0x00, 0x00, 0x00, 0x00, 0x00, 0x00, 0x00, 0x00, 0x00, 0x00, 0x00, 0x00, 0x00, 
	0x00, 0x00, 0x00, 0x00, 0x00, 0x00, 0x00, 0x00, 0x00, 0x00, 0x00, 0x00, 0x00, 0x00, 0x00, 0x00, 
	0x00, 0x00, 0x00, 0x00, 0x00, 0x00, 0x00, 0x00, 0x00, 0x00, 0x00, 0x00, 0x00, 0x00, 0x00, 0x00, 
	0x00, 0x00, 0x00, 0x00, 0x00, 0x00, 0x00, 0x00, 0x00, 0x00, 0x00, 0x00, 0x00, 0x00, 0x00, 0x00, 
	0x00, 0x00, 0x00, 0x00, 0x00, 0x00, 0x00, 0x00, 0x00, 0x00, 0x00, 0x00, 0x00, 0x00, 0x00, 0x00, 
	0x00, 0x00, 0x00, 0x00, 0x00, 0x00, 0x00, 0x00, 0x00, 0x00, 0x00, 0x00, 0x00, 0x00, 0x00, 0x00, 
	0x00, 0x00, 0x00, 0x00, 0x00, 0x00, 0x00, 0x00, 0x00, 0x00, 0x00, 0x00, 0x00, 0x00, 0x00, 0x00, 
	0x00, 0x00, 0x00, 0x00, 0x00, 0x00, 0x00, 0x00, 0x00, 0x00, 0x00, 0x00, 0x00, 0x00, 0x00, 0x00, 
	0x00, 0x00, 0x00, 0x00, 0x00, 0x00, 0x00, 0x00, 0x00, 0x00, 0x00, 0x00, 0x00, 0x00, 0x00, 0x00, 
	0x00, 0x00, 0x00, 0x00, 0x00, 0x00, 0x00, 0x00, 0x00, 0x00, 0x00, 0x00, 0x00, 0x00, 0x00, 0x00, 
	0x00, 0x00, 0x00, 0x00, 0x00, 0x00, 0x00, 0x00, 0x00, 0x00, 0x00, 0x00, 0x00, 0x00, 0x00, 0x00, 
	0x00, 0x00, 0x00, 0x00, 0x00, 0x00, 0x00, 0x00, 0x00, 0x00, 0x00, 0x00, 0x00, 0x00, 0x00, 0x00, 
	0x00, 0x00, 0x00, 0x00, 0x00, 0x00, 0x00, 0x00, 0x00, 0x00, 0x00, 0x00, 0x00, 0x00, 0x00, 0x00, 
	0x00, 0x00, 0x00, 0x00, 0x00, 0x00, 0x00, 0x00, 0x01, 0x08, 0x09, 0xCD, 0x09, 0xCD, 0x09, 0xCD, 
	0x09, 0xCD, 0x09, 0xCD, 0x09, 0xCD, 0x09, 0xCD, 0x09, 0xCD, 0x09, 0xCD, 0x09, 0xCD, 0x09, 0xCD, 
	0x09, 0xCD, 0x09, 0xCD, 0x09, 0xCD, 0x09, 0xCD, 0x09, 0xCD, 0x09, 0xCD, 0x09, 0xCD, 0x09, 0xCD, 
	0x09, 0xCD, 0x00, 0x00, 0x00, 0x00, 0x00, 0x00, 0x00, 0x00, 0x00, 0x00, 0x00, 0x00, 0x00, 0x00, 
	0x00, 0x00, 0x00, 0x00, 0x00, 0x00, 0x00, 0x00, 0x00, 0x00, 0x00, 0x00, 0x00, 0x00, 0x00, 0x00, 
	0x00, 0x00, 0x00, 0x00, 0x00, 0x00, 0x00, 0x00, 0x00, 0x00, 0x00, 0x00, 0x00, 0x00, 0x00, 0x00, 
	0x00, 0x00, 0x00, 0x00, 0x00, 0x00, 0x00, 0x00, 0x00, 0x00, 0x00, 0x00, 0x00, 0x00, 0x00, 0x00, 
	0x00, 0x00, 0x00, 0x00, 0x00, 0x00, 0x00, 0x00, 0x00, 0x00, 0x00, 0x00, 0x00, 0x00, 0x00, 0x00, 
	0x00, 0x00, 0x00, 0x00, 0x00, 0x00, 0x00, 0x00, 0x00, 0x00, 0x00, 0x00, 0x00, 0x00, 0x00, 0x00, 
	0x00, 0x00, 0x00, 0x00, 0x00, 0x00, 0x00, 0x00, 0x00, 0x00, 0x00, 0x00, 0x00, 0x00, 0x00, 0x00, 
	0x00, 0x00, 0x00, 0x00, 0x00, 0x00, 0x00, 0x00, 0x00, 0x00, 0x00, 0x00, 0x00, 0x00, 0x00, 0x00, 
	0x00, 0x00, 0x00, 0x00, 0x00, 0x00, 0x00, 0x00, 0x00, 0x00, 0x00, 0x00, 0x00, 0x00, 0x00, 0x00, 
	0x00, 0x00, 0x00, 0x00, 0x00, 0x00, 0x00, 0x00, 0x00, 0x00, 0x00, 0x00, 0x00, 0x00, 0x00, 0x00, 
	0x00, 0x00, 0x00, 0x00, 0x00, 0x00, 0x00, 0x00, 0x00, 0x00, 0x00, 0x00, 0x00, 0x00, 0x00, 0x00, 
	0x00, 0x00, 0x00, 0x00, 0x00, 0x00, 0x00, 0x00, 0x00, 0x00, 0x00, 0x00, 0x00, 0x00, 0x00, 0x00, 
	0x00, 0x00, 0x00, 0x00, 0x00, 0x00, 0x00, 0x00, 0x00, 0x00, 0x00, 0x00, 0x00, 0x00, 0x00, 0x00, 
	0x00, 0x00, 0x00, 0x00, 0x00, 0x00, 0x00, 0x00, 0x00, 0x00, 0x00, 0x00, 0x00, 0x00, 0x00, 0x00, 
	0x00, 0x00, 0x00, 0x00, 0x00, 0x00, 0x00, 0x00, 0x00, 0x00, 0x00, 0x00, 0x00, 0x00, 0x00, 0x00, 
	0x00, 0x00, 0x00, 0x00, 0x00, 0x00, 0x00, 0x00, 0x00, 0x00, 0x00, 0x00, 0x00, 0x00, 0x00, 0x00, 
	0x00, 0x00, 0x00, 0x00, 0x00, 0x00, 0x00, 0x00, 0x00, 0x00, 0x00, 0x00, 0x00, 0x00, 0x00, 0x00, 
	0x00, 0x00, 0x00, 0x00, 0x00, 0x00, 0x00, 0x00, 0x00, 0x00, 0x00, 0x00, 0x00, 0x00, 0x00, 0x00, 
	0x00, 0x00, 0x00, 0x00, 0x00, 0x00, 0x00, 0x00, 0x00, 0x00, 0x00, 0x00, 0x00, 0x00, 0x00, 0x00, 
	0x00, 0x00, 0x00, 0x00, 0x00, 0x00, 0x00, 0x00, 0x00, 0x00, 0x00, 0x00, 0x00, 0x00, 0x00, 0x00, 
	0x00, 0x00, 0x00, 0x00, 0x00, 0x00, 0x00, 0x00, 0x00, 0x00, 0x00, 0x00, 0x00, 0x00, 0x00, 0x00, 
	0x00, 0x00, 0x00, 0x00, 0x00, 0x00, 0x00, 0x00, 0x00, 0x00, 0x00, 0x00, 0x00, 0x00, 0x00, 0x00, 
	0x00, 0x00, 0x00, 0x00, 0x00, 0x00, 0x00, 0x00, 0x00, 0x00, 0x00, 0x00, 0x00, 0x00, 0x00, 0x00, 
	0x00, 0x00, 0x00, 0x00, 0x00, 0x00, 0x00, 0x00, 0x00, 0x00, 0x00, 0x00, 0x00, 0x00, 0x00, 0x00, 
	0x00, 0x00, 0x00, 0x00, 0x00, 0x00, 0x00, 0x00, 0x00, 0x00, 0x00, 0x00, 0x00, 0x00, 0x00, 0x00, 
	0x00, 0x00, 0x00, 0x00, 0x00, 0x00, 0x00, 0x00, 0x00, 0x00, 0x00, 0x00, 0x00, 0x00, 0x00, 0x00, 
	0x00, 0x00, 0x00, 0x00, 0x00, 0x00, 0x00, 0x00, 0x00, 0x00, 0x00, 0x00, 0x00, 0x00, 0x00, 0x00, 
	0x00, 0x00, 0x00, 0x00, 0x00, 0x00, 0x00, 0x00, 0x00, 0x00, 0x00, 0x00, 0x00, 0x00, 0x00, 0x00, 
	0x00, 0x00, 0x00, 0x00, 0x00, 0x00, 0x00, 0x00, 0x00, 0x00, 0x00, 0x00, 0x00, 0x00, 0x00, 0x00, 
	0x00, 0x00, 0x00, 0x00, 0x00, 0x00, 0x00, 0x00, 0x00, 0x00, 0x00, 0x00, 0x00, 0x00, 0x00, 0x00, 
	0x00, 0x00, 0x00, 0x00, 0x00, 0x00, 0x00, 0x00, 0x00, 0x00, 0x00, 0x00, 0x00, 0x00, 0x00, 0x00, 
	0x00, 0x00, 0x00, 0x00, 0x00, 0x00, 0x00, 0x00, 0x00, 0x00, 0x00, 0x00, 0x00, 0x00, 0x00, 0x00, 
	0x00, 0x00, 0x00, 0x00, 0x00, 0x00, 0x00, 0x00, 0x00, 0x00, 0x00, 0x00, 0x00, 0x00, 0x00, 0x00, 
	0x00, 0x00, 0x00, 0x00, 0x00, 0x00, 0x00, 0x00, 0x00, 0x00, 0x00, 0x00, 0x00, 0x00, 0x00, 0x00, 
	0x00, 0x00, 0x00, 0x00, 0x00, 0x00, 0x00, 0x00, 0x00, 0x00, 0x00, 0x00, 0x00, 0x00, 0x00, 0x00, 
	0x00, 0x00, 0x00, 0x00, 0x00, 0x00, 0x00, 0x00, 0x00, 0x00, 0x00, 0x00, 0x00, 0x00, 0x00, 0x00, 
	0x00, 0x00, 0x00, 0x00, 0x00, 0x00, 0x00, 0x00, 0x00, 0x00, 0x00, 0x00, 0x00, 0x00, 0x00, 0x00, 
	0x00, 0x00, 0x00, 0x00, 0x00, 0x00, 0x00, 0x00, 0x09, 0xCD, 0x09, 0xCD, 0x09, 0xCD, 0x09, 0xCD, 
	0x09, 0xCD, 0x09, 0xCD, 0x09, 0xCD, 0x09, 0xCD, 0x09, 0xCD, 0x09, 0xCD, 0x09, 0xCD, 0x09, 0xCD, 
	0x09, 0xCD, 0x09, 0xCD, 0x09, 0xCD, 0x09, 0xCD, 0x09, 0xCD, 0x09, 0xCD, 0x09, 0xCD, 0x09, 0xCD, 
	0x00, 0x00, 0x00, 0x00, 0x00, 0x00, 0x00, 0x00, 0x00, 0x00, 0x00, 0x00, 0x00, 0x00, 0x00, 0x00, 
	0x00, 0x00, 0x00, 0x00, 0x00, 0x00, 0x00, 0x00, 0x00, 0x00, 0x00, 0x00, 0x00, 0x00, 0x00, 0x00, 
	0x00, 0x00, 0x00, 0x00, 0x00, 0x00, 0x00, 0x00, 0x00, 0x00, 0x00, 0x00, 0x00, 0x00, 0x00, 0x00, 
	0x00, 0x00, 0x00, 0x00, 0x00, 0x00, 0x00, 0x00, 0x00, 0x00, 0x00, 0x00, 0x00, 0x00, 0x00, 0x00, 
	0x00, 0x00, 0x00, 0x00, 0x00, 0x00, 0x00, 0x00, 0x00, 0x00, 0x00, 0x00, 0x00, 0x00, 0x00, 0x00, 
	0x00, 0x00, 0x00, 0x00, 0x00, 0x00, 0x00, 0x00, 0x00, 0x00, 0x00, 0x00, 0x00, 0x00, 0x00, 0x00, 
	0x00, 0x00, 0x00, 0x00, 0x00, 0x00, 0x00, 0x00, 0x00, 0x00, 0x00, 0x00, 0x00, 0x00, 0x00, 0x00, 
	0x00, 0x00, 0x00, 0x00, 0x00, 0x00, 0x00, 0x00, 0x00, 0x00, 0x00, 0x00, 0x00, 0x00, 0x00, 0x00, 
	0x00, 0x00, 0x00, 0x00, 0x00, 0x00, 0x00, 0x00, 0x00, 0x00, 0x00, 0x00, 0x00, 0x00, 0x00, 0x00, 
	0x00, 0x00, 0x00, 0x00, 0x00, 0x00, 0x00, 0x00, 0x00, 0x00, 0x00, 0x00, 0x00, 0x00, 0x00, 0x00, 
	0x00, 0x00, 0x00, 0x00, 0x00, 0x00, 0x00, 0x00, 0x00, 0x00, 0x00, 0x00, 0x00, 0x00, 0x00, 0x00, 
	0x00, 0x00, 0x00, 0x00, 0x00, 0x00, 0x00, 0x00, 0x00, 0x00, 0x00, 0x00, 0x00, 0x00, 0x00, 0x00, 
	0x00, 0x00, 0x00, 0x00, 0x00, 0x00, 0x00, 0x00, 0x00, 0x00, 0x00, 0x00, 0x00, 0x00, 0x00, 0x00, 
	0x00, 0x00, 0x00, 0x00, 0x00, 0x00, 0x00, 0x00, 0x00, 0x00, 0x00, 0x00, 0x00, 0x00, 0x00, 0x00, 
	0x00, 0x00, 0x00, 0x00, 0x00, 0x00, 0x00, 0x00, 0x00, 0x00, 0x00, 0x00, 0x00, 0x00, 0x00, 0x00, 
	0x00, 0x00, 0x00, 0x00, 0x00, 0x00, 0x00, 0x00, 0x00, 0x00, 0x00, 0x00, 0x00, 0x00, 0x00, 0x00, 
	0x00, 0x00, 0x00, 0x00, 0x00, 0x00, 0x00, 0x00, 0x00, 0x00, 0x00, 0x00, 0x00, 0x00, 0x00, 0x00, 
	0x00, 0x00, 0x00, 0x00, 0x00, 0x00, 0x00, 0x00, 0x00, 0x00, 0x00, 0x00, 0x00, 0x00, 0x00, 0x00, 
	0x00, 0x00, 0x00, 0x00, 0x00, 0x00, 0x00, 0x00, 0x00, 0x00, 0x00, 0x00, 0x00, 0x00, 0x00, 0x00, 
	0x00, 0x00, 0x00, 0x00, 0x00, 0x00, 0x00, 0x00, 0x00, 0x00, 0x00, 0x00, 0x00, 0x00, 0x00, 0x00, 
	0x00, 0x00, 0x00, 0x00, 0x00, 0x00, 0x00, 0x00, 0x00, 0x00, 0x00, 0x00, 0x00, 0x00, 0x00, 0x00, 
	0x00, 0x00, 0x00, 0x00, 0x00, 0x00, 0x00, 0x00, 0x00, 0x00, 0x00, 0x00, 0x00, 0x00, 0x00, 0x00, 
	0x00, 0x00, 0x00, 0x00, 0x00, 0x00, 0x00, 0x00, 0x00, 0x00, 0x00, 0x00, 0x00, 0x00, 0x00, 0x00, 
	0x00, 0x00, 0x00, 0x00, 0x00, 0x00, 0x00, 0x00, 0x00, 0x00, 0x00, 0x00, 0x00, 0x00, 0x00, 0x00, 
	0x00, 0x00, 0x00, 0x00, 0x00, 0x00, 0x00, 0x00, 0x00, 0x00, 0x00, 0x00, 0x00, 0x00, 0x00, 0x00, 
	0x00, 0x00, 0x00, 0x00, 0x00, 0x00, 0x00, 0x00, 0x00, 0x00, 0x00, 0x00, 0x00, 0x00, 0x00, 0x00, 
	0x00, 0x00, 0x00, 0x00, 0x00, 0x00, 0x00, 0x00, 0x00, 0x00, 0x00, 0x00, 0x00, 0x00, 0x00, 0x00, 
	0x00, 0x00, 0x00, 0x00, 0x00, 0x00, 0x00, 0x00, 0x00, 0x00, 0x00, 0x00, 0x00, 0x00, 0x00, 0x00, 
	0x00, 0x00, 0x00, 0x00, 0x00, 0x00, 0x00, 0x00, 0x00, 0x00, 0x00, 0x00, 0x00, 0x00, 0x00, 0x00, 
	0x00, 0x00, 0x00, 0x00, 0x00, 0x00, 0x00, 0x00, 0x00, 0x00, 0x00, 0x00, 0x00, 0x00, 0x00, 0x00, 
	0x00, 0x00, 0x00, 0x00, 0x00, 0x00, 0x00, 0x00, 0x00, 0x00, 0x00, 0x00, 0x00, 0x00, 0x00, 0x00, 
	0x00, 0x00, 0x00, 0x00, 0x00, 0x00, 0x00, 0x00, 0x00, 0x00, 0x00, 0x00, 0x00, 0x00, 0x00, 0x00, 
	0x00, 0x00, 0x00, 0x00, 0x00, 0x00, 0x00, 0x00, 0x00, 0x00, 0x00, 0x00, 0x00, 0x00, 0x00, 0x00, 
	0x00, 0x00, 0x00, 0x00, 0x00, 0x00, 0x00, 0x00, 0x00, 0x00, 0x00, 0x00, 0x00, 0x00, 0x00, 0x00, 
	0x00, 0x00, 0x00, 0x00, 0x00, 0x00, 0x00, 0x00, 0x00, 0x00, 0x00, 0x00, 0x00, 0x00, 0x00, 0x00, 
	0x00, 0x00, 0x00, 0x00, 0x00, 0x00, 0x00, 0x00, 0x00, 0x00, 0x00, 0x00, 0x00, 0x00, 0x00, 0x00, 
	0x00, 0x00, 0x00, 0x00, 0x00, 0x00, 0x00, 0x00, 0x00, 0x00, 0x00, 0x00, 0x00, 0x00, 0x00, 0x00, 
	0x00, 0x00, 0x00, 0x00, 0x00, 0x00, 0x00, 0xE7, 0x09, 0xCD, 0x09, 0xCD, 0x09, 0xCD, 0x09, 0xCD, 
	0x09, 0xCD, 0x09, 0xCD, 0x09, 0xCD, 0x09, 0xCD, 0x09, 0xCD, 0x09, 0xCD, 0x09, 0xCD, 0x09, 0xCD, 
	0x09, 0xCD, 0x09, 0xCD, 0x09, 0xCD, 0x09, 0xCD, 0x09, 0xCD, 0x09, 0xCD, 0x09, 0xCD, 0x09, 0x4A, 
	0x00, 0x00, 0x00, 0x00, 0x00, 0x00, 0x00, 0x00, 0x00, 0x00, 0x00, 0x00, 0x00, 0x00, 0x00, 0x00, 
	0x00, 0x00, 0x00, 0x00, 0x00, 0x00, 0x00, 0x00, 0x00, 0x00, 0x00, 0x00, 0x00, 0x00, 0x00, 0x00, 
	0x00, 0x00, 0x00, 0x00, 0x00, 0x00, 0x00, 0x00, 0x00, 0x00, 0x00, 0x00, 0x00, 0x00, 0x00, 0x00, 
	0x00, 0x00, 0x00, 0x00, 0x00, 0x00, 0x00, 0x00, 0x00, 0x00, 0x00, 0x00, 0x00, 0x00, 0x00, 0x00, 
	0x00, 0x00, 0x00, 0x00, 0x00, 0x00, 0x00, 0x00, 0x00, 0x00, 0x00, 0x00, 0x00, 0x00, 0x00, 0x00, 
	0x00, 0x00, 0x00, 0x00, 0x00, 0x00, 0x00, 0x00, 0x00, 0x00, 0x00, 0x00, 0x00, 0x00, 0x00, 0x00, 
	0x00, 0x00, 0x00, 0x00, 0x00, 0x00, 0x00, 0x00, 0x00, 0x00, 0x00, 0x00, 0x00, 0x00, 0x00, 0x00, 
	0x00, 0x00, 0x00, 0x00, 0x00, 0x00, 0x00, 0x00, 0x00, 0x00, 0x00, 0x00, 0x00, 0x00, 0x00, 0x00, 
	0x00, 0x00, 0x00, 0x00, 0x00, 0x00, 0x00, 0x00, 0x00, 0x00, 0x00, 0x00, 0x00, 0x00, 0x00, 0x00, 
	0x00, 0x00, 0x00, 0x00, 0x00, 0x00, 0x00, 0x00, 0x00, 0x00, 0x00, 0x00, 0x00, 0x00, 0x00, 0x00, 
	0x00, 0x00, 0x00, 0x00, 0x00, 0x00, 0x00, 0x00, 0x00, 0x00, 0x00, 0x00, 0x00, 0x00, 0x00, 0x00, 
	0x00, 0x00, 0x00, 0x00, 0x00, 0x00, 0x00, 0x00, 0x00, 0x00, 0x00, 0x00, 0x00, 0x00, 0x00, 0x00, 
	0x00, 0x00, 0x00, 0x00, 0x00, 0x00, 0x00, 0x00, 0x00, 0x00, 0x00, 0x00, 0x00, 0x00, 0x00, 0x00, 
	0x00, 0x00, 0x00, 0x00, 0x00, 0x00, 0x00, 0x00, 0x00, 0x00, 0x00, 0x00, 0x00, 0x00, 0x00, 0x00, 
	0x00, 0x00, 0x00, 0x00, 0x00, 0x00, 0x00, 0x00, 0x00, 0x00, 0x00, 0x00, 0x00, 0x00, 0x00, 0x00, 
	0x00, 0x00, 0x00, 0x00, 0x00, 0x00, 0x00, 0x00, 0x00, 0x00, 0x00, 0x00, 0x00, 0x00, 0x00, 0x00, 
	0x00, 0x00, 0x00, 0x00, 0x00, 0x00, 0x00, 0x00, 0x00, 0x00, 0x00, 0x00, 0x00, 0x00, 0x00, 0x00, 
	0x00, 0x00, 0x00, 0x00, 0x00, 0x00, 0x00, 0x00, 0x00, 0x00, 0x00, 0x00, 0x00, 0x00, 0x00, 0x00, 
	0x00, 0x00, 0x00, 0x00, 0x00, 0x00, 0x00, 0x00, 0x00, 0x00, 0x00, 0x00, 0x00, 0x00, 0x00, 0x00, 
	0x00, 0x00, 0x00, 0x00, 0x00, 0x00, 0x00, 0x00, 0x00, 0x00, 0x00, 0x00, 0x00, 0x00, 0x00, 0x00, 
	0x00, 0x00, 0x00, 0x00, 0x00, 0x00, 0x00, 0x00, 0x00, 0x00, 0x00, 0x00, 0x00, 0x00, 0x00, 0x00, 
	0x00, 0x00, 0x00, 0x00, 0x00, 0x00, 0x00, 0x00, 0x00, 0x00, 0x00, 0x00, 0x00, 0x00, 0x00, 0x00, 
	0x00, 0x00, 0x00, 0x00, 0x00, 0x00, 0x00, 0x00, 0x00, 0x00, 0x00, 0x00, 0x00, 0x00, 0x00, 0x00, 
	0x00, 0x00, 0x00, 0x00, 0x00, 0x00, 0x00, 0x00, 0x00, 0x00, 0x00, 0x00, 0x00, 0x00, 0x00, 0x00, 
	0x00, 0x00, 0x00, 0x00, 0x00, 0x00, 0x00, 0x00, 0x00, 0x00, 0x00, 0x00, 0x00, 0x00, 0x00, 0x00, 
	0x00, 0x00, 0x00, 0x00, 0x00, 0x00, 0x00, 0x00, 0x00, 0x00, 0x00, 0x00, 0x00, 0x00, 0x00, 0x00, 
	0x00, 0x00, 0x00, 0x00, 0x00, 0x00, 0x00, 0x00, 0x00, 0x00, 0x00, 0x00, 0x00, 0x00, 0x00, 0x00, 
	0x00, 0x00, 0x00, 0x00, 0x00, 0x00, 0x00, 0x00, 0x00, 0x00, 0x00, 0x00, 0x00, 0x00, 0x00, 0x00, 
	0x00, 0x00, 0x00, 0x00, 0x00, 0x00, 0x00, 0x00, 0x00, 0x00, 0x00, 0x00, 0x00, 0x00, 0x00, 0x00, 
	0x00, 0x00, 0x00, 0x00, 0x00, 0x00, 0x00, 0x00, 0x00, 0x00, 0x00, 0x00, 0x00, 0x00, 0x00, 0x00, 
	0x00, 0x00, 0x00, 0x00, 0x00, 0x00, 0x00, 0x00, 0x00, 0x00, 0x00, 0x00, 0x00, 0x00, 0x00, 0x00, 
	0x00, 0x00, 0x00, 0x00, 0x00, 0x00, 0x00, 0x00, 0x00, 0x00, 0x00, 0x00, 0x00, 0x00, 0x00, 0x00, 
	0x00, 0x00, 0x00, 0x00, 0x00, 0x00, 0x00, 0x00, 0x00, 0x00, 0x00, 0x00, 0x00, 0x00, 0x00, 0x00, 
	0x00, 0x00, 0x00, 0x00, 0x00, 0x00, 0x00, 0x00, 0x00, 0x00, 0x00, 0x00, 0x00, 0x00, 0x00, 0x00, 
	0x00, 0x00, 0x00, 0x00, 0x00, 0x00, 0x00, 0x00, 0x00, 0x00, 0x00, 0x00, 0x00, 0x00, 0x00, 0x00, 
	0x00, 0x00, 0x00, 0x00, 0x00, 0x00, 0x00, 0x00, 0x00, 0x00, 0x00, 0x00, 0x00, 0x00, 0x00, 0x00, 
	0x00, 0x00, 0x00, 0x00, 0x00, 0x00, 0x00, 0x00, 0x00, 0x00, 0x00, 0x00, 0x00, 0x00, 0x00, 0x00, 
	0x00, 0x00, 0x00, 0x00, 0x00, 0x00, 0x09, 0xCD, 0x09, 0xCD, 0x09, 0xCD, 0x09, 0xCD, 0x09, 0xCD, 
	0x09, 0xCD, 0x09, 0xCD, 0x09, 0xCD, 0x09, 0xCD, 0x09, 0xCD, 0x09, 0xCD, 0x09, 0xCD, 0x09, 0xCD, 
	0x09, 0xCD, 0x09, 0xCD, 0x09, 0xCD, 0x09, 0xCD, 0x09, 0xCD, 0x09, 0xCD, 0x09, 0xCD, 0x00, 0x00, 
	0x00, 0x00, 0x00, 0x00, 0x00, 0x00, 0x00, 0x00, 0x00, 0x00, 0x00, 0x00, 0x00, 0x00, 0x00, 0x00, 
	0x00, 0x00, 0x00, 0x00, 0x00, 0x00, 0x00, 0x00, 0x00, 0x00, 0x00, 0x00, 0x00, 0x00, 0x00, 0x00, 
	0x00, 0x00, 0x00, 0x00, 0x00, 0x00, 0x00, 0x00, 0x00, 0x00, 0x00, 0x00, 0x00, 0x00, 0x00, 0x00, 
	0x00, 0x00, 0x00, 0x00, 0x00, 0x00, 0x00, 0x00, 0x00, 0x00, 0x00, 0x00, 0x00, 0x00, 0x00, 0x00, 
	0x00, 0x00, 0x00, 0x00, 0x00, 0x00, 0x00, 0x00, 0x00, 0x00, 0x00, 0x00, 0x00, 0x00, 0x00, 0x00, 
	0x00, 0x00, 0x00, 0x00, 0x00, 0x00, 0x00, 0x00, 0x00, 0x00, 0x00, 0x00, 0x00, 0x00, 0x00, 0x00, 
	0x00, 0x00, 0x00, 0x00, 0x00, 0x00, 0x00, 0x00, 0x00, 0x00, 0x00, 0x00, 0x00, 0x00, 0x00, 0x00, 
	0x00, 0x00, 0x00, 0x00, 0x00, 0x00, 0x00, 0x00, 0x00, 0x00, 0x00, 0x00, 0x00, 0x00, 0x00, 0x00, 
	0x00, 0x00, 0x00, 0x00, 0x00, 0x00, 0x00, 0x00, 0x00, 0x00, 0x00, 0x00, 0x00, 0x00, 0x00, 0x00, 
	0x00, 0x00, 0x00, 0x00, 0x00, 0x00, 0x00, 0x00, 0x00, 0x00, 0x00, 0x00, 0x00, 0x00, 0x00, 0x00, 
	0x00, 0x00, 0x00, 0x00, 0x00, 0x00, 0x00, 0x00, 0x00, 0x00, 0x00, 0x00, 0x00, 0x00, 0x00, 0x00, 
	0x00, 0x00, 0x00, 0x00, 0x00, 0x00, 0x00, 0x00, 0x00, 0x00, 0x00, 0x00, 0x00, 0x00, 0x00, 0x00, 
	0x00, 0x63, 0x00, 0x63, 0x00, 0x00, 0x00, 0x00, 0x00, 0x00, 0x00, 0x00, 0x00, 0x00, 0x00, 0x00, 
	0x00, 0x00, 0x00, 0x00, 0x00, 0x00, 0x00, 0x00, 0x00, 0x00, 0x00, 0x00, 0x00, 0x00, 0x00, 0x00, 
	0x00, 0x00, 0x00, 0x00, 0x00, 0x00, 0x00, 0x00, 0x00, 0x00, 0x00, 0x00, 0x00, 0x00, 0x00, 0x00, 
	0x00, 0x00, 0x00, 0x00, 0x00, 0x00, 0x00, 0x00, 0x00, 0x00, 0x00, 0x00, 0x00, 0x00, 0x00, 0x00, 
	0x00, 0x00, 0x00, 0x00, 0x00, 0x00, 0x00, 0x00, 0x00, 0x00, 0x00, 0x00, 0x00, 0x00, 0x00, 0x00, 
	0x00, 0x00, 0x00, 0x00, 0x00, 0x00, 0x00, 0x00, 0x00, 0x00, 0x00, 0x00, 0x00, 0x00, 0x00, 0x00, 
	0x00, 0x00, 0x00, 0x00, 0x00, 0x00, 0x00, 0x00, 0x00, 0x00, 0x00, 0x00, 0x00, 0x00, 0x00, 0x00, 
	0x00, 0x00, 0x00, 0x00, 0x00, 0x00, 0x00, 0x00, 0x00, 0x00, 0x00, 0x00, 0x00, 0x00, 0x00, 0x00, 
	0x00, 0x00, 0x00, 0x00, 0x00, 0x00, 0x00, 0x00, 0x00, 0x00, 0x00, 0x00, 0x00, 0x00, 0x00, 0x00, 
	0x00, 0x00, 0x00, 0x00, 0x00, 0x00, 0x00, 0x00, 0x00, 0x00, 0x00, 0x00, 0x00, 0x00, 0x00, 0x00, 
	0x00, 0x00, 0x00, 0x00, 0x00, 0x00, 0x00, 0x00, 0x00, 0x00, 0x00, 0x00, 0x00, 0x00, 0x00, 0x00, 
	0x00, 0x00, 0x00, 0x00, 0x00, 0x00, 0x00, 0x00, 0x00, 0x00, 0x00, 0x00, 0x00, 0x00, 0x00, 0x00, 
	0x00, 0x00, 0x00, 0x00, 0x00, 0x00, 0x00, 0x00, 0x00, 0x00, 0x00, 0x00, 0x00, 0x00, 0x00, 0x00, 
	0x00, 0x00, 0x00, 0x00, 0x00, 0x00, 0x00, 0x00, 0x00, 0x00, 0x00, 0x00, 0x00, 0x00, 0x00, 0x00, 
	0x00, 0x00, 0x00, 0x00, 0x00, 0x00, 0x00, 0x00, 0x00, 0x00, 0x00, 0x00, 0x00, 0x00, 0x00, 0x00, 
	0x00, 0x00, 0x00, 0x00, 0x00, 0x00, 0x00, 0x00, 0x00, 0x00, 0x00, 0x00, 0x00, 0x00, 0x00, 0x00, 
	0x00, 0x00, 0x00, 0x00, 0x00, 0x00, 0x00, 0x00, 0x00, 0x00, 0x00, 0x00, 0x00, 0x00, 0x00, 0x00, 
	0x00, 0x00, 0x00, 0x00, 0x00, 0x00, 0x00, 0x00, 0x00, 0x00, 0x00, 0x00, 0x00, 0x00, 0x00, 0x00, 
	0x00, 0x00, 0x00, 0x00, 0x00, 0x00, 0x00, 0x00, 0x00, 0x00, 0x00, 0x00, 0x00, 0x00, 0x00, 0x00, 
	0x00, 0x00, 0x00, 0x00, 0x00, 0x00, 0x00, 0x00, 0x00, 0x00, 0x00, 0x00, 0x00, 0x00, 0x00, 0x00, 
	0x00, 0x00, 0x00, 0x00, 0x00, 0x00, 0x00, 0x00, 0x00, 0x00, 0x00, 0x00, 0x00, 0x00, 0x00, 0x00, 
	0x00, 0x00, 0x00, 0x00, 0x00, 0x00, 0x00, 0x00, 0x00, 0x00, 0x00, 0x00, 0x00, 0x00, 0x00, 0x00, 
	0x00, 0x00, 0x00, 0x00, 0x00, 0x00, 0x00, 0x00, 0x00, 0x00, 0x00, 0x00, 0x00, 0x00, 0x00, 0x00, 
	0x00, 0x00, 0x00, 0x00, 0x00, 0x00, 0x00, 0x00, 0x00, 0x00, 0x00, 0x00, 0x00, 0x00, 0x00, 0x00, 
	0x00, 0x00, 0x00, 0x00, 0x00, 0x00, 0x00, 0x00, 0x00, 0x00, 0x00, 0x00, 0x00, 0x00, 0x00, 0x00, 
	0x00, 0x00, 0x00, 0x00, 0x00, 0x00, 0x09, 0xCD, 0x09, 0xCD, 0x09, 0xCD, 0x09, 0xCD, 0x09, 0xCD, 
	0x09, 0xCD, 0x09, 0xCD, 0x09, 0xCD, 0x09, 0xCD, 0x09, 0xCD, 0x09, 0xCD, 0x09, 0xCD, 0x09, 0xCD, 
	0x09, 0xCD, 0x09, 0xCD, 0x09, 0xCD, 0x09, 0xCD, 0x09, 0xCD, 0x09, 0xCD, 0x00, 0x00, 0x00, 0x00, 
	0x00, 0x00, 0x00, 0x00, 0x00, 0x00, 0x00, 0x00, 0x00, 0x00, 0x00, 0x00, 0x00, 0x00, 0x00, 0x00, 
	0x00, 0x00, 0x00, 0x00, 0x00, 0x00, 0x00, 0x00, 0x00, 0x00, 0x00, 0x00, 0x00, 0x00, 0x00, 0x00, 
	0x00, 0x00, 0x00, 0x00, 0x00, 0x00, 0x00, 0x00, 0x00, 0x00, 0x00, 0x00, 0x00, 0x00, 0x00, 0x00, 
	0x00, 0x00, 0x00, 0x00, 0x00, 0x00, 0x00, 0x00, 0x00, 0x00, 0x00, 0x00, 0x00, 0x00, 0x00, 0x00, 
	0x00, 0x00, 0x00, 0x00, 0x00, 0x00, 0x00, 0x00, 0x00, 0x00, 0x00, 0x00, 0x00, 0x00, 0x00, 0x00, 
	0x00, 0x00, 0x00, 0x00, 0x00, 0x00, 0x00, 0x00, 0x00, 0x00, 0x00, 0x00, 0x00, 0x00, 0x00, 0x00, 
	0x00, 0x00, 0x00, 0x00, 0x00, 0x00, 0x00, 0x00, 0x00, 0x00, 0x00, 0x00, 0x00, 0x00, 0x00, 0x00, 
	0x00, 0x00, 0x00, 0x00, 0x00, 0x00, 0x00, 0x00, 0x00, 0x00, 0x00, 0x00, 0x00, 0x00, 0x00, 0x00, 
	0x00, 0x00, 0x00, 0x00, 0x00, 0x00, 0x00, 0x00, 0x00, 0x00, 0x00, 0x00, 0x00, 0x00, 0x00, 0x00, 
	0x00, 0x00, 0x00, 0x00, 0x00, 0x00, 0x00, 0x00, 0x00, 0x00, 0x00, 0x00, 0x00, 0x00, 0x00, 0x00, 
	0x00, 0x00, 0x00, 0x00, 0x00, 0x00, 0x00, 0x00, 0x00, 0x00, 0x00, 0x00, 0x00, 0x00, 0x00, 0x00, 
	0x00, 0x00, 0x00, 0xE6, 0x09, 0xCD, 0x09, 0xCD, 0x09, 0xCD, 0x09, 0xCD, 0x09, 0xCD, 0x09, 0xCD, 
	0x09, 0xCD, 0x09, 0xCD, 0x09, 0xCD, 0x09, 0xCD, 0x09, 0xCD, 0x09, 0xCD, 0x09, 0xCD, 0x01, 0x08, 
	0x00, 0x00, 0x00, 0x00, 0x00, 0x00, 0x00, 0x00, 0x00, 0x00, 0x00, 0x00, 0x00, 0x00, 0x00, 0x00, 
	0x00, 0x00, 0x00, 0x00, 0x00, 0x00, 0x00, 0x00, 0x00, 0x00, 0x00, 0x00, 0x00, 0x00, 0x00, 0x00, 
	0x00, 0x00, 0x00, 0x00, 0x00, 0x00, 0x00, 0x00, 0x00, 0x00, 0x00, 0x00, 0x00, 0x00, 0x00, 0x00, 
	0x00, 0x00, 0x00, 0x00, 0x00, 0x00, 0x00, 0x00, 0x00, 0x00, 0x00, 0x00, 0x00, 0x00, 0x00, 0x00, 
	0x00, 0x00, 0x00, 0x00, 0x00, 0x00, 0x00, 0x00, 0x00, 0x00, 0x00, 0x00, 0x00, 0x00, 0x00, 0x00, 
	0x00, 0x00, 0x00, 0x00, 0x00, 0x00, 0x00, 0x00, 0x00, 0x00, 0x00, 0x00, 0x00, 0x00, 0x00, 0x00, 
	0x00, 0x00, 0x00, 0x00, 0x00, 0x00, 0x00, 0x00, 0x00, 0x00, 0x00, 0x00, 0x00, 0x00, 0x00, 0x00, 
	0x00, 0x00, 0x00, 0x00, 0x00, 0x00, 0x00, 0x00, 0x00, 0x00, 0x00, 0x00, 0x00, 0x00, 0x00, 0x00, 
	0x00, 0x00, 0x00, 0x00, 0x00, 0x00, 0x00, 0x00, 0x00, 0x00, 0x00, 0x00, 0x00, 0x00, 0x00, 0x00, 
	0x00, 0x00, 0x00, 0x00, 0x00, 0x00, 0x00, 0x00, 0x00, 0x00, 0x00, 0x00, 0x00, 0x00, 0x00, 0x00, 
	0x00, 0x00, 0x00, 0x00, 0x00, 0x00, 0x00, 0x00, 0x00, 0x00, 0x00, 0x00, 0x00, 0x00, 0x00, 0x00, 
	0x00, 0x00, 0x00, 0x00, 0x00, 0x00, 0x00, 0x00, 0x00, 0x00, 0x00, 0x00, 0x00, 0x00, 0x00, 0x00, 
	0x00, 0x00, 0x00, 0x00, 0x00, 0x00, 0x00, 0x00, 0x00, 0x00, 0x00, 0x00, 0x00, 0x00, 0x00, 0x00, 
	0x00, 0x00, 0x00, 0x00, 0x00, 0x00, 0x00, 0x00, 0x00, 0x00, 0x00, 0x00, 0x00, 0x00, 0x00, 0x00, 
	0x00, 0x00, 0x00, 0x00, 0x00, 0x00, 0x00, 0x00, 0x00, 0x00, 0x00, 0x00, 0x00, 0x00, 0x00, 0x00, 
	0x00, 0x00, 0x00, 0x00, 0x00, 0x00, 0x00, 0x00, 0x00, 0x00, 0x00, 0x00, 0x00, 0x00, 0x00, 0x00, 
	0x00, 0x00, 0x00, 0x00, 0x00, 0x00, 0x00, 0x00, 0x00, 0x00, 0x00, 0x00, 0x00, 0x00, 0x00, 0x00, 
	0x00, 0x00, 0x00, 0x00, 0x00, 0x00, 0x00, 0x00, 0x00, 0x00, 0x00, 0x00, 0x00, 0x00, 0x00, 0x00, 
	0x00, 0x00, 0x00, 0x00, 0x00, 0x00, 0x00, 0x00, 0x00, 0x00, 0x00, 0x00, 0x00, 0x00, 0x00, 0x00, 
	0x00, 0x00, 0x00, 0x00, 0x00, 0x00, 0x00, 0x00, 0x00, 0x00, 0x00, 0x00, 0x00, 0x00, 0x00, 0x00, 
	0x00, 0x00, 0x00, 0x00, 0x00, 0x00, 0x00, 0x00, 0x00, 0x00, 0x00, 0x00, 0x00, 0x00, 0x00, 0x00, 
	0x00, 0x00, 0x00, 0x00, 0x00, 0x00, 0x00, 0x00, 0x00, 0x00, 0x00, 0x00, 0x00, 0x00, 0x00, 0x00, 
	0x00, 0x00, 0x00, 0x00, 0x00, 0x00, 0x00, 0x00, 0x00, 0x00, 0x00, 0x00, 0x00, 0x00, 0x00, 0x00, 
	0x00, 0x00, 0x00, 0x00, 0x00, 0x00, 0x00, 0x00, 0x00, 0x00, 0x00, 0x00, 0x00, 0x00, 0x00, 0x00, 
	0x00, 0x00, 0x00, 0x00, 0x00, 0x00, 0x09, 0xCD, 0x09, 0xCD, 0x09, 0xCD, 0x09, 0xCD, 0x09, 0xCD, 
	0x09, 0xCD, 0x09, 0xCD, 0x09, 0xCD, 0x09, 0xCD, 0x09, 0xCD, 0x09, 0xCD, 0x09, 0xCD, 0x09, 0xCD, 
	0x09, 0xCD, 0x09, 0xCD, 0x09, 0xCD, 0x09, 0xCD, 0x09, 0xCD, 0x09, 0xCD, 0x00, 0x00, 0x00, 0x00, 
	0x00, 0x00, 0x00, 0x00, 0x00, 0x00, 0x00, 0x00, 0x00, 0x00, 0x00, 0x00, 0x00, 0x00, 0x00, 0x00, 
	0x00, 0x00, 0x00, 0x00, 0x00, 0x00, 0x00, 0x00, 0x00, 0x00, 0x00, 0x00, 0x00, 0x00, 0x00, 0x00, 
	0x00, 0x00, 0x00, 0x00, 0x00, 0x00, 0x00, 0x00, 0x00, 0x00, 0x00, 0x00, 0x00, 0x00, 0x00, 0x00, 
	0x00, 0x00, 0x00, 0x00, 0x00, 0x00, 0x00, 0x00, 0x00, 0x00, 0x00, 0x00, 0x00, 0x00, 0x00, 0x00, 
	0x00, 0x00, 0x00, 0x00, 0x00, 0x00, 0x00, 0x00, 0x00, 0x00, 0x00, 0x00, 0x00, 0x00, 0x00, 0x00, 
	0x00, 0x00, 0x00, 0x00, 0x00, 0x00, 0x00, 0x00, 0x00, 0x00, 0x00, 0x00, 0x00, 0x00, 0x00, 0x00, 
	0x00, 0x00, 0x00, 0x00, 0x00, 0x00, 0x00, 0x00, 0x00, 0x00, 0x00, 0x00, 0x00, 0x00, 0x00, 0x00, 
	0x00, 0x00, 0x00, 0x00, 0x00, 0x00, 0x00, 0x00, 0x00, 0x00, 0x00, 0x00, 0x00, 0x00, 0x00, 0x00, 
	0x00, 0x00, 0x00, 0x00, 0x00, 0x00, 0x00, 0x00, 0x00, 0x00, 0x00, 0x00, 0x00, 0x00, 0x00, 0x00, 
	0x00, 0x00, 0x00, 0x00, 0x00, 0x00, 0x00, 0x00, 0x00, 0x00, 0x00, 0x00, 0x00, 0x00, 0x00, 0x00, 
	0x00, 0x00, 0x00, 0x00, 0x00, 0x00, 0x00, 0x00, 0x00, 0x00, 0x00, 0x00, 0x01, 0x29, 0x09, 0xCD, 
	0x09, 0xCD, 0x09, 0xCD, 0x09, 0xCD, 0x09, 0xCD, 0x09, 0xCD, 0x09, 0xCD, 0x09, 0xCD, 0x09, 0xCD, 
	0x09, 0xCD, 0x09, 0xCD, 0x09, 0xCD, 0x09, 0xCD, 0x09, 0xCD, 0x09, 0xCD, 0x09, 0xCD, 0x09, 0xCD, 
	0x09, 0xCD, 0x09, 0xCD, 0x09, 0x6B, 0x00, 0x00, 0x00, 0x00, 0x00, 0x00, 0x00, 0x00, 0x00, 0x00, 
	0x00, 0x00, 0x00, 0x00, 0x00, 0x00, 0x00, 0x00, 0x00, 0x00, 0x00, 0x00, 0x00, 0x00, 0x00, 0x00, 
	0x00, 0x00, 0x00, 0x00, 0x00, 0x00, 0x00, 0x00, 0x00, 0x00, 0x00, 0x00, 0x00, 0x00, 0x00, 0x00, 
	0x00, 0x00, 0x00, 0x00, 0x00, 0x00, 0x00, 0x00, 0x00, 0x00, 0x00, 0x00, 0x00, 0x00, 0x00, 0x00, 
	0x00, 0x00, 0x00, 0x00, 0x00, 0x00, 0x00, 0x00, 0x00, 0x00, 0x00, 0x00, 0x00, 0x00, 0x00, 0x00, 
	0x00, 0x00, 0x00, 0x00, 0x00, 0x00, 0x00, 0x00, 0x00, 0x00, 0x00, 0x00, 0x00, 0x00, 0x00, 0x00, 
	0x00, 0x00, 0x00, 0x00, 0x00, 0x00, 0x00, 0x00, 0x00, 0x00, 0x00, 0x00, 0x00, 0x00, 0x00, 0x00, 
	0x00, 0x00, 0x00, 0x00, 0x00, 0x00, 0x00, 0x00, 0x00, 0x00, 0x00, 0x00, 0x00, 0x00, 0x00, 0x00, 
	0x00, 0x00, 0x00, 0x00, 0x00, 0x00, 0x00, 0x00, 0x00, 0x00, 0x00, 0x00, 0x00, 0x00, 0x00, 0x00, 
	0x00, 0x00, 0x00, 0x00, 0x00, 0x00, 0x00, 0x00, 0x00, 0x00, 0x00, 0x00, 0x00, 0x00, 0x00, 0x00, 
	0x00, 0x00, 0x00, 0x00, 0x00, 0x00, 0x00, 0x00, 0x00, 0x00, 0x00, 0x00, 0x00, 0x00, 0x00, 0x00, 
	0x00, 0x00, 0x00, 0x00, 0x00, 0x00, 0x00, 0x00, 0x00, 0x00, 0x00, 0x00, 0x00, 0x00, 0x00, 0x00, 
	0x00, 0x00, 0x00, 0x00, 0x00, 0x00, 0x00, 0x00, 0x00, 0x00, 0x00, 0x00, 0x00, 0x00, 0x00, 0x00, 
	0x00, 0x00, 0x00, 0x00, 0x00, 0x00, 0x00, 0x00, 0x00, 0x00, 0x00, 0x00, 0x00, 0x00, 0x00, 0x00, 
	0x00, 0x00, 0x00, 0x00, 0x00, 0x00, 0x00, 0x00, 0x00, 0x00, 0x00, 0x00, 0x00, 0x00, 0x00, 0x00, 
	0x00, 0x00, 0x00, 0x00, 0x00, 0x00, 0x00, 0x00, 0x00, 0x00, 0x00, 0x00, 0x00, 0x00, 0x00, 0x00, 
	0x00, 0x00, 0x00, 0x00, 0x00, 0x00, 0x00, 0x00, 0x00, 0x00, 0x00, 0x00, 0x00, 0x00, 0x00, 0x00, 
	0x00, 0x00, 0x00, 0x00, 0x00, 0x00, 0x00, 0x00, 0x00, 0x00, 0x00, 0x00, 0x00, 0x00, 0x00, 0x00, 
	0x00, 0x00, 0x00, 0x00, 0x00, 0x00, 0x00, 0x00, 0x00, 0x00, 0x00, 0x00, 0x00, 0x00, 0x00, 0x00, 
	0x00, 0x00, 0x00, 0x00, 0x00, 0x00, 0x00, 0x00, 0x00, 0x00, 0x00, 0x00, 0x00, 0x00, 0x00, 0x00, 
	0x00, 0x00, 0x00, 0x00, 0x00, 0x00, 0x00, 0x00, 0x00, 0x00, 0x00, 0x00, 0x00, 0x00, 0x00, 0x00, 
	0x00, 0x00, 0x00, 0x00, 0x00, 0x00, 0x00, 0x00, 0x00, 0x00, 0x00, 0x00, 0x00, 0x00, 0x00, 0x00, 
	0x00, 0x00, 0x00, 0x00, 0x00, 0x00, 0x00, 0x00, 0x00, 0x00, 0x00, 0x00, 0x00, 0x00, 0x00, 0x00, 
	0x00, 0x00, 0x00, 0x00, 0x00, 0x00, 0x00, 0x00, 0x00, 0x00, 0x00, 0x00, 0x00, 0x00, 0x00, 0x00, 
	0x00, 0x00, 0x00, 0x00, 0x01, 0x29, 0x09, 0xCD, 0x09, 0xCD, 0x09, 0xCD, 0x09, 0xCD, 0x09, 0xCD, 
	0x09, 0xCD, 0x09, 0xCD, 0x09, 0xCD, 0x09, 0xCD, 0x09, 0xCD, 0x09, 0xCD, 0x09, 0xCD, 0x09, 0xCD, 
	0x09, 0xCD, 0x09, 0xCD, 0x09, 0xCD, 0x09, 0xCD, 0x09, 0xCD, 0x09, 0x8B, 0x00, 0x00, 0x00, 0x00, 
	0x00, 0x00, 0x00, 0x00, 0x00, 0x00, 0x00, 0x00, 0x00, 0x00, 0x00, 0x00, 0x00, 0x00, 0x00, 0x00, 
	0x00, 0x00, 0x00, 0x00, 0x00, 0x00, 0x00, 0x00, 0x00, 0x00, 0x00, 0x00, 0x00, 0x00, 0x00, 0x00, 
	0x00, 0x00, 0x00, 0x00, 0x00, 0x00, 0x00, 0x00, 0x00, 0x00, 0x00, 0x00, 0x00, 0x00, 0x00, 0x00, 
	0x00, 0x00, 0x00, 0x00, 0x00, 0x00, 0x00, 0x00, 0x00, 0x00, 0x00, 0x00, 0x00, 0x00, 0x00, 0x00, 
	0x00, 0x00, 0x00, 0x00, 0x00, 0x00, 0x00, 0x00, 0x00, 0x00, 0x00, 0x00, 0x00, 0x00, 0x00, 0x00, 
	0x00, 0x00, 0x00, 0x00, 0x00, 0x00, 0x00, 0x00, 0x00, 0x00, 0x00, 0x00, 0x00, 0x00, 0x00, 0x00, 
	0x00, 0x00, 0x00, 0x00, 0x00, 0x00, 0x00, 0x00, 0x00, 0x00, 0x00, 0x00, 0x00, 0x00, 0x00, 0x00, 
	0x00, 0x00, 0x00, 0x00, 0x00, 0x00, 0x00, 0x00, 0x00, 0x00, 0x00, 0x00, 0x00, 0x00, 0x00, 0x00, 
	0x00, 0x00, 0x00, 0x00, 0x00, 0x00, 0x00, 0x00, 0x00, 0x00, 0x00, 0x00, 0x00, 0x00, 0x00, 0x00, 
	0x00, 0x00, 0x00, 0x00, 0x00, 0x00, 0x00, 0x00, 0x00, 0x00, 0x00, 0x00, 0x00, 0x00, 0x00, 0x00, 
	0x00, 0x00, 0x00, 0x00, 0x00, 0x00, 0x00, 0x00, 0x09, 0x8B, 0x09, 0xCD, 0x09, 0xCD, 0x09, 0xCD, 
	0x09, 0xCD, 0x09, 0xCD, 0x09, 0xCD, 0x09, 0xCD, 0x09, 0xCD, 0x09, 0xCD, 0x09, 0xCD, 0x09, 0xCD, 
	0x09, 0xCD, 0x09, 0xCD, 0x09, 0xCD, 0x09, 0xCD, 0x09, 0xCD, 0x09, 0xCD, 0x09, 0xCD, 0x09, 0xCD, 
	0x09, 0xCD, 0x09, 0xCD, 0x09, 0xCD, 0x09, 0xCD, 0x09, 0xCD, 0x00, 0x00, 0x00, 0x00, 0x00, 0x00, 
	0x00, 0x00, 0x00, 0x00, 0x00, 0x00, 0x00, 0x00, 0x00, 0x00, 0x00, 0x00, 0x00, 0x00, 0x00, 0x00, 
	0x00, 0x00, 0x00, 0x00, 0x00, 0x00, 0x00, 0x00, 0x00, 0x00, 0x00, 0x00, 0x00, 0x00, 0x00, 0x00, 
	0x00, 0x00, 0x00, 0x00, 0x00, 0x00, 0x00, 0x00, 0x00, 0x00, 0x00, 0x00, 0x00, 0x00, 0x00, 0x00, 
	0x00, 0x00, 0x00, 0x00, 0x00, 0x00, 0x00, 0x00, 0x00, 0x00, 0x00, 0x00, 0x00, 0x00, 0x00, 0x00, 
	0x00, 0x00, 0x00, 0x00, 0x00, 0x00, 0x00, 0x00, 0x00, 0x00, 0x00, 0x00, 0x00, 0x41, 0x1C, 0xF7, 
	0x25, 0xBA, 0x25, 0xBA, 0x25, 0xBA, 0x25, 0xBA, 0x25, 0xBA, 0x25, 0xBA, 0x25, 0xBA, 0x13, 0x2F, 
	0x00, 0x00, 0x00, 0x00, 0x00, 0x00, 0x00, 0x00, 0x00, 0x00, 0x00, 0x00, 0x00, 0x00, 0x00, 0x00, 
	0x00, 0x00, 0x00, 0x00, 0x00, 0x00, 0x00, 0x00, 0x00, 0x00, 0x00, 0x00, 0x00, 0x00, 0x00, 0x00, 
	0x00, 0x00, 0x00, 0x00, 0x00, 0x00, 0x00, 0x00, 0x00, 0x00, 0x00, 0x00, 0x00, 0x00, 0x00, 0x00, 
	0x00, 0x00, 0x00, 0x00, 0x00, 0x00, 0x00, 0x00, 0x00, 0x00, 0x00, 0x00, 0x00, 0x00, 0x00, 0x00, 
	0x12, 0xCD, 0x25, 0xBA, 0x25, 0xBA, 0x25, 0xBA, 0x25, 0xBA, 0x25, 0xBA, 0x25, 0xBA, 0x25, 0xBA, 
	0x1C, 0x54, 0x00, 0x00, 0x00, 0x00, 0x00, 0x00, 0x00, 0x00, 0x00, 0x00, 0x00, 0x00, 0x00, 0x00, 
	0x00, 0x00, 0x00, 0x00, 0x00, 0x00, 0x00, 0x00, 0x00, 0x00, 0x00, 0x00, 0x00, 0x00, 0x00, 0x00, 
	0x00, 0x00, 0x00, 0x00, 0x00, 0x00, 0x00, 0x00, 0x00, 0x00, 0x00, 0x00, 0x00, 0x00, 0x00, 0x00, 
	0x00, 0x00, 0x00, 0x00, 0x00, 0x00, 0x00, 0x00, 0x00, 0x00, 0x00, 0x00, 0x00, 0x00, 0x00, 0x00, 
	0x00, 0x00, 0x12, 0xCD, 0x25, 0xBA, 0x25, 0xBA, 0x25, 0xBA, 0x25, 0xBA, 0x25, 0xBA, 0x25, 0xBA, 
	0x25, 0xBA, 0x1D, 0x59, 0x00, 0x41, 0x00, 0x00, 0x00, 0x00, 0x00, 0x00, 0x00, 0x00, 0x00, 0x00, 
	0x00, 0x00, 0x00, 0x00, 0x00, 0x00, 0x00, 0x00, 0x00, 0x00, 0x00, 0x00, 0x00, 0x00, 0x00, 0x00, 
	0x00, 0x00, 0x00, 0x00, 0x00, 0x00, 0x00, 0x00, 0x00, 0x00, 0x00, 0x00, 0x00, 0x00, 0x00, 0x00, 
	0x00, 0x00, 0x00, 0x00, 0x00, 0x00, 0x00, 0x00, 0x00, 0x00, 0x00, 0x00, 0x00, 0x00, 0x00, 0x00, 
	0x00, 0x00, 0x00, 0x00, 0x00, 0x00, 0x00, 0x00, 0x00, 0x00, 0x00, 0x00, 0x00, 0x00, 0x00, 0x00, 
	0x00, 0x00, 0x00, 0x00, 0x00, 0x00, 0x00, 0x00, 0x00, 0x00, 0x00, 0x00, 0x00, 0x00, 0x00, 0x00, 
	0x00, 0x00, 0x00, 0x00, 0x00, 0x00, 0x00, 0x00, 0x00, 0x00, 0x00, 0x00, 0x00, 0x00, 0x00, 0x00, 
	0x00, 0x00, 0x00, 0x00, 0x09, 0xCD, 0x09, 0xCD, 0x09, 0xCD, 0x09, 0xCD, 0x09, 0xCD, 0x09, 0xCD, 
	0x09, 0xCD, 0x09, 0xCD, 0x09, 0xCD, 0x09, 0xCD, 0x09, 0xCD, 0x09, 0xCD, 0x09, 0xCD, 0x09, 0xCD, 
	0x09, 0xCD, 0x09, 0xCD, 0x09, 0xCD, 0x09, 0xCD, 0x09, 0xCD, 0x00, 0x00, 0x00, 0x00, 0x00, 0x00, 
	0x00, 0x00, 0x00, 0x00, 0x00, 0x00, 0x00, 0x00, 0x00, 0x00, 0x00, 0x00, 0x00, 0x00, 0x00, 0x00, 
	0x00, 0x00, 0x00, 0x00, 0x00, 0x00, 0x00, 0x00, 0x00, 0x00, 0x00, 0x00, 0x00, 0x00, 0x00, 0x00, 
	0x00, 0x00, 0x00, 0x00, 0x00, 0x00, 0x00, 0x00, 0x00, 0x00, 0x00, 0x00, 0x00, 0x00, 0x00, 0x00, 
	0x00, 0x00, 0x00, 0x00, 0x00, 0x00, 0x00, 0x00, 0x00, 0x00, 0x00, 0x00, 0x00, 0x00, 0x00, 0x00, 
	0x00, 0x00, 0x00, 0x00, 0x00, 0x00, 0x00, 0x00, 0x00, 0x00, 0x00, 0x00, 0x00, 0x00, 0x00, 0x00, 
	0x00, 0x00, 0x00, 0x00, 0x00, 0x00, 0x00, 0x00, 0x00, 0x00, 0x00, 0x00, 0x00, 0x00, 0x00, 0x00, 
	0x00, 0x00, 0x00, 0x00, 0x00, 0x00, 0x00, 0x00, 0x00, 0x00, 0x00, 0x00, 0x00, 0x00, 0x00, 0x00, 
	0x00, 0x00, 0x00, 0x00, 0x00, 0x00, 0x00, 0x00, 0x00, 0x00, 0x00, 0x00, 0x00, 0x00, 0x00, 0x00, 
	0x00, 0x00, 0x00, 0x00, 0x00, 0x00, 0x00, 0x00, 0x00, 0x00, 0x00, 0x00, 0x00, 0x00, 0x00, 0x00, 
	0x00, 0x00, 0x00, 0x00, 0x00, 0x00, 0x00, 0x00, 0x00, 0x00, 0x00, 0x00, 0x00, 0x00, 0x00, 0x00, 
	0x00, 0x00, 0x00, 0x00, 0x09, 0x8B, 0x09, 0xCD, 0x09, 0xCD, 0x09, 0xCD, 0x09, 0xCD, 0x09, 0xCD, 
	0x09, 0xCD, 0x09, 0xCD, 0x09, 0xCD, 0x09, 0xCD, 0x09, 0xCD, 0x09, 0xCD, 0x09, 0xCD, 0x09, 0xCD, 
	0x09, 0xCD, 0x09, 0xCD, 0x09, 0xCD, 0x09, 0xCD, 0x09, 0xCD, 0x09, 0xCD, 0x09, 0xCD, 0x09, 0xCD, 
	0x09, 0xCD, 0x09, 0xCD, 0x09, 0xCD, 0x09, 0xCD, 0x09, 0xCD, 0x09, 0xCD, 0x09, 0xCD, 0x00, 0x00, 
	0x00, 0x00, 0x00, 0x00, 0x00, 0x00, 0x00, 0x00, 0x00, 0x00, 0x00, 0x00, 0x00, 0x00, 0x00, 0x00, 
	0x00, 0x00, 0x00, 0x00, 0x00, 0x00, 0x00, 0x00, 0x00, 0x00, 0x00, 0x00, 0x00, 0x00, 0x00, 0x00, 
	0x00, 0x00, 0x00, 0x00, 0x00, 0x00, 0x00, 0x00, 0x00, 0x00, 0x00, 0x00, 0x00, 0x00, 0x00, 0x00, 
	0x00, 0x00, 0x00, 0x00, 0x00, 0x00, 0x00, 0x00, 0x00, 0x00, 0x00, 0x00, 0x00, 0x00, 0x00, 0x00, 
	0x00, 0x00, 0x00, 0x00, 0x00, 0x00, 0x00, 0x00, 0x25, 0xBA, 0x25, 0xBA, 0x25, 0xBA, 0x25, 0xBA, 
	0x25, 0xBA, 0x25, 0xBA, 0x25, 0xBA, 0x25, 0xBA, 0x25, 0xBA, 0x25, 0xBA, 0x25, 0xBA, 0x25, 0xBA, 
	0x25, 0xBA, 0x25, 0xBA, 0x00, 0x00, 0x00, 0x00, 0x00, 0x00, 0x00, 0x00, 0x00, 0x00, 0x00, 0x00, 
	0x00, 0x00, 0x00, 0x00, 0x00, 0x00, 0x00, 0x00, 0x00, 0x00, 0x00, 0x00, 0x00, 0x00, 0x00, 0x00, 
	0x00, 0x00, 0x00, 0x00, 0x00, 0x00, 0x00, 0x00, 0x00, 0x00, 0x00, 0x00, 0x00, 0x00, 0x00, 0x00, 
	0x00, 0x00, 0x00, 0x00, 0x00, 0x00, 0x00, 0x00, 0x00, 0x00, 0x00, 0x00, 0x25, 0xBA, 0x25, 0xBA, 
	0x25, 0xBA, 0x25, 0xBA, 0x25, 0xBA, 0x25, 0xBA, 0x25, 0xBA, 0x25, 0xBA, 0x25, 0xBA, 0x25, 0xBA, 
	0x25, 0xBA, 0x25, 0xBA, 0x25, 0xBA, 0x0A, 0x8B, 0x00, 0x00, 0x00, 0x00, 0x00, 0x00, 0x00, 0x00, 
	0x00, 0x00, 0x00, 0x00, 0x00, 0x00, 0x00, 0x00, 0x00, 0x00, 0x00, 0x00, 0x00, 0x00, 0x00, 0x00, 
	0x00, 0x00, 0x00, 0x00, 0x00, 0x00, 0x00, 0x00, 0x00, 0x00, 0x00, 0x00, 0x00, 0x00, 0x00, 0x00, 
	0x00, 0x00, 0x00, 0x00, 0x00, 0x00, 0x00, 0x00, 0x00, 0x00, 0x00, 0x00, 0x0A, 0x2A, 0x25, 0xBA, 
	0x25, 0xBA, 0x25, 0xBA, 0x25, 0xBA, 0x25, 0xBA, 0x25, 0xBA, 0x25, 0xBA, 0x25, 0xBA, 0x25, 0xBA, 
	0x25, 0xBA, 0x25, 0xBA, 0x25, 0xBA, 0x25, 0xBA, 0x1D, 0x59, 0x00, 0x00, 0x00, 0x00, 0x00, 0x00, 
	0x00, 0x00, 0x00, 0x00, 0x00, 0x00, 0x00, 0x00, 0x00, 0x00, 0x00, 0x00, 0x00, 0x00, 0x00, 0x00, 
	0x00, 0x00, 0x00, 0x00, 0x00, 0x00, 0x00, 0x00, 0x00, 0x00, 0x00, 0x00, 0x00, 0x00, 0x00, 0x00, 
	0x00, 0x00, 0x00, 0x00, 0x00, 0x00, 0x00, 0x00, 0x00, 0x00, 0x00, 0x00, 0x00, 0x00, 0x00, 0x00, 
	0x00, 0x00, 0x00, 0x00, 0x00, 0x00, 0x00, 0x00, 0x25, 0xBA, 0x25, 0xBA, 0x25, 0xBA, 0x25, 0xBA, 
	0x25, 0xBA, 0x25, 0xBA, 0x25, 0xBA, 0x25, 0xBA, 0x25, 0xBA, 0x25, 0xBA, 0x25, 0xBA, 0x09, 0x66, 
	0x00, 0x00, 0x00, 0x00, 0x00, 0x00, 0x00, 0x00, 0x00, 0x00, 0x00, 0x00, 0x00, 0x00, 0x00, 0x00, 
	0x00, 0x00, 0x00, 0x00, 0x09, 0xCD, 0x09, 0xCD, 0x09, 0xCD, 0x09, 0xCD, 0x09, 0xCD, 0x09, 0xCD, 
	0x09, 0xCD, 0x09, 0xCD, 0x09, 0xCD, 0x09, 0xCD, 0x09, 0xCD, 0x09, 0xCD, 0x09, 0xCD, 0x09, 0xCD, 
	0x09, 0xCD, 0x09, 0xCD, 0x09, 0xCD, 0x09, 0xCD, 0x09, 0xCD, 0x00, 0x00, 0x00, 0x00, 0x00, 0x00, 
	0x00, 0x00, 0x00, 0x00, 0x00, 0x00, 0x00, 0x00, 0x00, 0x00, 0x00, 0x00, 0x00, 0x00, 0x00, 0x00, 
	0x00, 0x00, 0x00, 0x00, 0x00, 0x00, 0x00, 0x00, 0x00, 0x00, 0x00, 0x00, 0x00, 0x00, 0x00, 0x00, 
	0x00, 0x00, 0x00, 0x00, 0x00, 0x00, 0x00, 0x00, 0x00, 0x00, 0x00, 0x00, 0x00, 0x00, 0x00, 0x00, 
	0x00, 0x00, 0x00, 0x00, 0x00, 0x00, 0x00, 0x00, 0x00, 0x00, 0x00, 0x00, 0x00, 0x00, 0x00, 0x00, 
	0x00, 0x00, 0x00, 0x00, 0x00, 0x00, 0x00, 0x00, 0x00, 0x00, 0x00, 0x00, 0x00, 0x00, 0x00, 0x00, 
	0x00, 0x00, 0x00, 0x00, 0x00, 0x00, 0x00, 0x00, 0x00, 0x00, 0x00, 0x00, 0x00, 0x00, 0x00, 0x00, 
	0x00, 0x00, 0x00, 0x00, 0x00, 0x00, 0x00, 0x00, 0x00, 0x00, 0x00, 0x00, 0x00, 0x00, 0x00, 0x00, 
	0x00, 0x00, 0x00, 0x00, 0x00, 0x00, 0x00, 0x00, 0x00, 0x00, 0x00, 0x00, 0x00, 0x00, 0x00, 0x00, 
	0x00, 0x00, 0x00, 0x00, 0x00, 0x00, 0x00, 0x00, 0x00, 0x00, 0x00, 0x00, 0x00, 0x00, 0x00, 0x00, 
	0x00, 0x00, 0x00, 0x00, 0x00, 0x00, 0x00, 0x00, 0x00, 0x00, 0x00, 0x00, 0x00, 0x00, 0x00, 0x00, 
	0x09, 0xCD, 0x09, 0xCD, 0x09, 0xCD, 0x09, 0xCD, 0x09, 0xCD, 0x09, 0xCD, 0x09, 0xCD, 0x09, 0xCD, 
	0x09, 0xCD, 0x09, 0xCD, 0x09, 0xCD, 0x09, 0xCD, 0x09, 0xCD, 0x09, 0xCD, 0x09, 0xCD, 0x09, 0xCD, 
	0x09, 0xCD, 0x09, 0xCD, 0x09, 0xCD, 0x09, 0xCD, 0x09, 0xCD, 0x09, 0xCD, 0x09, 0xCD, 0x09, 0xCD, 
	0x09, 0xCD, 0x09, 0xCD, 0x09, 0xCD, 0x09, 0xCD, 0x09, 0xCD, 0x09, 0xCD, 0x09, 0xCD, 0x09, 0xCD, 
	0x09, 0xCD, 0x00, 0x00, 0x00, 0x00, 0x00, 0x00, 0x00, 0x00, 0x00, 0x00, 0x00, 0x00, 0x00, 0x00, 
	0x00, 0x00, 0x00, 0x00, 0x00, 0x00, 0x00, 0x00, 0x00, 0x00, 0x00, 0x00, 0x00, 0x00, 0x00, 0x00, 
	0x00, 0x00, 0x00, 0x00, 0x00, 0x00, 0x00, 0x00, 0x00, 0x00, 0x00, 0x00, 0x00, 0x00, 0x00, 0x00, 
	0x00, 0x00, 0x00, 0x00, 0x00, 0x00, 0x00, 0x00, 0x00, 0x00, 0x00, 0x00, 0x00, 0x00, 0x00, 0x00, 
	0x00, 0x00, 0x0A, 0x2A, 0x25, 0xBA, 0x25, 0xBA, 0x25, 0xBA, 0x25, 0xBA, 0x25, 0xBA, 0x25, 0xBA, 
	0x25, 0xBA, 0x25, 0xBA, 0x25, 0xBA, 0x25, 0xBA, 0x25, 0xBA, 0x25, 0xBA, 0x25, 0xBA, 0x25, 0xBA, 
	0x25, 0xBA, 0x25, 0xBA, 0x25, 0xBA, 0x25, 0xBA, 0x0A, 0x8B, 0x00, 0x00, 0x00, 0x00, 0x00, 0x00, 
	0x00, 0x00, 0x00, 0x00, 0x00, 0x00, 0x00, 0x00, 0x00, 0x00, 0x00, 0x00, 0x00, 0x00, 0x00, 0x00, 
	0x00, 0x00, 0x00, 0x00, 0x00, 0x00, 0x00, 0x00, 0x00, 0x00, 0x00, 0x00, 0x00, 0x00, 0x00, 0x00, 
	0x00, 0x00, 0x00, 0x00, 0x00, 0x00, 0x0A, 0x8B, 0x25, 0xBA, 0x25, 0xBA, 0x25, 0xBA, 0x25, 0xBA, 
	0x25, 0xBA, 0x25, 0xBA, 0x25, 0xBA, 0x25, 0xBA, 0x25, 0xBA, 0x25, 0xBA, 0x25, 0xBA, 0x25, 0xBA, 
	0x25, 0xBA, 0x25, 0xBA, 0x25, 0xBA, 0x25, 0xBA, 0x25, 0xBA, 0x25, 0xBA, 0x00, 0x00, 0x00, 0x00, 
	0x00, 0x00, 0x00, 0x00, 0x00, 0x00, 0x00, 0x00, 0x00, 0x00, 0x00, 0x00, 0x00, 0x00, 0x00, 0x00, 
	0x00, 0x00, 0x00, 0x00, 0x00, 0x00, 0x00, 0x00, 0x00, 0x00, 0x00, 0x00, 0x00, 0x00, 0x00, 0x00, 
	0x00, 0x00, 0x00, 0x00, 0x00, 0x00, 0x00, 0x00, 0x1D, 0x59, 0x25, 0xBA, 0x25, 0xBA, 0x25, 0xBA, 
	0x25, 0xBA, 0x25, 0xBA, 0x25, 0xBA, 0x25, 0xBA, 0x25, 0xBA, 0x25, 0xBA, 0x25, 0xBA, 0x25, 0xBA, 
	0x25, 0xBA, 0x25, 0xBA, 0x25, 0xBA, 0x25, 0xBA, 0x25, 0xBA, 0x25, 0xBA, 0x25, 0xBA, 0x00, 0x00, 
	0x00, 0x00, 0x00, 0x00, 0x00, 0x00, 0x00, 0x00, 0x00, 0x00, 0x00, 0x00, 0x00, 0x00, 0x00, 0x00, 
	0x00, 0x00, 0x00, 0x00, 0x00, 0x00, 0x00, 0x00, 0x00, 0x00, 0x00, 0x00, 0x00, 0x00, 0x00, 0x00, 
	0x00, 0x00, 0x00, 0x00, 0x00, 0x00, 0x00, 0x00, 0x00, 0x00, 0x00, 0x00, 0x00, 0x00, 0x00, 0x00, 
	0x00, 0x00, 0x00, 0x00, 0x00, 0x00, 0x25, 0xBA, 0x25, 0xBA, 0x25, 0xBA, 0x25, 0xBA, 0x25, 0xBA, 
	0x25, 0xBA, 0x25, 0xBA, 0x25, 0xBA, 0x25, 0xBA, 0x25, 0xBA, 0x25, 0xBA, 0x0A, 0x8B, 0x00, 0x00, 
	0x00, 0x00, 0x00, 0x00, 0x00, 0x00, 0x00, 0x00, 0x00, 0x00, 0x00, 0x00, 0x00, 0x00, 0x00, 0x00, 
	0x00, 0x00, 0x00, 0x00, 0x09, 0xCD, 0x09, 0xCD, 0x09, 0xCD, 0x09, 0xCD, 0x09, 0xCD, 0x09, 0xCD, 
	0x09, 0xCD, 0x09, 0xCD, 0x09, 0xCD, 0x09, 0xCD, 0x09, 0xCD, 0x09, 0xCD, 0x09, 0xCD, 0x09, 0xCD, 
	0x09, 0xCD, 0x09, 0xCD, 0x09, 0xCD, 0x09, 0xCD, 0x01, 0x29, 0x00, 0x00, 0x00, 0x00, 0x00, 0x00, 
	0x00, 0x00, 0x00, 0x00, 0x00, 0x00, 0x00, 0x00, 0x00, 0x00, 0x00, 0x00, 0x00, 0x00, 0x00, 0x00, 
	0x00, 0x00, 0x00, 0x00, 0x00, 0x00, 0x00, 0x00, 0x00, 0x00, 0x00, 0x00, 0x00, 0x00, 0x00, 0x00, 
	0x00, 0x00, 0x00, 0x00, 0x00, 0x00, 0x00, 0x00, 0x00, 0x00, 0x00, 0x00, 0x00, 0x00, 0x00, 0x00, 
	0x00, 0x00, 0x00, 0x00, 0x00, 0x00, 0x00, 0x00, 0x00, 0x00, 0x00, 0x00, 0x00, 0x00, 0x00, 0x00, 
	0x00, 0x00, 0x00, 0x00, 0x00, 0x00, 0x00, 0x00, 0x00, 0x00, 0x00, 0x00, 0x00, 0x00, 0x00, 0x00, 
	0x00, 0x00, 0x00, 0x00, 0x00, 0x00, 0x00, 0x00, 0x00, 0x00, 0x00, 0x00, 0x00, 0x00, 0x00, 0x00, 
	0x00, 0x00, 0x00, 0x00, 0x00, 0x00, 0x00, 0x00, 0x00, 0x00, 0x00, 0x00, 0x00, 0x00, 0x00, 0x00, 
	0x00, 0x00, 0x00, 0x00, 0x00, 0x00, 0x00, 0x00, 0x00, 0x00, 0x00, 0x00, 0x00, 0x00, 0x00, 0x00, 
	0x00, 0x00, 0x00, 0x00, 0x00, 0x00, 0x00, 0x00, 0x00, 0x00, 0x00, 0x00, 0x00, 0x00, 0x00, 0x00, 
	0x00, 0x00, 0x00, 0x00, 0x00, 0x00, 0x00, 0x00, 0x00, 0x00, 0x00, 0x00, 0x00, 0x00, 0x09, 0xCD, 
	0x09, 0xCD, 0x09, 0xCD, 0x09, 0xCD, 0x09, 0xCD, 0x09, 0xCD, 0x09, 0xCD, 0x09, 0xCD, 0x09, 0xCD, 
	0x09, 0xCD, 0x09, 0xCD, 0x09, 0xCD, 0x09, 0xCD, 0x09, 0xCD, 0x09, 0xCD, 0x09, 0xCD, 0x09, 0xCD, 
	0x09, 0xCD, 0x09, 0xCD, 0x09, 0xCD, 0x09, 0xCD, 0x09, 0xCD, 0x09, 0xCD, 0x09, 0xCD, 0x09, 0xCD, 
	0x09, 0xCD, 0x09, 0xCD, 0x09, 0xCD, 0x09, 0xCD, 0x09, 0xCD, 0x09, 0xCD, 0x09, 0xCD, 0x09, 0xCD, 
	0x09, 0xCD, 0x09, 0xCD, 0x00, 0x63, 0x00, 0x00, 0x00, 0x00, 0x00, 0x00, 0x00, 0x00, 0x00, 0x00, 
	0x00, 0x00, 0x00, 0x00, 0x00, 0x00, 0x00, 0x00, 0x00, 0x00, 0x00, 0x00, 0x00, 0x00, 0x00, 0x00, 
	0x00, 0x00, 0x00, 0x00, 0x00, 0x00, 0x00, 0x00, 0x00, 0x00, 0x00, 0x00, 0x00, 0x00, 0x00, 0x00, 
	0x00, 0x00, 0x00, 0x00, 0x00, 0x00, 0x00, 0x00, 0x00, 0x00, 0x00, 0x00, 0x00, 0x00, 0x00, 0x00, 
	0x25, 0xBA, 0x25, 0xBA, 0x25, 0xBA, 0x25, 0xBA, 0x25, 0xBA, 0x25, 0xBA, 0x25, 0xBA, 0x25, 0xBA, 
	0x25, 0xBA, 0x25, 0xBA, 0x25, 0xBA, 0x25, 0xBA, 0x25, 0xBA, 0x25, 0xBA, 0x25, 0xBA, 0x25, 0xBA, 
	0x25, 0xBA, 0x25, 0xBA, 0x25, 0xBA, 0x25, 0xBA, 0x25, 0xBA, 0x1C, 0xB5, 0x00, 0x00, 0x00, 0x00, 
	0x00, 0x00, 0x00, 0x00, 0x00, 0x00, 0x00, 0x00, 0x00, 0x00, 0x00, 0x00, 0x00, 0x00, 0x00, 0x00, 
	0x00, 0x00, 0x00, 0x00, 0x00, 0x00, 0x00, 0x00, 0x00, 0x00, 0x00, 0x00, 0x00, 0x00, 0x00, 0x00, 
	0x00, 0x00, 0x00, 0x00, 0x1C, 0xF7, 0x25, 0xBA, 0x25, 0xBA, 0x25, 0xBA, 0x25, 0xBA, 0x25, 0xBA, 
	0x25, 0xBA, 0x25, 0xBA, 0x25, 0xBA, 0x25, 0xBA, 0x25, 0xBA, 0x25, 0xBA, 0x25, 0xBA, 0x25, 0xBA, 
	0x25, 0xBA, 0x25, 0xBA, 0x25, 0xBA, 0x25, 0xBA, 0x25, 0xBA, 0x25, 0xBA, 0x25, 0xBA, 0x00, 0x00, 
	0x00, 0x00, 0x00, 0x00, 0x00, 0x00, 0x00, 0x00, 0x00, 0x00, 0x00, 0x00, 0x00, 0x00, 0x00, 0x00, 
	0x00, 0x00, 0x00, 0x00, 0x00, 0x00, 0x00, 0x00, 0x00, 0x00, 0x00, 0x00, 0x00, 0x00, 0x00, 0x00, 
	0x00, 0x00, 0x00, 0x00, 0x00, 0x41, 0x25, 0xBA, 0x25, 0xBA, 0x25, 0xBA, 0x25, 0xBA, 0x25, 0xBA, 
	0x25, 0xBA, 0x25, 0xBA, 0x25, 0xBA, 0x25, 0xBA, 0x25, 0xBA, 0x25, 0xBA, 0x25, 0xBA, 0x25, 0xBA, 
	0x25, 0xBA, 0x25, 0xBA, 0x25, 0xBA, 0x25, 0xBA, 0x25, 0xBA, 0x25, 0xBA, 0x25, 0xBA, 0x25, 0xBA, 
	0x00, 0xA3, 0x00, 0x00, 0x00, 0x00, 0x00, 0x00, 0x00, 0x00, 0x00, 0x00, 0x00, 0x00, 0x00, 0x00, 
	0x00, 0x00, 0x00, 0x00, 0x00, 0x00, 0x00, 0x00, 0x00, 0x00, 0x00, 0x00, 0x00, 0x00, 0x00, 0x00, 
	0x00, 0x00, 0x00, 0x00, 0x00, 0x00, 0x00, 0x00, 0x00, 0x00, 0x00, 0x00, 0x00, 0x00, 0x00, 0x00, 
	0x00, 0x00, 0x00, 0x00, 0x00, 0x00, 0x25, 0xBA, 0x25, 0xBA, 0x25, 0xBA, 0x25, 0xBA, 0x25, 0xBA, 
	0x25, 0xBA, 0x25, 0xBA, 0x25, 0xBA, 0x25, 0xBA, 0x25, 0xBA, 0x25, 0xBA, 0x00, 0x00, 0x00, 0x00, 
	0x00, 0x00, 0x00, 0x00, 0x00, 0x00, 0x00, 0x00, 0x00, 0x00, 0x00, 0x00, 0x00, 0x00, 0x00, 0x00, 
	0x00, 0x00, 0x00, 0x00, 0x09, 0xCD, 0x09, 0xCD, 0x09, 0xCD, 0x09, 0xCD, 0x09, 0xCD, 0x09, 0xCD, 
	0x09, 0xCD, 0x09, 0xCD, 0x09, 0xCD, 0x09, 0xCD, 0x09, 0xCD, 0x09, 0xCD, 0x09, 0xCD, 0x09, 0xCD, 
	0x09, 0xCD, 0x09, 0xCD, 0x09, 0xCD, 0x09, 0xCD, 0x00, 0x00, 0x00, 0x00, 0x00, 0x00, 0x00, 0x00, 
	0x00, 0x00, 0x00, 0x00, 0x00, 0x00, 0x00, 0x00, 0x00, 0x00, 0x00, 0x00, 0x00, 0x00, 0x00, 0x00, 
	0x00, 0x00, 0x00, 0x00, 0x00, 0x00, 0x00, 0x00, 0x00, 0x00, 0x00, 0x00, 0x00, 0x00, 0x00, 0x00, 
	0x00, 0x00, 0x00, 0x00, 0x00, 0x00, 0x00, 0x00, 0x00, 0x00, 0x00, 0x00, 0x00, 0x00, 0x00, 0x00, 
	0x00, 0x00, 0x00, 0x00, 0x00, 0x00, 0x00, 0x00, 0x00, 0x00, 0x00, 0x00, 0x00, 0x00, 0x00, 0x00, 
	0x00, 0x00, 0x00, 0x00, 0x00, 0x00, 0x00, 0x00, 0x00, 0x00, 0x00, 0x00, 0x00, 0x00, 0x00, 0x00, 
	0x00, 0x00, 0x00, 0x00, 0x00, 0x00, 0x00, 0x00, 0x00, 0x00, 0x00, 0x00, 0x00, 0x00, 0x00, 0x00, 
	0x00, 0x00, 0x00, 0x00, 0x00, 0x00, 0x00, 0x00, 0x00, 0x00, 0x00, 0x00, 0x00, 0x00, 0x00, 0x00, 
	0x00, 0x00, 0x00, 0x00, 0x00, 0x00, 0x00, 0x00, 0x00, 0x00, 0x00, 0x00, 0x00, 0x00, 0x00, 0x00, 
	0x00, 0x00, 0x00, 0x00, 0x00, 0x00, 0x00, 0x00, 0x00, 0x00, 0x00, 0x00, 0x00, 0x00, 0x00, 0x00, 
	0x00, 0x00, 0x00, 0x00, 0x00, 0x00, 0x00, 0x00, 0x00, 0x00, 0x00, 0x42, 0x09, 0xCD, 0x09, 0xCD, 
	0x09, 0xCD, 0x09, 0xCD, 0x09, 0xCD, 0x09, 0xCD, 0x09, 0xCD, 0x09, 0xCD, 0x09, 0xCD, 0x09, 0xCD, 
	0x09, 0xCD, 0x09, 0xCD, 0x09, 0xCD, 0x09, 0xCD, 0x09, 0xCD, 0x09, 0xCD, 0x09, 0xCD, 0x09, 0xCD, 
	0x09, 0xCD, 0x09, 0xCD, 0x09, 0xCD, 0x09, 0xCD, 0x09, 0xCD, 0x09, 0xCD, 0x09, 0xCD, 0x09, 0xCD, 
	0x09, 0xCD, 0x09, 0xCD, 0x09, 0xCD, 0x09, 0xCD, 0x09, 0xCD, 0x09, 0xCD, 0x09, 0xCD, 0x09, 0xCD, 
	0x09, 0xCD, 0x09, 0xCD, 0x09, 0xCD, 0x00, 0xE6, 0x00, 0x00, 0x00, 0x00, 0x00, 0x00, 0x00, 0x00, 
	0x00, 0x00, 0x00, 0x00, 0x00, 0x00, 0x00, 0x00, 0x00, 0x00, 0x00, 0x00, 0x00, 0x00, 0x00, 0x00, 
	0x00, 0x00, 0x00, 0x00, 0x00, 0x00, 0x00, 0x00, 0x00, 0x00, 0x00, 0x00, 0x00, 0x00, 0x00, 0x00, 
	0x00, 0x00, 0x00, 0x00, 0x00, 0x00, 0x00, 0x00, 0x00, 0x00, 0x00, 0x00, 0x00, 0x00, 0x25, 0xBA, 
	0x25, 0xBA, 0x25, 0xBA, 0x25, 0xBA, 0x25, 0xBA, 0x25, 0xBA, 0x25, 0xBA, 0x25, 0xBA, 0x25, 0xBA, 
	0x25, 0xBA, 0x25, 0xBA, 0x25, 0xBA, 0x25, 0xBA, 0x25, 0xBA, 0x25, 0xBA, 0x25, 0xBA, 0x25, 0xBA, 
	0x25, 0xBA, 0x25, 0xBA, 0x25, 0xBA, 0x25, 0xBA, 0x25, 0xBA, 0x25, 0xBA, 0x25, 0xBA, 0x00, 0x00, 
	0x00, 0x00, 0x00, 0x00, 0x00, 0x00, 0x00, 0x00, 0x00, 0x00, 0x00, 0x00, 0x00, 0x00, 0x00, 0x00, 
	0x00, 0x00, 0x00, 0x00, 0x00, 0x00, 0x00, 0x00, 0x00, 0x00, 0x00, 0x00, 0x00, 0x00, 0x00, 0x00, 
	0x00, 0x00, 0x1C, 0xF7, 0x25, 0xBA, 0x25, 0xBA, 0x25, 0xBA, 0x25, 0xBA, 0x25, 0xBA, 0x25, 0xBA, 
	0x25, 0xBA, 0x25, 0xBA, 0x25, 0xBA, 0x25, 0xBA, 0x25, 0xBA, 0x25, 0xBA, 0x25, 0xBA, 0x25, 0xBA, 
	0x25, 0xBA, 0x25, 0xBA, 0x25, 0xBA, 0x25, 0xBA, 0x25, 0xBA, 0x25, 0xBA, 0x25, 0xBA, 0x25, 0xBA, 
	0x00, 0x00, 0x00, 0x00, 0x00, 0x00, 0x00, 0x00, 0x00, 0x00, 0x00, 0x00, 0x00, 0x00, 0x00, 0x00, 
	0x00, 0x00, 0x00, 0x00, 0x00, 0x00, 0x00, 0x00, 0x00, 0x00, 0x00, 0x00, 0x00, 0x00, 0x00, 0x00, 
	0x00, 0x00, 0x0A, 0x2A, 0x25, 0xBA, 0x25, 0xBA, 0x25, 0xBA, 0x25, 0xBA, 0x25, 0xBA, 0x25, 0xBA, 
	0x25, 0xBA, 0x25, 0xBA, 0x25, 0xBA, 0x25, 0xBA, 0x25, 0xBA, 0x25, 0xBA, 0x25, 0xBA, 0x25, 0xBA, 
	0x25, 0xBA, 0x25, 0xBA, 0x25, 0xBA, 0x25, 0xBA, 0x25, 0xBA, 0x25, 0xBA, 0x25, 0xBA, 0x25, 0xBA, 
	0x25, 0xBA, 0x00, 0x41, 0x00, 0x00, 0x00, 0x00, 0x00, 0x00, 0x00, 0x00, 0x00, 0x00, 0x00, 0x00, 
	0x00, 0x00, 0x00, 0x00, 0x00, 0x00, 0x00, 0x00, 0x00, 0x00, 0x00, 0x00, 0x00, 0x00, 0x00, 0x00, 
	0x00, 0x00, 0x00, 0x00, 0x00, 0x00, 0x00, 0x00, 0x00, 0x00, 0x00, 0x00, 0x00, 0x00, 0x00, 0x00, 
	0x00, 0x00, 0x00, 0x00, 0x25, 0xBA, 0x25, 0xBA, 0x25, 0xBA, 0x25, 0xBA, 0x25, 0xBA, 0x25, 0xBA, 
	0x25, 0xBA, 0x25, 0xBA, 0x25, 0xBA, 0x25, 0xBA, 0x25, 0xBA, 0x01, 0x05, 0x00, 0x00, 0x00, 0x00, 
	0x00, 0x00, 0x00, 0x00, 0x00, 0x00, 0x00, 0x00, 0x00, 0x00, 0x00, 0x00, 0x00, 0x00, 0x00, 0x00, 
	0x00, 0x00, 0x09, 0x4A, 0x09, 0xCD, 0x09, 0xCD, 0x09, 0xCD, 0x09, 0xCD, 0x09, 0xCD, 0x09, 0xCD, 
	0x09, 0xCD, 0x09, 0xCD, 0x09, 0xCD, 0x09, 0xCD, 0x09, 0xCD, 0x09, 0xCD, 0x09, 0xCD, 0x09, 0xCD, 
	0x09, 0xCD, 0x09, 0xCD, 0x09, 0xCD, 0x09, 0xCD, 0x00, 0x00, 0x00, 0x00, 0x00, 0x00, 0x00, 0x00, 
	0x00, 0x00, 0x00, 0x00, 0x00, 0x00, 0x00, 0x00, 0x00, 0x00, 0x00, 0x00, 0x00, 0x00, 0x00, 0x00, 
	0x00, 0x00, 0x00, 0x00, 0x00, 0x00, 0x00, 0x00, 0x00, 0x00, 0x00, 0x00, 0x00, 0x00, 0x00, 0x00, 
	0x00, 0x00, 0x00, 0x00, 0x00, 0x00, 0x00, 0x00, 0x00, 0x00, 0x00, 0x00, 0x00, 0x00, 0x00, 0x00, 
	0x00, 0x00, 0x00, 0x00, 0x00, 0x00, 0x00, 0x00, 0x00, 0x00, 0x00, 0x00, 0x00, 0x00, 0x00, 0x00, 
	0x00, 0x00, 0x00, 0x00, 0x00, 0x00, 0x00, 0x00, 0x00, 0x00, 0x00, 0x00, 0x00, 0x00, 0x00, 0x00, 
	0x00, 0x00, 0x00, 0x00, 0x00, 0x00, 0x00, 0x00, 0x00, 0x00, 0x00, 0x00, 0x00, 0x00, 0x00, 0x00, 
	0x00, 0x00, 0x00, 0x00, 0x00, 0x00, 0x00, 0x00, 0x00, 0x00, 0x00, 0x00, 0x00, 0x00, 0x00, 0x00, 
	0x00, 0x00, 0x00, 0x00, 0x00, 0x00, 0x00, 0x00, 0x00, 0x00, 0x00, 0x00, 0x00, 0x00, 0x00, 0x00, 
	0x00, 0x00, 0x00, 0x00, 0x00, 0x00, 0x00, 0x00, 0x00, 0x00, 0x00, 0x00, 0x00, 0x00, 0x00, 0x00, 
	0x00, 0x00, 0x00, 0x00, 0x00, 0x00, 0x00, 0x00, 0x00, 0x42, 0x09, 0xCD, 0x09, 0xCD, 0x09, 0xCD, 
	0x09, 0xCD, 0x09, 0xCD, 0x09, 0xCD, 0x09, 0xCD, 0x09, 0xCD, 0x09, 0xCD, 0x09, 0xCD, 0x09, 0xCD, 
	0x09, 0xCD, 0x09, 0xCD, 0x09, 0xCD, 0x09, 0xCD, 0x09, 0xCD, 0x09, 0xCD, 0x09, 0xCD, 0x09, 0xCD, 
	0x09, 0xCD, 0x09, 0xCD, 0x09, 0xCD, 0x09, 0xCD, 0x09, 0xCD, 0x09, 0xCD, 0x09, 0xCD, 0x09, 0xCD, 
	0x09, 0xCD, 0x09, 0xCD, 0x09, 0xCD, 0x09, 0xCD, 0x09, 0xCD, 0x09, 0xCD, 0x09, 0xCD, 0x09, 0xCD, 
	0x09, 0xCD, 0x09, 0xCD, 0x09, 0xCD, 0x09, 0xCD, 0x00, 0xC6, 0x00, 0x00, 0x00, 0x00, 0x00, 0x00, 
	0x00, 0x00, 0x00, 0x00, 0x00, 0x00, 0x00, 0x00, 0x00, 0x00, 0x00, 0x00, 0x00, 0x00, 0x00, 0x00, 
	0x00, 0x00, 0x00, 0x00, 0x00, 0x00, 0x00, 0x00, 0x00, 0x00, 0x00, 0x00, 0x00, 0x00, 0x00, 0x00, 
	0x00, 0x00, 0x00, 0x00, 0x00, 0x00, 0x00, 0x00, 0x00, 0x00, 0x00, 0x00, 0x25, 0xBA, 0x25, 0xBA, 
	0x25, 0xBA, 0x25, 0xBA, 0x25, 0xBA, 0x25, 0xBA, 0x25, 0xBA, 0x25, 0xBA, 0x25, 0xBA, 0x25, 0xBA, 
	0x25, 0xBA, 0x25, 0xBA, 0x25, 0xBA, 0x25, 0xBA, 0x25, 0xBA, 0x25, 0xBA, 0x25, 0xBA, 0x25, 0xBA, 
	0x25, 0xBA, 0x25, 0xBA, 0x25, 0xBA, 0x25, 0xBA, 0x25, 0xBA, 0x25, 0xBA, 0x25, 0xBA, 0x1D, 0x59, 
	0x00, 0x00, 0x00, 0x00, 0x00, 0x00, 0x00, 0x00, 0x00, 0x00, 0x00, 0x00, 0x00, 0x00, 0x00, 0x00, 
	0x00, 0x00, 0x00, 0x00, 0x00, 0x00, 0x00, 0x00, 0x00, 0x00, 0x00, 0x00, 0x00, 0x00, 0x00, 0x00, 
	0x25, 0xBA, 0x25, 0xBA, 0x25, 0xBA, 0x25, 0xBA, 0x25, 0xBA, 0x25, 0xBA, 0x25, 0xBA, 0x25, 0xBA, 
	0x25, 0xBA, 0x25, 0xBA, 0x25, 0xBA, 0x25, 0xBA, 0x25, 0xBA, 0x25, 0xBA, 0x25, 0xBA, 0x25, 0xBA, 
	0x25, 0xBA, 0x25, 0xBA, 0x25, 0xBA, 0x25, 0xBA, 0x25, 0xBA, 0x25, 0xBA, 0x25, 0xBA, 0x25, 0xBA, 
	0x25, 0xBA, 0x00, 0x00, 0x00, 0x00, 0x00, 0x00, 0x00, 0x00, 0x00, 0x00, 0x00, 0x00, 0x00, 0x00, 
	0x00, 0x00, 0x00, 0x00, 0x00, 0x00, 0x00, 0x00, 0x00, 0x00, 0x00, 0x00, 0x00, 0x00, 0x00, 0x00, 
	0x25, 0xBA, 0x25, 0xBA, 0x25, 0xBA, 0x25, 0xBA, 0x25, 0xBA, 0x25, 0xBA, 0x25, 0xBA, 0x25, 0xBA, 
	0x25, 0xBA, 0x25, 0xBA, 0x25, 0xBA, 0x25, 0xBA, 0x25, 0xBA, 0x25, 0xBA, 0x25, 0xBA, 0x25, 0xBA, 
	0x25, 0xBA, 0x25, 0xBA, 0x25, 0xBA, 0x25, 0xBA, 0x25, 0xBA, 0x25, 0xBA, 0x25, 0xBA, 0x25, 0xBA, 
	0x25, 0xBA, 0x25, 0xBA, 0x00, 0x00, 0x00, 0x00, 0x00, 0x00, 0x00, 0x00, 0x00, 0x00, 0x00, 0x00, 
	0x00, 0x00, 0x00, 0x00, 0x00, 0x00, 0x00, 0x00, 0x00, 0x00, 0x00, 0x00, 0x00, 0x00, 0x00, 0x00, 
	0x00, 0x00, 0x00, 0x00, 0x00, 0x00, 0x00, 0x00, 0x00, 0x00, 0x00, 0x00, 0x00, 0x00, 0x00, 0x00, 
	0x00, 0x00, 0x1C, 0xB5, 0x25, 0xBA, 0x25, 0xBA, 0x25, 0xBA, 0x25, 0xBA, 0x25, 0xBA, 0x25, 0xBA, 
	0x25, 0xBA, 0x25, 0xBA, 0x25, 0xBA, 0x25, 0xBA, 0x25, 0xBA, 0x00, 0x00, 0x00, 0x00, 0x00, 0x00, 
	0x00, 0x00, 0x00, 0x00, 0x00, 0x00, 0x00, 0x00, 0x00, 0x00, 0x00, 0x00, 0x00, 0x00, 0x00, 0x00, 
	0x00, 0x00, 0x09, 0xCD, 0x09, 0xCD, 0x09, 0xCD, 0x09, 0xCD, 0x09, 0xCD, 0x09, 0xCD, 0x09, 0xCD, 
	0x09, 0xCD, 0x09, 0xCD, 0x09, 0xCD, 0x09, 0xCD, 0x09, 0xCD, 0x09, 0xCD, 0x09, 0xCD, 0x09, 0xCD, 
	0x09, 0xCD, 0x09, 0xCD, 0x09, 0xCD, 0x09, 0x8B, 0x00, 0x00, 0x00, 0x00, 0x00, 0x00, 0x00, 0x00, 
	0x00, 0x00, 0x00, 0x00, 0x00, 0x00, 0x00, 0x00, 0x00, 0x00, 0x00, 0x00, 0x00, 0x00, 0x00, 0x00, 
	0x00, 0x00, 0x00, 0x00, 0x00, 0x00, 0x00, 0x00, 0x00, 0x00, 0x00, 0x00, 0x00, 0x00, 0x00, 0x00, 
	0x00, 0x00, 0x00, 0x00, 0x00, 0x00, 0x00, 0x00, 0x00, 0x00, 0x00, 0x00, 0x00, 0x00, 0x00, 0x00, 
	0x00, 0x00, 0x00, 0x00, 0x00, 0x00, 0x00, 0x00, 0x00, 0x00, 0x00, 0x00, 0x00, 0x00, 0x00, 0x00, 
	0x00, 0x00, 0x00, 0x00, 0x00, 0x00, 0x00, 0x00, 0x00, 0x00, 0x00, 0x00, 0x00, 0x00, 0x00, 0x00, 
	0x00, 0x00, 0x00, 0x00, 0x00, 0x00, 0x00, 0x00, 0x00, 0x00, 0x00, 0x00, 0x00, 0x00, 0x00, 0x00, 
	0x00, 0x00, 0x00, 0x00, 0x00, 0x00, 0x00, 0x00, 0x00, 0x00, 0x00, 0x00, 0x00, 0x00, 0x00, 0x00, 
	0x00, 0x00, 0x00, 0x00, 0x00, 0x00, 0x00, 0x00, 0x00, 0x00, 0x00, 0x00, 0x00, 0x00, 0x00, 0x00, 
	0x00, 0x00, 0x00, 0x00, 0x00, 0x00, 0x00, 0x00, 0x00, 0x00, 0x00, 0x00, 0x00, 0x00, 0x00, 0x00, 
	0x00, 0x00, 0x00, 0x00, 0x00, 0x00, 0x00, 0x00, 0x09, 0xCD, 0x09, 0xCD, 0x09, 0xCD, 0x09, 0xCD, 
	0x09, 0xCD, 0x09, 0xCD, 0x09, 0xCD, 0x09, 0xCD, 0x09, 0xCD, 0x09, 0xCD, 0x09, 0xCD, 0x09, 0xCD, 
	0x09, 0xCD, 0x09, 0xCD, 0x09, 0xCD, 0x09, 0xCD, 0x09, 0xCD, 0x09, 0xCD, 0x09, 0xCD, 0x09, 0xCD, 
	0x09, 0xCD, 0x09, 0xCD, 0x09, 0xCD, 0x09, 0xCD, 0x09, 0xCD, 0x09, 0xCD, 0x09, 0xCD, 0x09, 0xCD, 
	0x09, 0xCD, 0x09, 0xCD, 0x09, 0xCD, 0x09, 0xCD, 0x09, 0xCD, 0x09, 0xCD, 0x09, 0xCD, 0x09, 0xCD, 
	0x09, 0xCD, 0x09, 0xCD, 0x09, 0xCD, 0x09, 0xCD, 0x09, 0xCD, 0x09, 0x8B, 0x00, 0x00, 0x00, 0x00, 
	0x00, 0x00, 0x00, 0x00, 0x00, 0x00, 0x00, 0x00, 0x00, 0x00, 0x00, 0x00, 0x00, 0x00, 0x00, 0x00, 
	0x00, 0x00, 0x00, 0x00, 0x00, 0x00, 0x00, 0x00, 0x00, 0x00, 0x00, 0x00, 0x00, 0x00, 0x00, 0x00, 
	0x00, 0x00, 0x00, 0x00, 0x00, 0x00, 0x00, 0x00, 0x00, 0x00, 0x25, 0xBA, 0x25, 0xBA, 0x25, 0xBA, 
	0x25, 0xBA, 0x25, 0xBA, 0x25, 0xBA, 0x25, 0xBA, 0x25, 0xBA, 0x25, 0xBA, 0x25, 0xBA, 0x25, 0xBA, 
	0x25, 0xBA, 0x25, 0xBA, 0x25, 0xBA, 0x25, 0xBA, 0x25, 0xBA, 0x25, 0xBA, 0x25, 0xBA, 0x25, 0xBA, 
	0x25, 0xBA, 0x25, 0xBA, 0x25, 0xBA, 0x25, 0xBA, 0x25, 0xBA, 0x25, 0xBA, 0x25, 0xBA, 0x25, 0xBA, 
	0x00, 0x41, 0x00, 0x00, 0x00, 0x00, 0x00, 0x00, 0x00, 0x00, 0x00, 0x00, 0x00, 0x00, 0x00, 0x00, 
	0x00, 0x00, 0x00, 0x00, 0x00, 0x00, 0x00, 0x00, 0x00, 0x00, 0x00, 0x00, 0x00, 0x00, 0x13, 0x90, 
	0x25, 0xBA, 0x25, 0xBA, 0x25, 0xBA, 0x25, 0xBA, 0x25, 0xBA, 0x25, 0xBA, 0x25, 0xBA, 0x25, 0xBA, 
	0x25, 0xBA, 0x25, 0xBA, 0x25, 0xBA, 0x25, 0xBA, 0x25, 0xBA, 0x25, 0xBA, 0x25, 0xBA, 0x25, 0xBA, 
	0x25, 0xBA, 0x25, 0xBA, 0x25, 0xBA, 0x25, 0xBA, 0x25, 0xBA, 0x25, 0xBA, 0x25, 0xBA, 0x25, 0xBA, 
	0x25, 0xBA, 0x25, 0xBA, 0x00, 0x00, 0x00, 0x00, 0x00, 0x00, 0x00, 0x00, 0x00, 0x00, 0x00, 0x00, 
	0x00, 0x00, 0x00, 0x00, 0x00, 0x00, 0x00, 0x00, 0x00, 0x00, 0x00, 0x00, 0x00, 0x00, 0x1C, 0xB5, 
	0x25, 0xBA, 0x25, 0xBA, 0x25, 0xBA, 0x25, 0xBA, 0x25, 0xBA, 0x25, 0xBA, 0x25, 0xBA, 0x25, 0xBA, 
	0x25, 0xBA, 0x25, 0xBA, 0x25, 0xBA, 0x25, 0xBA, 0x25, 0xBA, 0x25, 0xBA, 0x25, 0xBA, 0x25, 0xBA, 
	0x25, 0xBA, 0x25, 0xBA, 0x25, 0xBA, 0x25, 0xBA, 0x25, 0xBA, 0x25, 0xBA, 0x25, 0xBA, 0x25, 0xBA, 
	0x25, 0xBA, 0x25, 0xBA, 0x25, 0xBA, 0x00, 0x00, 0x00, 0x00, 0x00, 0x00, 0x00, 0x00, 0x00, 0x00, 
	0x00, 0x00, 0x00, 0x00, 0x00, 0x00, 0x00, 0x00, 0x00, 0x00, 0x00, 0x00, 0x00, 0x00, 0x00, 0x00, 
	0x00, 0x00, 0x00, 0x00, 0x00, 0x00, 0x00, 0x00, 0x00, 0x00, 0x00, 0x00, 0x00, 0x00, 0x00, 0x00, 
	0x00, 0x00, 0x25, 0xBA, 0x25, 0xBA, 0x25, 0xBA, 0x25, 0xBA, 0x25, 0xBA, 0x25, 0xBA, 0x25, 0xBA, 
	0x25, 0xBA, 0x25, 0xBA, 0x25, 0xBA, 0x25, 0xBA, 0x00, 0x41, 0x00, 0x00, 0x00, 0x00, 0x00, 0x00, 
	0x00, 0x00, 0x00, 0x00, 0x00, 0x00, 0x00, 0x00, 0x00, 0x00, 0x00, 0x00, 0x00, 0x00, 0x00, 0x00, 
	0x00, 0x00, 0x09, 0xCD, 0x09, 0xCD, 0x09, 0xCD, 0x09, 0xCD, 0x09, 0xCD, 0x09, 0xCD, 0x09, 0xCD, 
	0x09, 0xCD, 0x09, 0xCD, 0x09, 0xCD, 0x09, 0xCD, 0x09, 0xCD, 0x09, 0xCD, 0x09, 0xCD, 0x09, 0xCD, 
	0x09, 0xCD, 0x09, 0xCD, 0x09, 0xCD, 0x00, 0x21, 0x00, 0x00, 0x00, 0x00, 0x00, 0x00, 0x00, 0x00, 
	0x00, 0x00, 0x00, 0x00, 0x00, 0x00, 0x00, 0x00, 0x00, 0x00, 0x00, 0x00, 0x00, 0x00, 0x00, 0x00, 
	0x00, 0x00, 0x00, 0x00, 0x00, 0x00, 0x00, 0x00, 0x00, 0x00, 0x00, 0x00, 0x00, 0x00, 0x00, 0x00, 
	0x00, 0x00, 0x00, 0x00, 0x00, 0x00, 0x00, 0x00, 0x00, 0x00, 0x00, 0x00, 0x00, 0x00, 0x00, 0x00, 
	0x00, 0x00, 0x00, 0x00, 0x00, 0x00, 0x00, 0x00, 0x00, 0x00, 0x00, 0x00, 0x00, 0x00, 0x00, 0x00, 
	0x00, 0x00, 0x00, 0x00, 0x00, 0x00, 0x00, 0x00, 0x00, 0x00, 0x00, 0x00, 0x00, 0x00, 0x00, 0x00, 
	0x00, 0x00, 0x00, 0x00, 0x00, 0x00, 0x00, 0x00, 0x00, 0x00, 0x00, 0x00, 0x00, 0x00, 0x00, 0x00, 
	0x00, 0x00, 0x00, 0x00, 0x00, 0x00, 0x00, 0x00, 0x00, 0x00, 0x00, 0x00, 0x00, 0x00, 0x00, 0x00, 
	0x00, 0x00, 0x00, 0x00, 0x00, 0x00, 0x00, 0x00, 0x00, 0x00, 0x00, 0x00, 0x00, 0x00, 0x00, 0x00, 
	0x00, 0x00, 0x00, 0x00, 0x00, 0x00, 0x00, 0x00, 0x00, 0x00, 0x00, 0x00, 0x00, 0x00, 0x00, 0x00, 
	0x00, 0x00, 0x00, 0x00, 0x00, 0x00, 0x09, 0xCD, 0x09, 0xCD, 0x09, 0xCD, 0x09, 0xCD, 0x09, 0xCD, 
	0x09, 0xCD, 0x09, 0xCD, 0x09, 0xCD, 0x09, 0xCD, 0x09, 0xCD, 0x09, 0xCD, 0x09, 0xCD, 0x09, 0xCD, 
	0x09, 0xCD, 0x09, 0xCD, 0x09, 0xCD, 0x09, 0xCD, 0x09, 0xCD, 0x09, 0xCD, 0x09, 0xCD, 0x09, 0xCD, 
	0x09, 0xCD, 0x09, 0xCD, 0x09, 0xCD, 0x09, 0xCD, 0x09, 0xCD, 0x09, 0xCD, 0x09, 0xCD, 0x09, 0xCD, 
	0x09, 0xCD, 0x09, 0xCD, 0x09, 0xCD, 0x09, 0xCD, 0x09, 0xCD, 0x09, 0xCD, 0x09, 0xCD, 0x09, 0xCD, 
	0x09, 0xCD, 0x09, 0xCD, 0x09, 0xCD, 0x09, 0xCD, 0x09, 0xCD, 0x09, 0xCD, 0x00, 0xA5, 0x00, 0x00, 
	0x00, 0x00, 0x00, 0x00, 0x00, 0x00, 0x00, 0x00, 0x00, 0x00, 0x00, 0x00, 0x00, 0x00, 0x00, 0x00, 
	0x00, 0x00, 0x00, 0x00, 0x00, 0x00, 0x00, 0x00, 0x00, 0x00, 0x00, 0x00, 0x00, 0x00, 0x00, 0x00, 
	0x00, 0x00, 0x00, 0x00, 0x00, 0x00, 0x00, 0x00, 0x25, 0xBA, 0x25, 0xBA, 0x25, 0xBA, 0x25, 0xBA, 
	0x25, 0xBA, 0x25, 0xBA, 0x25, 0xBA, 0x25, 0xBA, 0x25, 0xBA, 0x25, 0xBA, 0x25, 0xBA, 0x25, 0xBA, 
	0x25, 0xBA, 0x25, 0xBA, 0x25, 0xBA, 0x25, 0xBA, 0x25, 0xBA, 0x25, 0xBA, 0x25, 0xBA, 0x25, 0xBA, 
	0x25, 0xBA, 0x25, 0xBA, 0x25, 0xBA, 0x25, 0xBA, 0x25, 0xBA, 0x25, 0xBA, 0x25, 0xBA, 0x25, 0xBA, 
	0x25, 0xBA, 0x00, 0x00, 0x00, 0x00, 0x00, 0x00, 0x00, 0x00, 0x00, 0x00, 0x00, 0x00, 0x00, 0x00, 
	0x00, 0x00, 0x00, 0x00, 0x00, 0x00, 0x00, 0x00, 0x00, 0x00, 0x00, 0x00, 0x00, 0x00, 0x25, 0xBA, 
	0x25, 0xBA, 0x25, 0xBA, 0x25, 0xBA, 0x25, 0xBA, 0x25, 0xBA, 0x25, 0xBA, 0x25, 0xBA, 0x25, 0xBA, 
	0x25, 0xBA, 0x25, 0xBA, 0x25, 0xBA, 0x25, 0xBA, 0x25, 0xBA, 0x25, 0xBA, 0x25, 0xBA, 0x25, 0xBA, 
	0x25, 0xBA, 0x25, 0xBA, 0x25, 0xBA, 0x25, 0xBA, 0x25, 0xBA, 0x25, 0xBA, 0x25, 0xBA, 0x25, 0xBA, 
	0x25, 0xBA, 0x25, 0xBA, 0x0A, 0x8B, 0x00, 0x00, 0x00, 0x00, 0x00, 0x00, 0x00, 0x00, 0x00, 0x00, 
	0x00, 0x00, 0x00, 0x00, 0x00, 0x00, 0x00, 0x00, 0x00, 0x00, 0x00, 0x00, 0x09, 0x66, 0x25, 0xBA, 
	0x25, 0xBA, 0x25, 0xBA, 0x25, 0xBA, 0x25, 0xBA, 0x25, 0xBA, 0x25, 0xBA, 0x25, 0xBA, 0x25, 0xBA, 
	0x25, 0xBA, 0x25, 0xBA, 0x25, 0xBA, 0x25, 0xBA, 0x25, 0xBA, 0x25, 0xBA, 0x25, 0xBA, 0x25, 0xBA, 
	0x25, 0xBA, 0x25, 0xBA, 0x25, 0xBA, 0x25, 0xBA, 0x25, 0xBA, 0x25, 0xBA, 0x25, 0xBA, 0x25, 0xBA, 
	0x25, 0xBA, 0x25, 0xBA, 0x25, 0xBA, 0x25, 0xBA, 0x00, 0x00, 0x00, 0x00, 0x00, 0x00, 0x00, 0x00, 
	0x00, 0x00, 0x00, 0x00, 0x00, 0x00, 0x00, 0x00, 0x00, 0x00, 0x00, 0x00, 0x00, 0x00, 0x00, 0x00, 
	0x00, 0x00, 0x00, 0x00, 0x00, 0x00, 0x00, 0x00, 0x00, 0x00, 0x00, 0x00, 0x00, 0x00, 0x00, 0x00, 
	0x1D, 0x59, 0x25, 0xBA, 0x25, 0xBA, 0x25, 0xBA, 0x25, 0xBA, 0x25, 0xBA, 0x25, 0xBA, 0x25, 0xBA, 
	0x25, 0xBA, 0x25, 0xBA, 0x25, 0xBA, 0x25, 0xBA, 0x00, 0x00, 0x00, 0x00, 0x00, 0x00, 0x00, 0x00, 
	0x00, 0x00, 0x00, 0x00, 0x00, 0x00, 0x00, 0x00, 0x00, 0x00, 0x00, 0x00, 0x00, 0x00, 0x00, 0x00, 
	0x00, 0x00, 0x09, 0xCD, 0x09, 0xCD, 0x09, 0xCD, 0x09, 0xCD, 0x09, 0xCD, 0x09, 0xCD, 0x09, 0xCD, 
	0x09, 0xCD, 0x09, 0xCD, 0x09, 0xCD, 0x09, 0xCD, 0x09, 0xCD, 0x09, 0xCD, 0x09, 0xCD, 0x09, 0xCD, 
	0x09, 0xCD, 0x09, 0xCD, 0x09, 0xCD, 0x00, 0x00, 0x00, 0x00, 0x00, 0x00, 0x00, 0x00, 0x00, 0x00, 
	0x00, 0x00, 0x00, 0x00, 0x00, 0x00, 0x00, 0x00, 0x00, 0x00, 0x00, 0x00, 0x00, 0x00, 0x00, 0x00, 
	0x00, 0x00, 0x00, 0x00, 0x00, 0x00, 0x00, 0x00, 0x00, 0x00, 0x00, 0x00, 0x00, 0x00, 0x00, 0x00, 
	0x00, 0x00, 0x00, 0x00, 0x00, 0x00, 0x00, 0x00, 0x00, 0x00, 0x00, 0x00, 0x00, 0x00, 0x00, 0x00, 
	0x00, 0x00, 0x00, 0x00, 0x00, 0x00, 0x00, 0x00, 0x00, 0x00, 0x00, 0x00, 0x00, 0x00, 0x00, 0x00, 
	0x00, 0x00, 0x00, 0x00, 0x00, 0x00, 0x00, 0x00, 0x00, 0x00, 0x00, 0x00, 0x00, 0x00, 0x00, 0x00, 
	0x00, 0x00, 0x00, 0x00, 0x00, 0x00, 0x00, 0x00, 0x00, 0x00, 0x00, 0x00, 0x00, 0x00, 0x00, 0x00, 
	0x00, 0x00, 0x00, 0x00, 0x00, 0x00, 0x00, 0x00, 0x00, 0x00, 0x00, 0x00, 0x00, 0x00, 0x00, 0x00, 
	0x00, 0x00, 0x00, 0x00, 0x00, 0x00, 0x00, 0x00, 0x00, 0x00, 0x00, 0x00, 0x00, 0x00, 0x00, 0x00, 
	0x00, 0x00, 0x00, 0x00, 0x00, 0x00, 0x00, 0x00, 0x00, 0x00, 0x00, 0x00, 0x00, 0x00, 0x00, 0x00, 
	0x00, 0x00, 0x00, 0x00, 0x09, 0xCD, 0x09, 0xCD, 0x09, 0xCD, 0x09, 0xCD, 0x09, 0xCD, 0x09, 0xCD, 
	0x09, 0xCD, 0x09, 0xCD, 0x09, 0xCD, 0x09, 0xCD, 0x09, 0xCD, 0x09, 0xCD, 0x09, 0xCD, 0x09, 0xCD, 
	0x09, 0xCD, 0x09, 0xCD, 0x09, 0xCD, 0x09, 0xCD, 0x09, 0xCD, 0x09, 0xCD, 0x09, 0xCD, 0x09, 0xCD, 
	0x09, 0xCD, 0x09, 0xCD, 0x09, 0xCD, 0x09, 0xCD, 0x09, 0xCD, 0x09, 0xCD, 0x09, 0xCD, 0x09, 0xCD, 
	0x09, 0xCD, 0x09, 0xCD, 0x09, 0xCD, 0x09, 0xCD, 0x09, 0xCD, 0x09, 0xCD, 0x09, 0xCD, 0x09, 0xCD, 
	0x09, 0xCD, 0x09, 0xCD, 0x09, 0xCD, 0x09, 0xCD, 0x09, 0xCD, 0x09, 0xCD, 0x09, 0xCD, 0x00, 0xA5, 
	0x00, 0x00, 0x00, 0x00, 0x00, 0x00, 0x00, 0x00, 0x00, 0x00, 0x00, 0x00, 0x00, 0x00, 0x00, 0x00, 
	0x00, 0x00, 0x00, 0x00, 0x00, 0x00, 0x00, 0x00, 0x00, 0x00, 0x00, 0x00, 0x00, 0x00, 0x00, 0x00, 
	0x00, 0x00, 0x00, 0x00, 0x00, 0x00, 0x25, 0xBA, 0x25, 0xBA, 0x25, 0xBA, 0x25, 0xBA, 0x25, 0xBA, 
	0x25, 0xBA, 0x25, 0xBA, 0x25, 0xBA, 0x25, 0xBA, 0x25, 0xBA, 0x25, 0xBA, 0x25, 0xBA, 0x25, 0xBA, 
	0x25, 0xBA, 0x25, 0xBA, 0x25, 0xBA, 0x25, 0xBA, 0x25, 0xBA, 0x25, 0xBA, 0x25, 0xBA, 0x25, 0xBA, 
	0x25, 0xBA, 0x25, 0xBA, 0x25, 0xBA, 0x25, 0xBA, 0x25, 0xBA, 0x25, 0xBA, 0x25, 0xBA, 0x25, 0xBA, 
	0x25, 0xBA, 0x25, 0xBA, 0x00, 0x00, 0x00, 0x00, 0x00, 0x00, 0x00, 0x00, 0x00, 0x00, 0x00, 0x00, 
	0x00, 0x00, 0x00, 0x00, 0x00, 0x00, 0x00, 0x00, 0x00, 0x00, 0x00, 0x00, 0x25, 0xBA, 0x25, 0xBA, 
	0x25, 0xBA, 0x25, 0xBA, 0x25, 0xBA, 0x25, 0xBA, 0x25, 0xBA, 0x25, 0xBA, 0x25, 0xBA, 0x25, 0xBA, 
	0x25, 0xBA, 0x25, 0xBA, 0x25, 0xBA, 0x25, 0xBA, 0x25, 0xBA, 0x25, 0xBA, 0x25, 0xBA, 0x25, 0xBA, 
	0x25, 0xBA, 0x25, 0xBA, 0x25, 0xBA, 0x25, 0xBA, 0x25, 0xBA, 0x25, 0xBA, 0x25, 0xBA, 0x25, 0xBA, 
	0x25, 0xBA, 0x25, 0xBA, 0x25, 0xBA, 0x00, 0x00, 0x00, 0x00, 0x00, 0x00, 0x00, 0x00, 0x00, 0x00, 
	0x00, 0x00, 0x00, 0x00, 0x00, 0x00, 0x00, 0x00, 0x00, 0x00, 0x01, 0x05, 0x25, 0xBA, 0x25, 0xBA, 
	0x25, 0xBA, 0x25, 0xBA, 0x25, 0xBA, 0x25, 0xBA, 0x25, 0xBA, 0x25, 0xBA, 0x25, 0xBA, 0x25, 0xBA, 
	0x25, 0xBA, 0x25, 0xBA, 0x25, 0xBA, 0x25, 0xBA, 0x25, 0xBA, 0x25, 0xBA, 0x25, 0xBA, 0x25, 0xBA, 
	0x25, 0xBA, 0x25, 0xBA, 0x25, 0xBA, 0x25, 0xBA, 0x25, 0xBA, 0x25, 0xBA, 0x25, 0xBA, 0x25, 0xBA, 
	0x25, 0xBA, 0x25, 0xBA, 0x25, 0xBA, 0x25, 0xBA, 0x00, 0x00, 0x00, 0x00, 0x00, 0x00, 0x00, 0x00, 
	0x00, 0x00, 0x00, 0x00, 0x00, 0x00, 0x00, 0x00, 0x00, 0x00, 0x00, 0x00, 0x00, 0x00, 0x00, 0x00, 
	0x00, 0x00, 0x00, 0x00, 0x00, 0x00, 0x00, 0x00, 0x00, 0x00, 0x00, 0x00, 0x00, 0x00, 0x00, 0x41, 
	0x25, 0xBA, 0x25, 0xBA, 0x25, 0xBA, 0x25, 0xBA, 0x25, 0xBA, 0x25, 0xBA, 0x25, 0xBA, 0x25, 0xBA, 
	0x25, 0xBA, 0x25, 0xBA, 0x25, 0xBA, 0x00, 0x00, 0x00, 0x00, 0x00, 0x00, 0x00, 0x00, 0x00, 0x00, 
	0x00, 0x00, 0x00, 0x00, 0x00, 0x00, 0x00, 0x00, 0x00, 0x00, 0x00, 0x00, 0x00, 0x00, 0x00, 0x00, 
	0x00, 0x00, 0x09, 0xCD, 0x09, 0xCD, 0x09, 0xCD, 0x09, 0xCD, 0x09, 0xCD, 0x09, 0xCD, 0x09, 0xCD, 
	0x09, 0xCD, 0x09, 0xCD, 0x09, 0xCD, 0x09, 0xCD, 0x09, 0xCD, 0x09, 0xCD, 0x09, 0xCD, 0x09, 0xCD, 
	0x09, 0xCD, 0x09, 0xCD, 0x09, 0xCD, 0x00, 0x00, 0x00, 0x00, 0x00, 0x00, 0x00, 0x00, 0x00, 0x00, 
	0x00, 0x00, 0x00, 0x00, 0x00, 0x00, 0x00, 0x00, 0x00, 0x00, 0x00, 0x00, 0x00, 0x00, 0x00, 0x00, 
	0x00, 0x00, 0x00, 0x00, 0x00, 0x00, 0x00, 0x00, 0x00, 0x00, 0x00, 0x00, 0x00, 0x00, 0x00, 0x00, 
	0x00, 0x00, 0x00, 0x00, 0x00, 0x00, 0x00, 0x00, 0x00, 0x00, 0x00, 0x00, 0x00, 0x00, 0x00, 0x00, 
	0x00, 0x00, 0x00, 0x00, 0x00, 0x00, 0x00, 0x00, 0x00, 0x00, 0x00, 0x00, 0x00, 0x00, 0x00, 0x00, 
	0x00, 0x00, 0x00, 0x00, 0x00, 0x00, 0x00, 0x00, 0x00, 0x00, 0x00, 0x00, 0x00, 0x00, 0x00, 0x00, 
	0x00, 0x00, 0x00, 0x00, 0x00, 0x00, 0x00, 0x00, 0x00, 0x00, 0x00, 0x00, 0x00, 0x00, 0x00, 0x00, 
	0x00, 0x00, 0x00, 0x00, 0x00, 0x00, 0x00, 0x00, 0x00, 0x00, 0x00, 0x00, 0x00, 0x00, 0x00, 0x00, 
	0x00, 0x00, 0x00, 0x00, 0x00, 0x00, 0x00, 0x00, 0x00, 0x00, 0x00, 0x00, 0x00, 0x00, 0x00, 0x00, 
	0x00, 0x00, 0x00, 0x00, 0x00, 0x00, 0x00, 0x00, 0x00, 0x00, 0x00, 0x00, 0x00, 0x00, 0x00, 0x00, 
	0x00, 0x00, 0x09, 0xCD, 0x09, 0xCD, 0x09, 0xCD, 0x09, 0xCD, 0x09, 0xCD, 0x09, 0xCD, 0x09, 0xCD, 
	0x09, 0xCD, 0x09, 0xCD, 0x09, 0xCD, 0x09, 0xCD, 0x09, 0xCD, 0x09, 0xCD, 0x09, 0xCD, 0x09, 0xCD, 
	0x09, 0xCD, 0x09, 0xCD, 0x09, 0xCD, 0x09, 0xCD, 0x09, 0xCD, 0x09, 0xCD, 0x09, 0xCD, 0x09, 0xCD, 
	0x09, 0xCD, 0x09, 0xCD, 0x09, 0xCD, 0x09, 0xCD, 0x09, 0xCD, 0x09, 0xCD, 0x09, 0xCD, 0x09, 0xCD, 
	0x09, 0xCD, 0x09, 0xCD, 0x09, 0xCD, 0x09, 0xCD, 0x09, 0xCD, 0x09, 0xCD, 0x09, 0xCD, 0x09, 0xCD, 
	0x09, 0xCD, 0x09, 0xCD, 0x09, 0xCD, 0x09, 0xCD, 0x09, 0xCD, 0x09, 0xCD, 0x09, 0xCD, 0x09, 0xCD, 
	0x00, 0x42, 0x00, 0x00, 0x00, 0x00, 0x00, 0x00, 0x00, 0x00, 0x00, 0x00, 0x00, 0x00, 0x00, 0x00, 
	0x00, 0x00, 0x00, 0x00, 0x00, 0x00, 0x00, 0x00, 0x00, 0x00, 0x00, 0x00, 0x00, 0x00, 0x00, 0x00, 
	0x00, 0x00, 0x00, 0x00, 0x25, 0xBA, 0x25, 0xBA, 0x25, 0xBA, 0x25, 0xBA, 0x25, 0xBA, 0x25, 0xBA, 
	0x25, 0xBA, 0x25, 0xBA, 0x25, 0xBA, 0x25, 0xBA, 0x25, 0xBA, 0x25, 0xBA, 0x25, 0xBA, 0x25, 0xBA, 
	0x25, 0xBA, 0x25, 0xBA, 0x25, 0xBA, 0x25, 0xBA, 0x25, 0xBA, 0x25, 0xBA, 0x25, 0xBA, 0x25, 0xBA, 
	0x25, 0xBA, 0x25, 0xBA, 0x25, 0xBA, 0x25, 0xBA, 0x25, 0xBA, 0x25, 0xBA, 0x25, 0xBA, 0x25, 0xBA, 
	0x25, 0xBA, 0x25, 0xBA, 0x00, 0x00, 0x00, 0x00, 0x00, 0x00, 0x00, 0x00, 0x00, 0x00, 0x00, 0x00, 
	0x00, 0x00, 0x00, 0x00, 0x00, 0x00, 0x00, 0x00, 0x00, 0x00, 0x25, 0xBA, 0x25, 0xBA, 0x25, 0xBA, 
	0x25, 0xBA, 0x25, 0xBA, 0x25, 0xBA, 0x25, 0xBA, 0x25, 0xBA, 0x25, 0xBA, 0x25, 0xBA, 0x25, 0xBA, 
	0x25, 0xBA, 0x25, 0xBA, 0x25, 0xBA, 0x25, 0xBA, 0x25, 0xBA, 0x25, 0xBA, 0x25, 0xBA, 0x25, 0xBA, 
	0x25, 0xBA, 0x25, 0xBA, 0x25, 0xBA, 0x25, 0xBA, 0x25, 0xBA, 0x25, 0xBA, 0x25, 0xBA, 0x25, 0xBA, 
	0x25, 0xBA, 0x25, 0xBA, 0x25, 0xBA, 0x25, 0xBA, 0x00, 0x00, 0x00, 0x00, 0x00, 0x00, 0x00, 0x00, 
	0x00, 0x00, 0x00, 0x00, 0x00, 0x00, 0x00, 0x00, 0x00, 0x41, 0x25, 0xBA, 0x25, 0xBA, 0x25, 0xBA, 
	0x25, 0xBA, 0x25, 0xBA, 0x25, 0xBA, 0x25, 0xBA, 0x25, 0xBA, 0x25, 0xBA, 0x25, 0xBA, 0x25, 0xBA, 
	0x25, 0xBA, 0x25, 0xBA, 0x25, 0xBA, 0x25, 0xBA, 0x25, 0xBA, 0x25, 0xBA, 0x25, 0xBA, 0x25, 0xBA, 
	0x25, 0xBA, 0x25, 0xBA, 0x25, 0xBA, 0x25, 0xBA, 0x25, 0xBA, 0x25, 0xBA, 0x25, 0xBA, 0x25, 0xBA, 
	0x25, 0xBA, 0x25, 0xBA, 0x25, 0xBA, 0x25, 0xBA, 0x25, 0xBA, 0x00, 0x00, 0x00, 0x00, 0x00, 0x00, 
	0x00, 0x00, 0x00, 0x00, 0x00, 0x00, 0x00, 0x00, 0x00, 0x00, 0x00, 0x00, 0x00, 0x00, 0x00, 0x00, 
	0x00, 0x00, 0x00, 0x00, 0x00, 0x00, 0x00, 0x00, 0x00, 0x00, 0x00, 0x00, 0x00, 0x00, 0x25, 0xBA, 
	0x25, 0xBA, 0x25, 0xBA, 0x25, 0xBA, 0x25, 0xBA, 0x25, 0xBA, 0x25, 0xBA, 0x25, 0xBA, 0x25, 0xBA, 
	0x25, 0xBA, 0x25, 0xBA, 0x00, 0x00, 0x00, 0x00, 0x00, 0x00, 0x00, 0x00, 0x00, 0x00, 0x00, 0x00, 
	0x00, 0x00, 0x00, 0x00, 0x00, 0x00, 0x00, 0x00, 0x00, 0x00, 0x00, 0x00, 0x00, 0x00, 0x00, 0x00, 
	0x00, 0x21, 0x09, 0xCD, 0x09, 0xCD, 0x09, 0xCD, 0x09, 0xCD, 0x09, 0xCD, 0x09, 0xCD, 0x09, 0xCD, 
	0x09, 0xCD, 0x09, 0xCD, 0x09, 0xCD, 0x09, 0xCD, 0x09, 0xCD, 0x09, 0xCD, 0x09, 0xCD, 0x09, 0xCD, 
	0x09, 0xCD, 0x09, 0xCD, 0x09, 0xCD, 0x00, 0x00, 0x00, 0x00, 0x00, 0x00, 0x00, 0x00, 0x00, 0x00, 
	0x00, 0x00, 0x00, 0x00, 0x00, 0x00, 0x00, 0x00, 0x00, 0x00, 0x00, 0x00, 0x00, 0x00, 0x00, 0x00, 
	0x00, 0x00, 0x00, 0x00, 0x00, 0x00, 0x00, 0x00, 0x00, 0x00, 0x00, 0x00, 0x00, 0x00, 0x00, 0x00, 
	0x00, 0x00, 0x00, 0x00, 0x00, 0x00, 0x00, 0x00, 0x00, 0x00, 0x00, 0x00, 0x00, 0x00, 0x00, 0x00, 
	0x00, 0x00, 0x00, 0x00, 0x00, 0x00, 0x00, 0x00, 0x00, 0x00, 0x00, 0x00, 0x00, 0x00, 0x00, 0x00, 
	0x00, 0x00, 0x00, 0x00, 0x00, 0x00, 0x00, 0x00, 0x00, 0x00, 0x00, 0x00, 0x00, 0x00, 0x00, 0x00, 
	0x00, 0x00, 0x00, 0x00, 0x00, 0x00, 0x00, 0x00, 0x00, 0x00, 0x00, 0x00, 0x00, 0x00, 0x00, 0x00, 
	0x00, 0x00, 0x00, 0x00, 0x00, 0x00, 0x00, 0x00, 0x00, 0x00, 0x00, 0x00, 0x00, 0x00, 0x00, 0x00, 
	0x00, 0x00, 0x00, 0x00, 0x00, 0x00, 0x00, 0x00, 0x00, 0x00, 0x00, 0x00, 0x00, 0x00, 0x00, 0x00, 
	0x00, 0x00, 0x00, 0x00, 0x00, 0x00, 0x00, 0x00, 0x00, 0x00, 0x00, 0x00, 0x00, 0x00, 0x00, 0x00, 
	0x09, 0xAC, 0x09, 0xCD, 0x09, 0xCD, 0x09, 0xCD, 0x09, 0xCD, 0x09, 0xCD, 0x09, 0xCD, 0x09, 0xCD, 
	0x09, 0xCD, 0x09, 0xCD, 0x09, 0xCD, 0x09, 0xCD, 0x09, 0xCD, 0x09, 0xCD, 0x09, 0xCD, 0x09, 0xCD, 
	0x09, 0xCD, 0x09, 0xCD, 0x09, 0xCD, 0x09, 0xCD, 0x09, 0xCD, 0x09, 0xCD, 0x09, 0xCD, 0x09, 0xCD, 
	0x09, 0xCD, 0x09, 0xCD, 0x09, 0xCD, 0x09, 0xCD, 0x09, 0xCD, 0x09, 0xCD, 0x09, 0xCD, 0x09, 0xCD, 
	0x09, 0xCD, 0x09, 0xCD, 0x09, 0xCD, 0x09, 0xCD, 0x09, 0xCD, 0x09, 0xCD, 0x09, 0xCD, 0x09, 0xCD, 
	0x09, 0xCD, 0x09, 0xCD, 0x09, 0xCD, 0x09, 0xCD, 0x09, 0xCD, 0x09, 0xCD, 0x09, 0xCD, 0x09, 0xCD, 
	0x09, 0xCD, 0x00, 0x00, 0x00, 0x00, 0x00, 0x00, 0x00, 0x00, 0x00, 0x00, 0x00, 0x00, 0x00, 0x00, 
	0x00, 0x00, 0x00, 0x00, 0x00, 0x00, 0x00, 0x00, 0x00, 0x00, 0x00, 0x00, 0x00, 0x00, 0x00, 0x00, 
	0x00, 0x00, 0x00, 0x00, 0x25, 0xBA, 0x25, 0xBA, 0x25, 0xBA, 0x25, 0xBA, 0x25, 0xBA, 0x25, 0xBA, 
	0x25, 0xBA, 0x25, 0xBA, 0x25, 0xBA, 0x25, 0xBA, 0x25, 0xBA, 0x25, 0xBA, 0x25, 0xBA, 0x25, 0xBA, 
	0x25, 0xBA, 0x25, 0xBA, 0x25, 0xBA, 0x25, 0xBA, 0x25, 0xBA, 0x25, 0xBA, 0x25, 0xBA, 0x25, 0xBA, 
	0x25, 0xBA, 0x25, 0xBA, 0x25, 0xBA, 0x25, 0xBA, 0x25, 0xBA, 0x25, 0xBA, 0x25, 0xBA, 0x25, 0xBA, 
	0x25, 0xBA, 0x25, 0xBA, 0x25, 0xBA, 0x00, 0x00, 0x00, 0x00, 0x00, 0x00, 0x00, 0x00, 0x00, 0x00, 
	0x00, 0x00, 0x00, 0x00, 0x00, 0x00, 0x00, 0x00, 0x00, 0x00, 0x25, 0xBA, 0x25, 0xBA, 0x25, 0xBA, 
	0x25, 0xBA, 0x25, 0xBA, 0x25, 0xBA, 0x25, 0xBA, 0x25, 0xBA, 0x25, 0xBA, 0x25, 0xBA, 0x25, 0xBA, 
	0x25, 0xBA, 0x25, 0xBA, 0x25, 0xBA, 0x25, 0xBA, 0x25, 0xBA, 0x25, 0xBA, 0x25, 0xBA, 0x25, 0xBA, 
	0x25, 0xBA, 0x25, 0xBA, 0x25, 0xBA, 0x25, 0xBA, 0x25, 0xBA, 0x25, 0xBA, 0x25, 0xBA, 0x25, 0xBA, 
	0x25, 0xBA, 0x25, 0xBA, 0x25, 0xBA, 0x25, 0xBA, 0x1C, 0x54, 0x00, 0x00, 0x00, 0x00, 0x00, 0x00, 
	0x00, 0x00, 0x00, 0x00, 0x00, 0x00, 0x00, 0x00, 0x25, 0xBA, 0x25, 0xBA, 0x25, 0xBA, 0x25, 0xBA, 
	0x25, 0xBA, 0x25, 0xBA, 0x25, 0xBA, 0x25, 0xBA, 0x25, 0xBA, 0x25, 0xBA, 0x25, 0xBA, 0x25, 0xBA, 
	0x25, 0xBA, 0x25, 0xBA, 0x25, 0xBA, 0x25, 0xBA, 0x25, 0xBA, 0x25, 0xBA, 0x25, 0xBA, 0x25, 0xBA, 
	0x25, 0xBA, 0x25, 0xBA, 0x25, 0xBA, 0x25, 0xBA, 0x25, 0xBA, 0x25, 0xBA, 0x25, 0xBA, 0x25, 0xBA, 
	0x25, 0xBA, 0x25, 0xBA, 0x25, 0xBA, 0x25, 0xBA, 0x25, 0xBA, 0x00, 0x00, 0x00, 0x00, 0x00, 0x00, 
	0x00, 0x00, 0x00, 0x00, 0x00, 0x00, 0x00, 0x00, 0x00, 0x00, 0x00, 0x00, 0x00, 0x00, 0x00, 0x00, 
	0x00, 0x00, 0x00, 0x00, 0x00, 0x00, 0x00, 0x00, 0x00, 0x00, 0x00, 0x00, 0x09, 0x66, 0x25, 0xBA, 
	0x25, 0xBA, 0x25, 0xBA, 0x25, 0xBA, 0x25, 0xBA, 0x25, 0xBA, 0x25, 0xBA, 0x25, 0xBA, 0x25, 0xBA, 
	0x25, 0xBA, 0x25, 0xBA, 0x00, 0x00, 0x00, 0x00, 0x00, 0x00, 0x00, 0x00, 0x00, 0x00, 0x00, 0x00, 
	0x00, 0x00, 0x00, 0x00, 0x00, 0x00, 0x00, 0x00, 0x00, 0x00, 0x00, 0x00, 0x00, 0x00, 0x00, 0x00, 
	0x00, 0xE6, 0x09, 0xCD, 0x09, 0xCD, 0x09, 0xCD, 0x09, 0xCD, 0x09, 0xCD, 0x09, 0xCD, 0x09, 0xCD, 
	0x09, 0xCD, 0x09, 0xCD, 0x09, 0xCD, 0x09, 0xCD, 0x09, 0xCD, 0x09, 0xCD, 0x09, 0xCD, 0x09, 0xCD, 
	0x09, 0xCD, 0x09, 0xCD, 0x09, 0xCD, 0x00, 0x00, 0x00, 0x00, 0x00, 0x00, 0x00, 0x00, 0x00, 0x00, 
	0x00, 0x00, 0x00, 0x00, 0x00, 0x00, 0x00, 0x00, 0x00, 0x00, 0x00, 0x00, 0x00, 0x00, 0x00, 0x00, 
	0x00, 0x00, 0x00, 0x00, 0x00, 0x00, 0x00, 0x00, 0x00, 0x00, 0x00, 0x00, 0x00, 0x00, 0x00, 0x00, 
	0x00, 0x00, 0x00, 0x00, 0x00, 0x00, 0x00, 0x00, 0x00, 0x00, 0x00, 0x00, 0x00, 0x00, 0x00, 0x00, 
	0x00, 0x00, 0x00, 0x00, 0x00, 0x00, 0x00, 0x00, 0x00, 0x00, 0x00, 0x00, 0x00, 0x00, 0x00, 0x00, 
	0x00, 0x00, 0x00, 0x00, 0x00, 0x00, 0x00, 0x00, 0x00, 0x00, 0x00, 0x00, 0x00, 0x00, 0x00, 0x00, 
	0x00, 0x00, 0x00, 0x00, 0x00, 0x00, 0x00, 0x00, 0x00, 0x00, 0x00, 0x00, 0x00, 0x00, 0x00, 0x00, 
	0x00, 0x00, 0x00, 0x00, 0x00, 0x00, 0x00, 0x00, 0x00, 0x00, 0x00, 0x00, 0x00, 0x00, 0x00, 0x00, 
	0x00, 0x00, 0x00, 0x00, 0x00, 0x00, 0x00, 0x00, 0x00, 0x00, 0x00, 0x00, 0x00, 0x00, 0x00, 0x00, 
	0x00, 0x00, 0x00, 0x00, 0x00, 0x00, 0x00, 0x00, 0x00, 0x00, 0x00, 0x00, 0x00, 0x00, 0x00, 0x00, 
	0x09, 0xCD, 0x09, 0xCD, 0x09, 0xCD, 0x09, 0xCD, 0x09, 0xCD, 0x09, 0xCD, 0x09, 0xCD, 0x09, 0xCD, 
	0x09, 0xCD, 0x09, 0xCD, 0x09, 0xCD, 0x09, 0xCD, 0x09, 0xCD, 0x09, 0xCD, 0x09, 0xCD, 0x09, 0xCD, 
	0x09, 0xCD, 0x09, 0xCD, 0x09, 0xCD, 0x09, 0xCD, 0x09, 0xCD, 0x09, 0xCD, 0x09, 0xCD, 0x09, 0xCD, 
	0x09, 0xCD, 0x09, 0xCD, 0x09, 0xCD, 0x09, 0xCD, 0x09, 0xCD, 0x09, 0xCD, 0x09, 0xCD, 0x09, 0xCD, 
	0x09, 0xCD, 0x09, 0xCD, 0x09, 0xCD, 0x09, 0xCD, 0x09, 0xCD, 0x09, 0xCD, 0x09, 0xCD, 0x09, 0xCD, 
	0x09, 0xCD, 0x09, 0xCD, 0x09, 0xCD, 0x09, 0xCD, 0x09, 0xCD, 0x09, 0xCD, 0x09, 0xCD, 0x09, 0xCD, 
	0x09, 0xCD, 0x09, 0x8B, 0x00, 0x00, 0x00, 0x00, 0x00, 0x00, 0x00, 0x00, 0x00, 0x00, 0x00, 0x00, 
	0x00, 0x00, 0x00, 0x00, 0x00, 0x00, 0x00, 0x00, 0x00, 0x00, 0x00, 0x00, 0x00, 0x00, 0x00, 0x00, 
	0x00, 0x00, 0x00, 0x00, 0x13, 0x90, 0x25, 0xBA, 0x25, 0xBA, 0x25, 0xBA, 0x25, 0xBA, 0x25, 0xBA, 
	0x25, 0xBA, 0x25, 0xBA, 0x25, 0xBA, 0x25, 0xBA, 0x25, 0xBA, 0x25, 0xBA, 0x25, 0xBA, 0x0A, 0x8B, 
	0x00, 0x00, 0x00, 0x00, 0x00, 0x00, 0x00, 0x00, 0x00, 0x00, 0x00, 0x00, 0x25, 0xBA, 0x25, 0xBA, 
	0x25, 0xBA, 0x25, 0xBA, 0x25, 0xBA, 0x25, 0xBA, 0x25, 0xBA, 0x25, 0xBA, 0x25, 0xBA, 0x25, 0xBA, 
	0x25, 0xBA, 0x25, 0xBA, 0x25, 0xBA, 0x00, 0x00, 0x00, 0x00, 0x00, 0x00, 0x00, 0x00, 0x00, 0x00, 
	0x00, 0x00, 0x00, 0x00, 0x00, 0x00, 0x00, 0x00, 0x25, 0xBA, 0x25, 0xBA, 0x25, 0xBA, 0x25, 0xBA, 
	0x25, 0xBA, 0x25, 0xBA, 0x25, 0xBA, 0x25, 0xBA, 0x25, 0xBA, 0x25, 0xBA, 0x25, 0xBA, 0x25, 0xBA, 
	0x25, 0xBA, 0x25, 0xBA, 0x25, 0xBA, 0x12, 0xCD, 0x00, 0x00, 0x09, 0x66, 0x25, 0xBA, 0x25, 0xBA, 
	0x25, 0xBA, 0x25, 0xBA, 0x25, 0xBA, 0x25, 0xBA, 0x25, 0xBA, 0x25, 0xBA, 0x25, 0xBA, 0x25, 0xBA, 
	0x25, 0xBA, 0x25, 0xBA, 0x25, 0xBA, 0x25, 0xBA, 0x25, 0xBA, 0x00, 0x00, 0x00, 0x00, 0x00, 0x00, 
	0x00, 0x00, 0x00, 0x00, 0x00, 0x00, 0x00, 0x00, 0x00, 0x00, 0x25, 0xBA, 0x25, 0xBA, 0x25, 0xBA, 
	0x25, 0xBA, 0x25, 0xBA, 0x25, 0xBA, 0x25, 0xBA, 0x25, 0xBA, 0x25, 0xBA, 0x25, 0xBA, 0x25, 0xBA, 
	0x25, 0xBA, 0x25, 0xBA, 0x00, 0x41, 0x00, 0x00, 0x00, 0x00, 0x00, 0x00, 0x00, 0x00, 0x00, 0x00, 
	0x1C, 0xF7, 0x25, 0xBA, 0x25, 0xBA, 0x25, 0xBA, 0x25, 0xBA, 0x25, 0xBA, 0x25, 0xBA, 0x25, 0xBA, 
	0x25, 0xBA, 0x25, 0xBA, 0x25, 0xBA, 0x25, 0xBA, 0x25, 0xBA, 0x09, 0xC8, 0x00, 0x00, 0x00, 0x00, 
	0x00, 0x00, 0x00, 0x00, 0x00, 0x00, 0x00, 0x00, 0x00, 0x00, 0x00, 0x00, 0x00, 0x00, 0x00, 0x00, 
	0x00, 0x00, 0x00, 0x00, 0x00, 0x00, 0x00, 0x00, 0x00, 0x00, 0x00, 0x00, 0x25, 0xBA, 0x25, 0xBA, 
	0x25, 0xBA, 0x25, 0xBA, 0x25, 0xBA, 0x25, 0xBA, 0x25, 0xBA, 0x25, 0xBA, 0x25, 0xBA, 0x25, 0xBA, 
	0x25, 0xBA, 0x00, 0x00, 0x00, 0x00, 0x00, 0x00, 0x00, 0x00, 0x00, 0x00, 0x00, 0x00, 0x00, 0x00, 
	0x00, 0x00, 0x00, 0x00, 0x00, 0x00, 0x00, 0x00, 0x00, 0x00, 0x00, 0x00, 0x00, 0x00, 0x00, 0x00, 
	0x09, 0x4A, 0x09, 0xCD, 0x09, 0xCD, 0x09, 0xCD, 0x09, 0xCD, 0x09, 0xCD, 0x09, 0xCD, 0x09, 0xCD, 
	0x09, 0xCD, 0x09, 0xCD, 0x09, 0xCD, 0x09, 0xCD, 0x09, 0xCD, 0x09, 0xCD, 0x09, 0xCD, 0x09, 0xCD, 
	0x09, 0xCD, 0x09, 0xCD, 0x09, 0xCD, 0x00, 0x00, 0x00, 0x00, 0x00, 0x00, 0x00, 0x00, 0x00, 0x00, 
	0x00, 0x00, 0x00, 0x00, 0x00, 0x00, 0x00, 0x00, 0x00, 0x00, 0x00, 0x00, 0x00, 0x00, 0x00, 0x00, 
	0x00, 0x00, 0x00, 0x00, 0x00, 0x00, 0x00, 0x00, 0x00, 0x00, 0x00, 0x00, 0x00, 0x00, 0x00, 0x00, 
	0x00, 0x00, 0x00, 0x00, 0x00, 0x00, 0x00, 0x00, 0x00, 0x00, 0x00, 0x00, 0x01, 0x08, 0x09, 0xCD, 
	0x09, 0xCD, 0x09, 0xCD, 0x09, 0xCD, 0x09, 0xCD, 0x09, 0xCD, 0x09, 0xCD, 0x09, 0xCD, 0x09, 0xCD, 
	0x09, 0xCD, 0x09, 0xCD, 0x09, 0xCD, 0x09, 0xCD, 0x09, 0xCD, 0x09, 0xCD, 0x09, 0xCD, 0x09, 0xCD, 
	0x09, 0xCD, 0x09, 0xCD, 0x09, 0xCD, 0x09, 0xCD, 0x09, 0xCD, 0x09, 0xCD, 0x09, 0xCD, 0x09, 0xCD, 
	0x09, 0xCD, 0x09, 0xCD, 0x09, 0xCD, 0x09, 0xCD, 0x09, 0xCD, 0x09, 0xCD, 0x09, 0xCD, 0x09, 0xCD, 
	0x09, 0xCD, 0x09, 0xCD, 0x09, 0xCD, 0x00, 0x00, 0x00, 0x00, 0x00, 0x00, 0x00, 0x00, 0x00, 0x00, 
	0x00, 0x00, 0x00, 0x00, 0x00, 0x00, 0x00, 0x00, 0x00, 0x00, 0x00, 0x00, 0x00, 0x00, 0x09, 0xCD, 
	0x09, 0xCD, 0x09, 0xCD, 0x09, 0xCD, 0x09, 0xCD, 0x09, 0xCD, 0x09, 0xCD, 0x09, 0xCD, 0x09, 0xCD, 
	0x09, 0xCD, 0x09, 0xCD, 0x09, 0xCD, 0x09, 0xCD, 0x09, 0xCD, 0x09, 0xCD, 0x09, 0xCD, 0x09, 0xCD, 
	0x09, 0xCD, 0x09, 0xCD, 0x09, 0xCD, 0x09, 0xCD, 0x09, 0xCD, 0x09, 0xCD, 0x09, 0xCD, 0x09, 0xCD, 
	0x09, 0xCD, 0x09, 0xCD, 0x09, 0xCD, 0x09, 0xCD, 0x09, 0xCD, 0x09, 0xCD, 0x09, 0xCD, 0x09, 0xCD, 
	0x09, 0xCD, 0x09, 0xCD, 0x09, 0xCD, 0x09, 0xCD, 0x09, 0xCD, 0x09, 0xCD, 0x09, 0xCD, 0x09, 0xCD, 
	0x09, 0xCD, 0x09, 0xCD, 0x09, 0xCD, 0x09, 0xCD, 0x09, 0xCD, 0x09, 0xCD, 0x09, 0xCD, 0x09, 0xCD, 
	0x09, 0xCD, 0x09, 0xCD, 0x00, 0x00, 0x00, 0x00, 0x00, 0x00, 0x00, 0x00, 0x00, 0x00, 0x00, 0x00, 
	0x00, 0x00, 0x00, 0x00, 0x00, 0x00, 0x00, 0x00, 0x00, 0x00, 0x00, 0x00, 0x00, 0x00, 0x00, 0x00, 
	0x00, 0x00, 0x00, 0x00, 0x00, 0x00, 0x25, 0xBA, 0x25, 0xBA, 0x25, 0xBA, 0x25, 0xBA, 0x25, 0xBA, 
	0x25, 0xBA, 0x25, 0xBA, 0x25, 0xBA, 0x25, 0xBA, 0x25, 0xBA, 0x13, 0xF2, 0x00, 0x00, 0x00, 0x00, 
	0x00, 0x00, 0x00, 0x00, 0x00, 0x00, 0x00, 0x00, 0x00, 0x00, 0x00, 0x00, 0x00, 0x00, 0x25, 0xBA, 
	0x25, 0xBA, 0x25, 0xBA, 0x25, 0xBA, 0x25, 0xBA, 0x25, 0xBA, 0x25, 0xBA, 0x25, 0xBA, 0x25, 0xBA, 
	0x25, 0xBA, 0x25, 0xBA, 0x25, 0xBA, 0x00, 0x00, 0x00, 0x00, 0x00, 0x00, 0x00, 0x00, 0x00, 0x00, 
	0x00, 0x00, 0x00, 0x00, 0x00, 0x00, 0x00, 0x00, 0x25, 0xBA, 0x25, 0xBA, 0x25, 0xBA, 0x25, 0xBA, 
	0x25, 0xBA, 0x25, 0xBA, 0x25, 0xBA, 0x25, 0xBA, 0x25, 0xBA, 0x25, 0xBA, 0x25, 0xBA, 0x25, 0xBA, 
	0x25, 0xBA, 0x00, 0x41, 0x00, 0x00, 0x00, 0x00, 0x00, 0x00, 0x00, 0x00, 0x00, 0x00, 0x00, 0x00, 
	0x25, 0xBA, 0x25, 0xBA, 0x25, 0xBA, 0x25, 0xBA, 0x25, 0xBA, 0x25, 0xBA, 0x25, 0xBA, 0x25, 0xBA, 
	0x25, 0xBA, 0x25, 0xBA, 0x25, 0xBA, 0x25, 0xBA, 0x25, 0xBA, 0x09, 0x66, 0x00, 0x00, 0x00, 0x00, 
	0x00, 0x00, 0x00, 0x00, 0x00, 0x00, 0x00, 0x00, 0x00, 0x00, 0x00, 0x00, 0x25, 0xBA, 0x25, 0xBA, 
	0x25, 0xBA, 0x25, 0xBA, 0x25, 0xBA, 0x25, 0xBA, 0x25, 0xBA, 0x25, 0xBA, 0x25, 0xBA, 0x25, 0xBA, 
	0x00, 0x41, 0x00, 0x00, 0x00, 0x00, 0x00, 0x00, 0x00, 0x00, 0x00, 0x00, 0x00, 0x00, 0x00, 0x00, 
	0x00, 0x00, 0x00, 0x00, 0x25, 0xBA, 0x25, 0xBA, 0x25, 0xBA, 0x25, 0xBA, 0x25, 0xBA, 0x25, 0xBA, 
	0x25, 0xBA, 0x25, 0xBA, 0x25, 0xBA, 0x25, 0xBA, 0x25, 0xBA, 0x25, 0xBA, 0x00, 0x00, 0x00, 0x00, 
	0x00, 0x00, 0x00, 0x00, 0x00, 0x00, 0x00, 0x00, 0x00, 0x00, 0x00, 0x00, 0x00, 0x00, 0x00, 0x00, 
	0x00, 0x00, 0x00, 0x00, 0x00, 0x00, 0x00, 0x00, 0x00, 0x00, 0x25, 0xBA, 0x25, 0xBA, 0x25, 0xBA, 
	0x25, 0xBA, 0x25, 0xBA, 0x25, 0xBA, 0x25, 0xBA, 0x25, 0xBA, 0x25, 0xBA, 0x25, 0xBA, 0x25, 0xBA, 
	0x25, 0xBA, 0x00, 0x00, 0x00, 0x00, 0x00, 0x00, 0x00, 0x00, 0x00, 0x00, 0x00, 0x00, 0x00, 0x00, 
	0x00, 0x00, 0x00, 0x00, 0x00, 0x00, 0x00, 0x00, 0x00, 0x00, 0x00, 0x00, 0x00, 0x00, 0x00, 0x00, 
	0x09, 0x6B, 0x09, 0xCD, 0x09, 0xCD, 0x09, 0xCD, 0x09, 0xCD, 0x09, 0xCD, 0x09, 0xCD, 0x09, 0xCD, 
	0x09, 0xCD, 0x09, 0xCD, 0x09, 0xCD, 0x09, 0xCD, 0x09, 0xCD, 0x09, 0xCD, 0x09, 0xCD, 0x09, 0xCD, 
	0x09, 0xCD, 0x09, 0xCD, 0x09, 0xCD, 0x00, 0x00, 0x00, 0x00, 0x00, 0x00, 0x00, 0x00, 0x00, 0x00, 
	0x00, 0x00, 0x00, 0x00, 0x00, 0x00, 0x00, 0x00, 0x00, 0x00, 0x00, 0x00, 0x00, 0x00, 0x00, 0x00, 
	0x00, 0x00, 0x00, 0x00, 0x00, 0x00, 0x00, 0x00, 0x00, 0x00, 0x00, 0x00, 0x00, 0x00, 0x00, 0x00, 
	0x00, 0x00, 0x00, 0x00, 0x00, 0x00, 0x00, 0x00, 0x00, 0x00, 0x09, 0xCD, 0x09, 0xCD, 0x09, 0xCD, 
	0x09, 0xCD, 0x09, 0xCD, 0x09, 0xCD, 0x09, 0xCD, 0x09, 0xCD, 0x09, 0xCD, 0x09, 0xCD, 0x09, 0xCD, 
	0x09, 0xCD, 0x09, 0xCD, 0x09, 0xCD, 0x09, 0xCD, 0x09, 0xCD, 0x09, 0xCD, 0x09, 0xCD, 0x09, 0xCD, 
	0x09, 0xCD, 0x09, 0xCD, 0x09, 0xCD, 0x09, 0xCD, 0x09, 0xCD, 0x09, 0xCD, 0x09, 0xCD, 0x09, 0xCD, 
	0x09, 0xCD, 0x09, 0xCD, 0x09, 0xCD, 0x09, 0xCD, 0x09, 0xCD, 0x09, 0xCD, 0x09, 0xCD, 0x09, 0xCD, 
	0x09, 0xCD, 0x09, 0xCD, 0x09, 0xCD, 0x09, 0xCD, 0x00, 0xC6, 0x00, 0x00, 0x00, 0x00, 0x00, 0x00, 
	0x00, 0x00, 0x00, 0x00, 0x00, 0x00, 0x00, 0x00, 0x00, 0x00, 0x00, 0x00, 0x09, 0x4A, 0x09, 0xCD, 
	0x09, 0xCD, 0x09, 0xCD, 0x09, 0xCD, 0x09, 0xCD, 0x09, 0xCD, 0x09, 0xCD, 0x09, 0xCD, 0x09, 0xCD, 
	0x09, 0xCD, 0x09, 0xCD, 0x09, 0xCD, 0x09, 0xCD, 0x09, 0xCD, 0x09, 0xCD, 0x09, 0xCD, 0x09, 0xCD, 
	0x09, 0xCD, 0x09, 0xCD, 0x09, 0xCD, 0x09, 0xCD, 0x09, 0xCD, 0x09, 0xCD, 0x09, 0xCD, 0x09, 0xCD, 
	0x09, 0xCD, 0x09, 0xCD, 0x09, 0xCD, 0x09, 0xCD, 0x09, 0xCD, 0x09, 0xCD, 0x09, 0xCD, 0x09, 0xCD, 
	0x09, 0xCD, 0x09, 0xCD, 0x09, 0xCD, 0x09, 0xCD, 0x09, 0xCD, 0x09, 0xCD, 0x09, 0xCD, 0x09, 0xCD, 
	0x09, 0xCD, 0x09, 0xCD, 0x09, 0xCD, 0x09, 0xCD, 0x09, 0xCD, 0x09, 0xCD, 0x09, 0xCD, 0x09, 0xCD, 
	0x09, 0xCD, 0x09, 0xCD, 0x09, 0xCD, 0x00, 0x00, 0x00, 0x00, 0x00, 0x00, 0x00, 0x00, 0x00, 0x00, 
	0x00, 0x00, 0x00, 0x00, 0x00, 0x00, 0x00, 0x00, 0x00, 0x00, 0x00, 0x00, 0x00, 0x00, 0x00, 0x00, 
	0x00, 0x00, 0x00, 0x00, 0x00, 0x00, 0x00, 0x00, 0x25, 0xBA, 0x25, 0xBA, 0x25, 0xBA, 0x25, 0xBA, 
	0x25, 0xBA, 0x25, 0xBA, 0x25, 0xBA, 0x25, 0xBA, 0x01, 0x05, 0x00, 0x00, 0x00, 0x00, 0x00, 0x00, 
	0x00, 0x00, 0x00, 0x00, 0x00, 0x00, 0x00, 0x00, 0x00, 0x00, 0x00, 0x00, 0x00, 0x00, 0x00, 0x00, 
	0x25, 0xBA, 0x25, 0xBA, 0x25, 0xBA, 0x25, 0xBA, 0x25, 0xBA, 0x25, 0xBA, 0x25, 0xBA, 0x25, 0xBA, 
	0x25, 0xBA, 0x25, 0xBA, 0x25, 0xBA, 0x09, 0xC8, 0x00, 0x00, 0x00, 0x00, 0x00, 0x00, 0x00, 0x00, 
	0x00, 0x00, 0x00, 0x00, 0x00, 0x00, 0x0A, 0x2A, 0x25, 0xBA, 0x25, 0xBA, 0x25, 0xBA, 0x25, 0xBA, 
	0x25, 0xBA, 0x25, 0xBA, 0x25, 0xBA, 0x25, 0xBA, 0x25, 0xBA, 0x25, 0xBA, 0x25, 0xBA, 0x25, 0xBA, 
	0x00, 0x00, 0x00, 0x00, 0x00, 0x00, 0x00, 0x00, 0x00, 0x00, 0x00, 0x00, 0x00, 0x00, 0x00, 0x00, 
	0x00, 0x00, 0x25, 0xBA, 0x25, 0xBA, 0x25, 0xBA, 0x25, 0xBA, 0x25, 0xBA, 0x25, 0xBA, 0x25, 0xBA, 
	0x25, 0xBA, 0x25, 0xBA, 0x25, 0xBA, 0x25, 0xBA, 0x25, 0xBA, 0x25, 0xBA, 0x00, 0x00, 0x00, 0x00, 
	0x00, 0x00, 0x00, 0x00, 0x00, 0x00, 0x00, 0x00, 0x00, 0x00, 0x00, 0x00, 0x00, 0x00, 0x25, 0xBA, 
	0x25, 0xBA, 0x25, 0xBA, 0x25, 0xBA, 0x25, 0xBA, 0x25, 0xBA, 0x25, 0xBA, 0x25, 0xBA, 0x00, 0x00, 
	0x00, 0x00, 0x00, 0x00, 0x00, 0x00, 0x00, 0x00, 0x00, 0x00, 0x00, 0x00, 0x00, 0x00, 0x00, 0x00, 
	0x00, 0x00, 0x00, 0x00, 0x12, 0xCD, 0x25, 0xBA, 0x25, 0xBA, 0x25, 0xBA, 0x25, 0xBA, 0x25, 0xBA, 
	0x25, 0xBA, 0x25, 0xBA, 0x25, 0xBA, 0x25, 0xBA, 0x25, 0xBA, 0x25, 0xBA, 0x00, 0x00, 0x00, 0x00, 
	0x00, 0x00, 0x00, 0x00, 0x00, 0x00, 0x00, 0x00, 0x00, 0x00, 0x00, 0x00, 0x00, 0x00, 0x00, 0x00, 
	0x00, 0x00, 0x00, 0x00, 0x00, 0x00, 0x00, 0x00, 0x00, 0x00, 0x25, 0xBA, 0x25, 0xBA, 0x25, 0xBA, 
	0x25, 0xBA, 0x25, 0xBA, 0x25, 0xBA, 0x25, 0xBA, 0x25, 0xBA, 0x25, 0xBA, 0x25, 0xBA, 0x25, 0xBA, 
	0x00, 0x00, 0x00, 0x00, 0x00, 0x00, 0x00, 0x00, 0x00, 0x00, 0x00, 0x00, 0x00, 0x00, 0x00, 0x00, 
	0x00, 0x00, 0x00, 0x00, 0x00, 0x00, 0x00, 0x00, 0x00, 0x00, 0x00, 0x00, 0x00, 0x00, 0x00, 0x00, 
	0x09, 0xCD, 0x09, 0xCD, 0x09, 0xCD, 0x09, 0xCD, 0x09, 0xCD, 0x09, 0xCD, 0x09, 0xCD, 0x09, 0xCD, 
	0x09, 0xCD, 0x09, 0xCD, 0x09, 0xCD, 0x09, 0xCD, 0x09, 0xCD, 0x09, 0xCD, 0x09, 0xCD, 0x09, 0xCD, 
	0x09, 0xCD, 0x09, 0xCD, 0x09, 0x4A, 0x00, 0x00, 0x00, 0x00, 0x00, 0x00, 0x00, 0x00, 0x00, 0x00, 
	0x00, 0x00, 0x00, 0x00, 0x00, 0x00, 0x00, 0x00, 0x00, 0x00, 0x00, 0x00, 0x00, 0x00, 0x00, 0x00, 
	0x00, 0x00, 0x00, 0x00, 0x00, 0x00, 0x00, 0x00, 0x00, 0x00, 0x00, 0x00, 0x00, 0x00, 0x00, 0x00, 
	0x00, 0x00, 0x00, 0x00, 0x00, 0x00, 0x00, 0x00, 0x09, 0xCD, 0x09, 0xCD, 0x09, 0xCD, 0x09, 0xCD, 
	0x09, 0xCD, 0x09, 0xCD, 0x09, 0xCD, 0x09, 0xCD, 0x09, 0xCD, 0x09, 0xCD, 0x09, 0xCD, 0x09, 0xCD, 
	0x09, 0xCD, 0x09, 0xCD, 0x09, 0xCD, 0x09, 0xCD, 0x09, 0xCD, 0x09, 0xCD, 0x09, 0xCD, 0x09, 0xCD, 
	0x09, 0xCD, 0x09, 0xCD, 0x09, 0xCD, 0x09, 0xCD, 0x09, 0xCD, 0x09, 0xCD, 0x09, 0xCD, 0x09, 0xCD, 
	0x09, 0xCD, 0x09, 0xCD, 0x09, 0xCD, 0x09, 0xCD, 0x09, 0xCD, 0x09, 0xCD, 0x09, 0xCD, 0x09, 0xCD, 
	0x09, 0xCD, 0x09, 0xCD, 0x09, 0xCD, 0x09, 0xCD, 0x09, 0xCD, 0x09, 0xCD, 0x00, 0x00, 0x00, 0x00, 
	0x00, 0x00, 0x00, 0x00, 0x00, 0x00, 0x00, 0x00, 0x00, 0x00, 0x00, 0x00, 0x09, 0xCD, 0x09, 0xCD, 
	0x09, 0xCD, 0x09, 0xCD, 0x09, 0xCD, 0x09, 0xCD, 0x09, 0xCD, 0x09, 0xCD, 0x09, 0xCD, 0x09, 0xCD, 
	0x09, 0xCD, 0x09, 0xCD, 0x09, 0xCD, 0x09, 0xCD, 0x09, 0xCD, 0x09, 0xCD, 0x09, 0xCD, 0x09, 0xCD, 
	0x09, 0xCD, 0x09, 0xCD, 0x09, 0xCD, 0x09, 0xCD, 0x09, 0xCD, 0x09, 0xCD, 0x09, 0xCD, 0x09, 0xCD, 
	0x09, 0xCD, 0x09, 0xCD, 0x09, 0xCD, 0x09, 0xCD, 0x09, 0xCD, 0x09, 0xCD, 0x09, 0xCD, 0x09, 0xCD, 
	0x09, 0xCD, 0x09, 0xCD, 0x09, 0xCD, 0x09, 0xCD, 0x09, 0xCD, 0x09, 0xCD, 0x09, 0xCD, 0x09, 0xCD, 
	0x09, 0xCD, 0x09, 0xCD, 0x09, 0xCD, 0x09, 0xCD, 0x09, 0xCD, 0x09, 0xCD, 0x09, 0xCD, 0x09, 0xCD, 
	0x09, 0xCD, 0x09, 0xCD, 0x09, 0xCD, 0x01, 0x29, 0x00, 0x00, 0x00, 0x00, 0x00, 0x00, 0x00, 0x00, 
	0x00, 0x00, 0x00, 0x00, 0x00, 0x00, 0x00, 0x00, 0x00, 0x00, 0x00, 0x00, 0x00, 0x00, 0x00, 0x00, 
	0x00, 0x00, 0x00, 0x00, 0x00, 0x00, 0x00, 0x00, 0x00, 0x00, 0x25, 0xBA, 0x25, 0xBA, 0x25, 0xBA, 
	0x25, 0xBA, 0x25, 0xBA, 0x25, 0xBA, 0x00, 0x00, 0x00, 0x00, 0x00, 0x00, 0x00, 0x00, 0x00, 0x00, 
	0x00, 0x00, 0x00, 0x00, 0x00, 0x00, 0x00, 0x00, 0x00, 0x00, 0x00, 0x00, 0x00, 0x00, 0x00, 0x00, 
	0x00, 0x00, 0x25, 0xBA, 0x25, 0xBA, 0x25, 0xBA, 0x25, 0xBA, 0x25, 0xBA, 0x25, 0xBA, 0x25, 0xBA, 
	0x25, 0xBA, 0x25, 0xBA, 0x25, 0xBA, 0x25, 0xBA, 0x00, 0x00, 0x00, 0x00, 0x00, 0x00, 0x00, 0x00, 
	0x00, 0x00, 0x00, 0x00, 0x00, 0x00, 0x25, 0xBA, 0x25, 0xBA, 0x25, 0xBA, 0x25, 0xBA, 0x25, 0xBA, 
	0x25, 0xBA, 0x25, 0xBA, 0x25, 0xBA, 0x25, 0xBA, 0x25, 0xBA, 0x25, 0xBA, 0x25, 0xBA, 0x00, 0x00, 
	0x00, 0x00, 0x00, 0x00, 0x00, 0x00, 0x00, 0x00, 0x00, 0x00, 0x00, 0x00, 0x00, 0x00, 0x00, 0x00, 
	0x00, 0x00, 0x00, 0x00, 0x25, 0xBA, 0x25, 0xBA, 0x25, 0xBA, 0x25, 0xBA, 0x25, 0xBA, 0x25, 0xBA, 
	0x25, 0xBA, 0x25, 0xBA, 0x25, 0xBA, 0x25, 0xBA, 0x25, 0xBA, 0x25, 0xBA, 0x00, 0x00, 0x00, 0x00, 
	0x00, 0x00, 0x00, 0x00, 0x00, 0x00, 0x00, 0x00, 0x00, 0x00, 0x00, 0x00, 0x00, 0x00, 0x00, 0x00, 
	0x25, 0xBA, 0x25, 0xBA, 0x25, 0xBA, 0x25, 0xBA, 0x25, 0xBA, 0x12, 0xCD, 0x00, 0x00, 0x00, 0x00, 
	0x00, 0x00, 0x00, 0x00, 0x00, 0x00, 0x00, 0x00, 0x00, 0x00, 0x00, 0x00, 0x00, 0x00, 0x00, 0x00, 
	0x00, 0x00, 0x00, 0x00, 0x00, 0x00, 0x25, 0xBA, 0x25, 0xBA, 0x25, 0xBA, 0x25, 0xBA, 0x25, 0xBA, 
	0x25, 0xBA, 0x25, 0xBA, 0x25, 0xBA, 0x25, 0xBA, 0x25, 0xBA, 0x25, 0xBA, 0x00, 0x00, 0x00, 0x00, 
	0x00, 0x00, 0x00, 0x00, 0x00, 0x00, 0x00, 0x00, 0x00, 0x00, 0x00, 0x00, 0x00, 0x00, 0x00, 0x00, 
	0x00, 0x00, 0x00, 0x00, 0x00, 0x00, 0x00, 0x00, 0x25, 0xBA, 0x25, 0xBA, 0x25, 0xBA, 0x25, 0xBA, 
	0x25, 0xBA, 0x25, 0xBA, 0x25, 0xBA, 0x25, 0xBA, 0x25, 0xBA, 0x25, 0xBA, 0x25, 0xBA, 0x00, 0x00, 
	0x00, 0x00, 0x00, 0x00, 0x00, 0x00, 0x00, 0x00, 0x00, 0x00, 0x00, 0x00, 0x00, 0x00, 0x00, 0x00, 
	0x00, 0x00, 0x00, 0x00, 0x00, 0x00, 0x00, 0x00, 0x00, 0x00, 0x00, 0x00, 0x00, 0x00, 0x00, 0x00, 
	0x09, 0xCD, 0x09, 0xCD, 0x09, 0xCD, 0x09, 0xCD, 0x09, 0xCD, 0x09, 0xCD, 0x09, 0xCD, 0x09, 0xCD, 
	0x09, 0xCD, 0x09, 0xCD, 0x09, 0xCD, 0x09, 0xCD, 0x09, 0xCD, 0x09, 0xCD, 0x09, 0xCD, 0x09, 0xCD, 
	0x09, 0xCD, 0x09, 0xCD, 0x09, 0x4A, 0x00, 0x00, 0x00, 0x00, 0x00, 0x00, 0x00, 0x00, 0x00, 0x00, 
	0x00, 0x00, 0x00, 0x00, 0x00, 0x00, 0x00, 0x00, 0x00, 0x00, 0x00, 0x00, 0x00, 0x00, 0x00, 0x00, 
	0x00, 0x00, 0x00, 0x00, 0x00, 0x00, 0x00, 0x00, 0x00, 0x00, 0x00, 0x00, 0x00, 0x00, 0x00, 0x00, 
	0x00, 0x00, 0x00, 0x00, 0x00, 0x00, 0x09, 0x8B, 0x09, 0xCD, 0x09, 0xCD, 0x09, 0xCD, 0x09, 0xCD, 
	0x09, 0xCD, 0x09, 0xCD, 0x09, 0xCD, 0x09, 0xCD, 0x09, 0xCD, 0x09, 0xCD, 0x09, 0xCD, 0x09, 0xCD, 
	0x09, 0xCD, 0x09, 0xCD, 0x09, 0xCD, 0x09, 0xCD, 0x09, 0xCD, 0x09, 0xCD, 0x09, 0xCD, 0x09, 0xCD, 
	0x09, 0xCD, 0x09, 0xCD, 0x09, 0xCD, 0x09, 0xCD, 0x09, 0xCD, 0x09, 0xCD, 0x09, 0xCD, 0x09, 0xCD, 
	0x09, 0xCD, 0x09, 0xCD, 0x09, 0xCD, 0x09, 0xCD, 0x09, 0xCD, 0x09, 0xCD, 0x09, 0xCD, 0x09, 0xCD, 
	0x09, 0xCD, 0x09, 0xCD, 0x09, 0xCD, 0x09, 0xCD, 0x09, 0xCD, 0x09, 0xCD, 0x00, 0x00, 0x00, 0x00, 
	0x00, 0x00, 0x00, 0x00, 0x00, 0x00, 0x00, 0x00, 0x00, 0x00, 0x09, 0xAC, 0x09, 0xCD, 0x09, 0xCD, 
	0x09, 0xCD, 0x09, 0xCD, 0x09, 0xCD, 0x09, 0xCD, 0x09, 0xCD, 0x09, 0xCD, 0x09, 0xCD, 0x09, 0xCD, 
	0x09, 0xCD, 0x09, 0xCD, 0x09, 0xCD, 0x09, 0xCD, 0x09, 0xCD, 0x09, 0xCD, 0x09, 0xCD, 0x09, 0xCD, 
	0x09, 0xCD, 0x09, 0xCD, 0x09, 0xCD, 0x09, 0xCD, 0x09, 0xCD, 0x09, 0x4A, 0x00, 0x63, 0x00, 0x00, 
	0x00, 0x00, 0x00, 0x00, 0x00, 0x00, 0x01, 0x08, 0x09, 0xCD, 0x09, 0xCD, 0x09, 0xCD, 0x09, 0xCD, 
	0x09, 0xCD, 0x09, 0xCD, 0x09, 0xCD, 0x09, 0xCD, 0x09, 0xCD, 0x09, 0xCD, 0x09, 0xCD, 0x09, 0xCD, 
	0x09, 0xCD, 0x09, 0xCD, 0x09, 0xCD, 0x09, 0xCD, 0x09, 0xCD, 0x09, 0xCD, 0x09, 0xCD, 0x09, 0xCD, 
	0x09, 0xCD, 0x09, 0xCD, 0x09, 0xCD, 0x09, 0xCD, 0x00, 0x00, 0x00, 0x00, 0x00, 0x00, 0x00, 0x00, 
	0x00, 0x00, 0x00, 0x00, 0x00, 0x00, 0x00, 0x00, 0x00, 0x00, 0x00, 0x00, 0x00, 0x00, 0x00, 0x00, 
	0x00, 0x00, 0x00, 0x00, 0x00, 0x00, 0x00, 0x00, 0x00, 0x00, 0x00, 0x00, 0x25, 0xBA, 0x25, 0xBA, 
	0x25, 0xBA, 0x25, 0xBA, 0x00, 0x00, 0x00, 0x00, 0x00, 0x00, 0x00, 0x00, 0x00, 0x00, 0x00, 0x00, 
	0x00, 0x00, 0x00, 0x00, 0x00, 0x00, 0x00, 0x00, 0x00, 0x00, 0x00, 0x00, 0x00, 0x00, 0x00, 0x00, 
	0x00, 0x00, 0x25, 0xBA, 0x25, 0xBA, 0x25, 0xBA, 0x25, 0xBA, 0x25, 0xBA, 0x25, 0xBA, 0x25, 0xBA, 
	0x25, 0xBA, 0x25, 0xBA, 0x25, 0xBA, 0x25, 0xBA, 0x00, 0x00, 0x00, 0x00, 0x00, 0x00, 0x00, 0x00, 
	0x00, 0x00, 0x00, 0x00, 0x0A, 0x8B, 0x25, 0xBA, 0x25, 0xBA, 0x25, 0xBA, 0x25, 0xBA, 0x25, 0xBA, 
	0x25, 0xBA, 0x25, 0xBA, 0x25, 0xBA, 0x25, 0xBA, 0x25, 0xBA, 0x25, 0xBA, 0x09, 0xC8, 0x00, 0x00, 
	0x00, 0x00, 0x00, 0x00, 0x00, 0x00, 0x00, 0x00, 0x00, 0x00, 0x00, 0x00, 0x00, 0x00, 0x00, 0x00, 
	0x00, 0x00, 0x00, 0x00, 0x00, 0x00, 0x25, 0xBA, 0x25, 0xBA, 0x25, 0xBA, 0x25, 0xBA, 0x25, 0xBA, 
	0x25, 0xBA, 0x25, 0xBA, 0x25, 0xBA, 0x25, 0xBA, 0x25, 0xBA, 0x25, 0xBA, 0x13, 0xF2, 0x00, 0x00, 
	0x00, 0x00, 0x00, 0x00, 0x00, 0x00, 0x00, 0x00, 0x00, 0x00, 0x00, 0x00, 0x00, 0x00, 0x00, 0x00, 
	0x13, 0x90, 0x25, 0xBA, 0x25, 0xBA, 0x25, 0xBA, 0x1D, 0x59, 0x00, 0x00, 0x00, 0x00, 0x00, 0x00, 
	0x00, 0x00, 0x00, 0x00, 0x00, 0x00, 0x00, 0x00, 0x00, 0x00, 0x00, 0x00, 0x00, 0x00, 0x00, 0x00, 
	0x00, 0x00, 0x00, 0x00, 0x00, 0x00, 0x13, 0x90, 0x25, 0xBA, 0x25, 0xBA, 0x25, 0xBA, 0x25, 0xBA, 
	0x25, 0xBA, 0x25, 0xBA, 0x25, 0xBA, 0x25, 0xBA, 0x25, 0xBA, 0x25, 0xBA, 0x09, 0xC8, 0x00, 0x00, 
	0x00, 0x00, 0x00, 0x00, 0x00, 0x00, 0x00, 0x00, 0x00, 0x00, 0x00, 0x00, 0x00, 0x00, 0x00, 0x00, 
	0x00, 0x00, 0x00, 0x00, 0x00, 0x00, 0x1C, 0x54, 0x25, 0xBA, 0x25, 0xBA, 0x25, 0xBA, 0x25, 0xBA, 
	0x25, 0xBA, 0x25, 0xBA, 0x25, 0xBA, 0x25, 0xBA, 0x25, 0xBA, 0x25, 0xBA, 0x25, 0xBA, 0x00, 0x00, 
	0x00, 0x00, 0x00, 0x00, 0x00, 0x00, 0x00, 0x00, 0x00, 0x00, 0x00, 0x00, 0x00, 0x00, 0x00, 0x00, 
	0x00, 0x00, 0x00, 0x00, 0x00, 0x00, 0x00, 0x00, 0x00, 0x00, 0x00, 0x00, 0x00, 0x00, 0x00, 0x00, 
	0x09, 0xCD, 0x09, 0xCD, 0x09, 0xCD, 0x09, 0xCD, 0x09, 0xCD, 0x09, 0xCD, 0x09, 0xCD, 0x09, 0xCD, 
	0x09, 0xCD, 0x09, 0xCD, 0x09, 0xCD, 0x09, 0xCD, 0x09, 0xCD, 0x09, 0xCD, 0x09, 0xCD, 0x09, 0xCD, 
	0x09, 0xCD, 0x09, 0xCD, 0x09, 0x4A, 0x00, 0x00, 0x00, 0x00, 0x00, 0x00, 0x00, 0x00, 0x00, 0x00, 
	0x00, 0x00, 0x00, 0x00, 0x00, 0x00, 0x00, 0x00, 0x00, 0x00, 0x00, 0x00, 0x00, 0x00, 0x00, 0x00, 
	0x00, 0x00, 0x00, 0x00, 0x00, 0x00, 0x00, 0x00, 0x00, 0x00, 0x00, 0x00, 0x00, 0x00, 0x00, 0x00, 
	0x00, 0x00, 0x00, 0x00, 0x00, 0x00, 0x09, 0xCD, 0x09, 0xCD, 0x09, 0xCD, 0x09, 0xCD, 0x09, 0xCD, 
	0x09, 0xCD, 0x09, 0xCD, 0x09, 0xCD, 0x09, 0xCD, 0x09, 0xCD, 0x09, 0xCD, 0x09, 0xCD, 0x09, 0xCD, 
	0x09, 0xCD, 0x09, 0xCD, 0x09, 0xCD, 0x09, 0xCD, 0x09, 0xCD, 0x09, 0xCD, 0x09, 0xCD, 0x09, 0xCD, 
	0x09, 0xCD, 0x09, 0xCD, 0x09, 0xCD, 0x09, 0xCD, 0x09, 0xCD, 0x09, 0xCD, 0x09, 0xCD, 0x09, 0xCD, 
	0x09, 0xCD, 0x09, 0xCD, 0x09, 0xCD, 0x09, 0xCD, 0x09, 0xCD, 0x09, 0xCD, 0x09, 0xCD, 0x09, 0xCD, 
	0x09, 0xCD, 0x09, 0xCD, 0x09, 0xCD, 0x09, 0xCD, 0x09, 0xCD, 0x09, 0xCD, 0x00, 0x21, 0x00, 0x00, 
	0x00, 0x00, 0x00, 0x00, 0x00, 0x00, 0x00, 0x00, 0x00, 0x00, 0x09, 0xCD, 0x09, 0xCD, 0x09, 0xCD, 
	0x09, 0xCD, 0x09, 0xCD, 0x09, 0xCD, 0x09, 0xCD, 0x09, 0xCD, 0x09, 0xCD, 0x09, 0xCD, 0x09, 0xCD, 
	0x09, 0xCD, 0x09, 0xCD, 0x09, 0xCD, 0x09, 0xCD, 0x09, 0xCD, 0x09, 0xCD, 0x09, 0xCD, 0x09, 0xCD, 
	0x09, 0xCD, 0x09, 0xCD, 0x09, 0xCD, 0x00, 0x00, 0x00, 0x00, 0x00, 0x00, 0x00, 0x00, 0x00, 0x00, 
	0x00, 0x00, 0x00, 0x00, 0x00, 0x00, 0x00, 0x00, 0x00, 0x00, 0x00, 0x00, 0x09, 0xCD, 0x09, 0xCD, 
	0x09, 0xCD, 0x09, 0xCD, 0x09, 0xCD, 0x09, 0xCD, 0x09, 0xCD, 0x09, 0xCD, 0x09, 0xCD, 0x09, 0xCD, 
	0x09, 0xCD, 0x09, 0xCD, 0x09, 0xCD, 0x09, 0xCD, 0x09, 0xCD, 0x09, 0xCD, 0x09, 0xCD, 0x09, 0xCD, 
	0x09, 0xCD, 0x09, 0xCD, 0x09, 0xCD, 0x09, 0xCD, 0x00, 0x00, 0x00, 0x00, 0x00, 0x00, 0x00, 0x00, 
	0x00, 0x00, 0x00, 0x00, 0x00, 0x00, 0x00, 0x00, 0x00, 0x00, 0x00, 0x00, 0x00, 0x00, 0x00, 0x00, 
	0x00, 0x00, 0x00, 0x00, 0x00, 0x00, 0x00, 0x00, 0x00, 0x00, 0x00, 0x00, 0x00, 0x00, 0x25, 0xBA, 
	0x25, 0xBA, 0x00, 0x00, 0x00, 0x00, 0x00, 0x00, 0x00, 0x00, 0x00, 0x00, 0x00, 0x00, 0x00, 0x00, 
	0x00, 0x00, 0x00, 0x00, 0x00, 0x00, 0x00, 0x00, 0x00, 0x00, 0x00, 0x00, 0x00, 0x00, 0x00, 0x00, 
	0x00, 0x00, 0x25, 0xBA, 0x25, 0xBA, 0x25, 0xBA, 0x25, 0xBA, 0x25, 0xBA, 0x25, 0xBA, 0x25, 0xBA, 
	0x25, 0xBA, 0x25, 0xBA, 0x25, 0xBA, 0x25, 0xBA, 0x00, 0x00, 0x00, 0x00, 0x00, 0x00, 0x00, 0x00, 
	0x00, 0x00, 0x00, 0x00, 0x25, 0xBA, 0x25, 0xBA, 0x25, 0xBA, 0x25, 0xBA, 0x25, 0xBA, 0x25, 0xBA, 
	0x25, 0xBA, 0x25, 0xBA, 0x25, 0xBA, 0x25, 0xBA, 0x25, 0xBA, 0x25, 0xBA, 0x00, 0x00, 0x00, 0x00, 
	0x00, 0x00, 0x00, 0x00, 0x00, 0x00, 0x00, 0x00, 0x00, 0x00, 0x00, 0x00, 0x00, 0x00, 0x00, 0x00, 
	0x00, 0x00, 0x00, 0x00, 0x00, 0x00, 0x25, 0xBA, 0x25, 0xBA, 0x25, 0xBA, 0x25, 0xBA, 0x25, 0xBA, 
	0x25, 0xBA, 0x25, 0xBA, 0x25, 0xBA, 0x25, 0xBA, 0x25, 0xBA, 0x25, 0xBA, 0x25, 0xBA, 0x00, 0x00, 
	0x00, 0x00, 0x00, 0x00, 0x00, 0x00, 0x00, 0x00, 0x00, 0x00, 0x00, 0x00, 0x00, 0x00, 0x00, 0x00, 
	0x00, 0x00, 0x13, 0x90, 0x25, 0xBA, 0x1C, 0xB5, 0x00, 0x00, 0x00, 0x00, 0x00, 0x00, 0x00, 0x00, 
	0x00, 0x00, 0x00, 0x00, 0x00, 0x00, 0x00, 0x00, 0x00, 0x00, 0x00, 0x00, 0x00, 0x00, 0x00, 0x00, 
	0x00, 0x00, 0x00, 0x00, 0x00, 0x00, 0x00, 0x00, 0x25, 0xBA, 0x25, 0xBA, 0x25, 0xBA, 0x25, 0xBA, 
	0x25, 0xBA, 0x25, 0xBA, 0x25, 0xBA, 0x25, 0xBA, 0x25, 0xBA, 0x25, 0xBA, 0x13, 0x2F, 0x00, 0x00, 
	0x00, 0x00, 0x00, 0x00, 0x00, 0x00, 0x00, 0x00, 0x00, 0x00, 0x00, 0x00, 0x00, 0x00, 0x00, 0x00, 
	0x00, 0x00, 0x00, 0x00, 0x00, 0x41, 0x25, 0xBA, 0x25, 0xBA, 0x25, 0xBA, 0x25, 0xBA, 0x25, 0xBA, 
	0x25, 0xBA, 0x25, 0xBA, 0x25, 0xBA, 0x25, 0xBA, 0x25, 0xBA, 0x25, 0xBA, 0x00, 0x00, 0x00, 0x00, 
	0x00, 0x00, 0x00, 0x00, 0x00, 0x00, 0x00, 0x00, 0x00, 0x00, 0x00, 0x00, 0x00, 0x00, 0x00, 0x00, 
	0x00, 0x00, 0x00, 0x00, 0x00, 0x00, 0x00, 0x00, 0x00, 0x00, 0x00, 0x00, 0x00, 0x00, 0x00, 0x00, 
	0x09, 0xCD, 0x09, 0xCD, 0x09, 0xCD, 0x09, 0xCD, 0x09, 0xCD, 0x09, 0xCD, 0x09, 0xCD, 0x09, 0xCD, 
	0x09, 0xCD, 0x09, 0xCD, 0x09, 0xCD, 0x09, 0xCD, 0x09, 0xCD, 0x09, 0xCD, 0x09, 0xCD, 0x09, 0xCD, 
	0x09, 0xCD, 0x09, 0xCD, 0x09, 0x4A, 0x00, 0x00, 0x00, 0x00, 0x00, 0x00, 0x00, 0x00, 0x00, 0x00, 
	0x00, 0x00, 0x00, 0x00, 0x00, 0x00, 0x00, 0x00, 0x00, 0x00, 0x00, 0x00, 0x00, 0x00, 0x00, 0x00, 
	0x00, 0x00, 0x00, 0x00, 0x00, 0x00, 0x00, 0x00, 0x00, 0x00, 0x00, 0x00, 0x00, 0x00, 0x00, 0x00, 
	0x00, 0x00, 0x00, 0x00, 0x00, 0x00, 0x09, 0xCD, 0x09, 0xCD, 0x09, 0xCD, 0x09, 0xCD, 0x09, 0xCD, 
	0x09, 0xCD, 0x09, 0xCD, 0x09, 0xCD, 0x09, 0xCD, 0x09, 0xCD, 0x09, 0xCD, 0x09, 0xCD, 0x09, 0xCD, 
	0x09, 0xCD, 0x09, 0xCD, 0x09, 0xCD, 0x09, 0xCD, 0x09, 0xCD, 0x09, 0xCD, 0x09, 0xCD, 0x09, 0xCD, 
	0x09, 0xCD, 0x09, 0xCD, 0x09, 0xCD, 0x09, 0xCD, 0x09, 0xCD, 0x09, 0xCD, 0x09, 0xCD, 0x09, 0xCD, 
	0x09, 0xCD, 0x09, 0xCD, 0x09, 0xCD, 0x09, 0xCD, 0x09, 0xCD, 0x09, 0xCD, 0x09, 0xCD, 0x09, 0xCD, 
	0x09, 0xCD, 0x09, 0xCD, 0x09, 0xCD, 0x09, 0xCD, 0x09, 0xCD, 0x09, 0xCD, 0x09, 0x4A, 0x00, 0x00, 
	0x00, 0x00, 0x00, 0x00, 0x00, 0x00, 0x00, 0x00, 0x00, 0x00, 0x09, 0xCD, 0x09, 0xCD, 0x09, 0xCD, 
	0x09, 0xCD, 0x09, 0xCD, 0x09, 0xCD, 0x09, 0xCD, 0x09, 0xCD, 0x09, 0xCD, 0x09, 0xCD, 0x09, 0xCD, 
	0x09, 0xCD, 0x09, 0xCD, 0x09, 0xCD, 0x09, 0xCD, 0x09, 0xCD, 0x09, 0xCD, 0x09, 0xCD, 0x09, 0xCD, 
	0x09, 0xCD, 0x00, 0x63, 0x00, 0x00, 0x00, 0x00, 0x00, 0x00, 0x00, 0x00, 0x00, 0x00, 0x00, 0x00, 
	0x00, 0x00, 0x00, 0x00, 0x00, 0x00, 0x00, 0x00, 0x00, 0x00, 0x00, 0x00, 0x00, 0x00, 0x00, 0x00, 
	0x09, 0xCD, 0x09, 0xCD, 0x09, 0xCD, 0x09, 0xCD, 0x09, 0xCD, 0x09, 0xCD, 0x09, 0xCD, 0x09, 0xCD, 
	0x09, 0xCD, 0x09, 0xCD, 0x09, 0xCD, 0x09, 0xCD, 0x09, 0xCD, 0x09, 0xCD, 0x09, 0xCD, 0x09, 0xCD, 
	0x09, 0xCD, 0x09, 0xCD, 0x09, 0xCD, 0x09, 0xCD, 0x09, 0xCD, 0x00, 0x00, 0x00, 0x00, 0x00, 0x00, 
	0x00, 0x00, 0x00, 0x00, 0x00, 0x00, 0x00, 0x00, 0x00, 0x00, 0x00, 0x00, 0x00, 0x00, 0x00, 0x00, 
	0x00, 0x00, 0x00, 0x00, 0x00, 0x00, 0x00, 0x00, 0x00, 0x00, 0x00, 0x00, 0x00, 0x00, 0x00, 0x00, 
	0x09, 0xC8, 0x00, 0x00, 0x00, 0x00, 0x00, 0x00, 0x00, 0x00, 0x00, 0x00, 0x00, 0x00, 0x00, 0x00, 
	0x00, 0x00, 0x00, 0x00, 0x00, 0x00, 0x00, 0x00, 0x00, 0x00, 0x00, 0x00, 0x00, 0x00, 0x00, 0x00, 
	0x00, 0x00, 0x25, 0xBA, 0x25, 0xBA, 0x25, 0xBA, 0x25, 0xBA, 0x25, 0xBA, 0x25, 0xBA, 0x25, 0xBA, 
	0x25, 0xBA, 0x25, 0xBA, 0x25, 0xBA, 0x25, 0xBA, 0x00, 0x00, 0x00, 0x00, 0x00, 0x00, 0x00, 0x00, 
	0x00, 0x00, 0x00, 0x00, 0x25, 0xBA, 0x25, 0xBA, 0x25, 0xBA, 0x25, 0xBA, 0x25, 0xBA, 0x25, 0xBA, 
	0x25, 0xBA, 0x25, 0xBA, 0x25, 0xBA, 0x25, 0xBA, 0x25, 0xBA, 0x1C, 0xF7, 0x00, 0x00, 0x00, 0x00, 
	0x00, 0x00, 0x00, 0x00, 0x00, 0x00, 0x00, 0x00, 0x00, 0x00, 0x00, 0x00, 0x00, 0x00, 0x00, 0x00, 
	0x00, 0x00, 0x00, 0x00, 0x00, 0x00, 0x00, 0x00, 0x25, 0xBA, 0x25, 0xBA, 0x25, 0xBA, 0x25, 0xBA, 
	0x25, 0xBA, 0x25, 0xBA, 0x25, 0xBA, 0x25, 0xBA, 0x25, 0xBA, 0x25, 0xBA, 0x25, 0xBA, 0x00, 0x00, 
	0x00, 0x00, 0x00, 0x00, 0x00, 0x00, 0x00, 0x00, 0x00, 0x00, 0x00, 0x00, 0x00, 0x00, 0x00, 0x00, 
	0x00, 0x00, 0x00, 0x00, 0x25, 0xBA, 0x00, 0x00, 0x00, 0x00, 0x00, 0x00, 0x00, 0x00, 0x00, 0x00, 
	0x00, 0x00, 0x00, 0x00, 0x00, 0x00, 0x00, 0x00, 0x00, 0x00, 0x00, 0x00, 0x00, 0x00, 0x00, 0x00, 
	0x00, 0x00, 0x00, 0x00, 0x00, 0x00, 0x00, 0x00, 0x25, 0xBA, 0x25, 0xBA, 0x25, 0xBA, 0x25, 0xBA, 
	0x25, 0xBA, 0x25, 0xBA, 0x25, 0xBA, 0x25, 0xBA, 0x25, 0xBA, 0x25, 0xBA, 0x1C, 0x54, 0x00, 0x00, 
	0x00, 0x00, 0x00, 0x00, 0x00, 0x00, 0x00, 0x00, 0x00, 0x00, 0x00, 0x00, 0x00, 0x00, 0x00, 0x00, 
	0x00, 0x00, 0x00, 0x00, 0x25, 0xBA, 0x25, 0xBA, 0x25, 0xBA, 0x25, 0xBA, 0x25, 0xBA, 0x25, 0xBA, 
	0x25, 0xBA, 0x25, 0xBA, 0x25, 0xBA, 0x25, 0xBA, 0x25, 0xBA, 0x1D, 0x59, 0x00, 0x00, 0x00, 0x00, 
	0x00, 0x00, 0x00, 0x00, 0x00, 0x00, 0x00, 0x00, 0x00, 0x00, 0x00, 0x00, 0x00, 0x00, 0x00, 0x00, 
	0x00, 0x00, 0x00, 0x00, 0x00, 0x00, 0x00, 0x00, 0x00, 0x00, 0x00, 0x00, 0x00, 0x00, 0x00, 0x00, 
	0x09, 0xCD, 0x09, 0xCD, 0x09, 0xCD, 0x09, 0xCD, 0x09, 0xCD, 0x09, 0xCD, 0x09, 0xCD, 0x09, 0xCD, 
	0x09, 0xCD, 0x09, 0xCD, 0x09, 0xCD, 0x09, 0xCD, 0x09, 0xCD, 0x09, 0xCD, 0x09, 0xCD, 0x09, 0xCD, 
	0x09, 0xCD, 0x09, 0xCD, 0x09, 0x4A, 0x00, 0x00, 0x00, 0x00, 0x00, 0x00, 0x00, 0x00, 0x00, 0x00, 
	0x00, 0x00, 0x00, 0x00, 0x00, 0x00, 0x00, 0x00, 0x00, 0x00, 0x00, 0x00, 0x00, 0x00, 0x00, 0x00, 
	0x00, 0x00, 0x00, 0x00, 0x00, 0x00, 0x00, 0x00, 0x00, 0x00, 0x00, 0x00, 0x00, 0x00, 0x00, 0x00, 
	0x00, 0x00, 0x00, 0x00, 0x00, 0x00, 0x09, 0xCD, 0x09, 0xCD, 0x09, 0xCD, 0x09, 0xCD, 0x09, 0xCD, 
	0x09, 0xCD, 0x09, 0xCD, 0x09, 0xCD, 0x09, 0xCD, 0x09, 0xCD, 0x09, 0xCD, 0x09, 0xCD, 0x09, 0xCD, 
	0x09, 0xCD, 0x09, 0xCD, 0x09, 0xCD, 0x09, 0xCD, 0x09, 0xCD, 0x09, 0xCD, 0x09, 0xCD, 0x09, 0xCD, 
	0x09, 0xCD, 0x09, 0xCD, 0x09, 0xCD, 0x09, 0xCD, 0x09, 0xCD, 0x09, 0xCD, 0x09, 0xCD, 0x09, 0xCD, 
	0x09, 0xCD, 0x09, 0xCD, 0x09, 0xCD, 0x09, 0xCD, 0x09, 0xCD, 0x09, 0xCD, 0x09, 0xCD, 0x09, 0xCD, 
	0x09, 0xCD, 0x09, 0xCD, 0x09, 0xCD, 0x09, 0xCD, 0x09, 0xCD, 0x09, 0xCD, 0x09, 0x4A, 0x00, 0x00, 
	0x00, 0x00, 0x00, 0x00, 0x00, 0x00, 0x00, 0x00, 0x09, 0xCD, 0x09, 0xCD, 0x09, 0xCD, 0x09, 0xCD, 
	0x09, 0xCD, 0x09, 0xCD, 0x09, 0xCD, 0x09, 0xCD, 0x09, 0xCD, 0x09, 0xCD, 0x09, 0xCD, 0x09, 0xCD, 
	0x09, 0xCD, 0x09, 0xCD, 0x09, 0xCD, 0x09, 0xCD, 0x09, 0xCD, 0x09, 0xCD, 0x09, 0xCD, 0x09, 0xCD, 
	0x00, 0x00, 0x00, 0x00, 0x00, 0x00, 0x00, 0x00, 0x00, 0x00, 0x00, 0x00, 0x00, 0x00, 0x00, 0x00, 
	0x00, 0x00, 0x00, 0x00, 0x00, 0x00, 0x00, 0x00, 0x00, 0x00, 0x00, 0x00, 0x00, 0x00, 0x00, 0x00, 
	0x00, 0x00, 0x09, 0xCD, 0x09, 0xCD, 0x09, 0xCD, 0x09, 0xCD, 0x09, 0xCD, 0x09, 0xCD, 0x09, 0xCD, 
	0x09, 0xCD, 0x09, 0xCD, 0x09, 0xCD, 0x09, 0xCD, 0x09, 0xCD, 0x09, 0xCD, 0x09, 0xCD, 0x09, 0xCD, 
	0x09, 0xCD, 0x09, 0xCD, 0x09, 0xCD, 0x09, 0xCD, 0x09, 0xCD, 0x00, 0x00, 0x00, 0x00, 0x00, 0x00, 
	0x00, 0x00, 0x00, 0x00, 0x00, 0x00, 0x00, 0x00, 0x00, 0x00, 0x00, 0x00, 0x00, 0x00, 0x00, 0x00, 
	0x00, 0x00, 0x00, 0x00, 0x00, 0x00, 0x00, 0x00, 0x00, 0x00, 0x00, 0x00, 0x00, 0x00, 0x00, 0x00, 
	0x00, 0x00, 0x00, 0x00, 0x00, 0x00, 0x00, 0x00, 0x00, 0x00, 0x00, 0x00, 0x00, 0x00, 0x00, 0x00, 
	0x00, 0x00, 0x00, 0x00, 0x00, 0x00, 0x00, 0x00, 0x00, 0x00, 0x00, 0x00, 0x00, 0x00, 0x00, 0x00, 
	0x00, 0x00, 0x25, 0xBA, 0x25, 0xBA, 0x25, 0xBA, 0x25, 0xBA, 0x25, 0xBA, 0x25, 0xBA, 0x25, 0xBA, 
	0x25, 0xBA, 0x25, 0xBA, 0x25, 0xBA, 0x25, 0xBA, 0x00, 0x00, 0x00, 0x00, 0x00, 0x00, 0x00, 0x00, 
	0x00, 0x00, 0x00, 0x00, 0x25, 0xBA, 0x25, 0xBA, 0x25, 0xBA, 0x25, 0xBA, 0x25, 0xBA, 0x25, 0xBA, 
	0x25, 0xBA, 0x25, 0xBA, 0x25, 0xBA, 0x25, 0xBA, 0x25, 0xBA, 0x00, 0x00, 0x00, 0x00, 0x00, 0x00, 
	0x00, 0x00, 0x00, 0x00, 0x00, 0x00, 0x00, 0x00, 0x00, 0x00, 0x00, 0x00, 0x00, 0x00, 0x00, 0x00, 
	0x00, 0x00, 0x00, 0x00, 0x00, 0x00, 0x00, 0x00, 0x25, 0xBA, 0x25, 0xBA, 0x25, 0xBA, 0x25, 0xBA, 
	0x25, 0xBA, 0x25, 0xBA, 0x25, 0xBA, 0x25, 0xBA, 0x25, 0xBA, 0x25, 0xBA, 0x25, 0xBA, 0x1C, 0xB5, 
	0x00, 0x00, 0x00, 0x00, 0x00, 0x00, 0x00, 0x00, 0x00, 0x00, 0x00, 0x00, 0x00, 0x00, 0x00, 0x00, 
	0x00, 0x00, 0x00, 0x00, 0x00, 0x00, 0x00, 0x00, 0x00, 0x00, 0x00, 0x00, 0x00, 0x00, 0x00, 0x00, 
	0x00, 0x00, 0x00, 0x00, 0x00, 0x00, 0x00, 0x00, 0x00, 0x00, 0x00, 0x00, 0x00, 0x00, 0x00, 0x00, 
	0x00, 0x00, 0x00, 0x00, 0x00, 0x00, 0x00, 0x00, 0x25, 0xBA, 0x25, 0xBA, 0x25, 0xBA, 0x25, 0xBA, 
	0x25, 0xBA, 0x25, 0xBA, 0x25, 0xBA, 0x25, 0xBA, 0x25, 0xBA, 0x25, 0xBA, 0x1C, 0x54, 0x00, 0x00, 
	0x00, 0x00, 0x00, 0x00, 0x00, 0x00, 0x00, 0x00, 0x00, 0x00, 0x00, 0x00, 0x00, 0x00, 0x00, 0x00, 
	0x00, 0x00, 0x01, 0x05, 0x25, 0xBA, 0x25, 0xBA, 0x25, 0xBA, 0x25, 0xBA, 0x25, 0xBA, 0x25, 0xBA, 
	0x25, 0xBA, 0x25, 0xBA, 0x25, 0xBA, 0x25, 0xBA, 0x25, 0xBA, 0x00, 0x00, 0x00, 0x00, 0x00, 0x00, 
	0x00, 0x00, 0x00, 0x00, 0x00, 0x00, 0x00, 0x00, 0x00, 0x00, 0x00, 0x00, 0x00, 0x00, 0x00, 0x00, 
	0x00, 0x00, 0x00, 0x00, 0x00, 0x00, 0x00, 0x00, 0x00, 0x00, 0x00, 0x00, 0x00, 0x00, 0x00, 0x00, 
	0x09, 0xCD, 0x09, 0xCD, 0x09, 0xCD, 0x09, 0xCD, 0x09, 0xCD, 0x09, 0xCD, 0x09, 0xCD, 0x09, 0xCD, 
	0x09, 0xCD, 0x09, 0xCD, 0x09, 0xCD, 0x09, 0xCD, 0x09, 0xCD, 0x09, 0xCD, 0x09, 0xCD, 0x09, 0xCD, 
	0x09, 0xCD, 0x09, 0xCD, 0x09, 0xCD, 0x00, 0x00, 0x00, 0x00, 0x00, 0x00, 0x00, 0x00, 0x00, 0x00, 
	0x00, 0x00, 0x00, 0x00, 0x00, 0x00, 0x00, 0x00, 0x00, 0x00, 0x00, 0x00, 0x00, 0x00, 0x00, 0x00, 
	0x00, 0x00, 0x00, 0x00, 0x00, 0x00, 0x00, 0x00, 0x00, 0x00, 0x00, 0x00, 0x00, 0x00, 0x00, 0x00, 
	0x00, 0x00, 0x00, 0x00, 0x00, 0x00, 0x09, 0xCD, 0x09, 0xCD, 0x09, 0xCD, 0x09, 0xCD, 0x09, 0xCD, 
	0x09, 0xCD, 0x09, 0xCD, 0x09, 0xCD, 0x09, 0xCD, 0x09, 0xCD, 0x09, 0xCD, 0x09, 0xCD, 0x09, 0xCD, 
	0x09, 0xCD, 0x09, 0xCD, 0x09, 0xCD, 0x09, 0xCD, 0x09, 0xCD, 0x09, 0xCD, 0x09, 0xCD, 0x09, 0xCD, 
	0x09, 0xCD, 0x09, 0xCD, 0x09, 0xCD, 0x09, 0xCD, 0x09, 0xCD, 0x09, 0xCD, 0x09, 0xCD, 0x09, 0xCD, 
	0x09, 0xCD, 0x09, 0xCD, 0x09, 0xCD, 0x09, 0xCD, 0x09, 0xCD, 0x09, 0xCD, 0x09, 0xCD, 0x09, 0xCD, 
	0x09, 0xCD, 0x09, 0xCD, 0x09, 0xCD, 0x09, 0xCD, 0x09, 0xCD, 0x09, 0xCD, 0x09, 0x4A, 0x00, 0x00, 
	0x00, 0x00, 0x00, 0x00, 0x00, 0x00, 0x00, 0x00, 0x09, 0xCD, 0x09, 0xCD, 0x09, 0xCD, 0x09, 0xCD, 
	0x09, 0xCD, 0x09, 0xCD, 0x09, 0xCD, 0x09, 0xCD, 0x09, 0xCD, 0x09, 0xCD, 0x09, 0xCD, 0x09, 0xCD, 
	0x09, 0xCD, 0x09, 0xCD, 0x09, 0xCD, 0x09, 0xCD, 0x09, 0xCD, 0x09, 0xCD, 0x09, 0xCD, 0x00, 0x00, 
	0x00, 0x00, 0x00, 0x00, 0x00, 0x00, 0x00, 0x00, 0x00, 0x00, 0x00, 0x00, 0x00, 0x00, 0x00, 0x00, 
	0x00, 0x00, 0x00, 0x00, 0x00, 0x00, 0x00, 0x00, 0x00, 0x00, 0x00, 0x00, 0x00, 0x00, 0x00, 0x00, 
	0x00, 0x00, 0x00, 0x00, 0x09, 0xCD, 0x09, 0xCD, 0x09, 0xCD, 0x09, 0xCD, 0x09, 0xCD, 0x09, 0xCD, 
	0x09, 0xCD, 0x09, 0xCD, 0x09, 0xCD, 0x09, 0xCD, 0x09, 0xCD, 0x09, 0xCD, 0x09, 0xCD, 0x09, 0xCD, 
	0x09, 0xCD, 0x09, 0xCD, 0x09, 0xCD, 0x09, 0xCD, 0x09, 0xCD, 0x00, 0x00, 0x00, 0x00, 0x00, 0x00, 
	0x00, 0x00, 0x00, 0x00, 0x00, 0x00, 0x00, 0x00, 0x00, 0x00, 0x00, 0x00, 0x00, 0x00, 0x00, 0x00, 
	0x00, 0x00, 0x00, 0x00, 0x00, 0x00, 0x00, 0x00, 0x00, 0x00, 0x00, 0x00, 0x00, 0x00, 0x00, 0x00, 
	0x00, 0x00, 0x00, 0x00, 0x00, 0x00, 0x00, 0x00, 0x00, 0x00, 0x00, 0x00, 0x00, 0x00, 0x00, 0x00, 
	0x00, 0x00, 0x00, 0x00, 0x00, 0x00, 0x00, 0x00, 0x00, 0x00, 0x00, 0x00, 0x00, 0x00, 0x00, 0x00, 
	0x00, 0x00, 0x25, 0xBA, 0x25, 0xBA, 0x25, 0xBA, 0x25, 0xBA, 0x25, 0xBA, 0x25, 0xBA, 0x25, 0xBA, 
	0x25, 0xBA, 0x25, 0xBA, 0x25, 0xBA, 0x25, 0xBA, 0x00, 0x00, 0x00, 0x00, 0x00, 0x00, 0x00, 0x00, 
	0x00, 0x00, 0x0A, 0x2A, 0x25, 0xBA, 0x25, 0xBA, 0x25, 0xBA, 0x25, 0xBA, 0x25, 0xBA, 0x25, 0xBA, 
	0x25, 0xBA, 0x25, 0xBA, 0x25, 0xBA, 0x25, 0xBA, 0x25, 0xBA, 0x00, 0x00, 0x00, 0x00, 0x00, 0x00, 
	0x00, 0x00, 0x00, 0x00, 0x00, 0x00, 0x00, 0x00, 0x00, 0x00, 0x00, 0x00, 0x00, 0x00, 0x00, 0x00, 
	0x00, 0x00, 0x00, 0x00, 0x00, 0x00, 0x00, 0x00, 0x25, 0xBA, 0x25, 0xBA, 0x25, 0xBA, 0x25, 0xBA, 
	0x25, 0xBA, 0x25, 0xBA, 0x25, 0xBA, 0x25, 0xBA, 0x25, 0xBA, 0x25, 0xBA, 0x25, 0xBA, 0x25, 0xBA, 
	0x00, 0x00, 0x00, 0x00, 0x00, 0x00, 0x00, 0x00, 0x00, 0x00, 0x00, 0x00, 0x00, 0x00, 0x00, 0x00, 
	0x00, 0x00, 0x00, 0x00, 0x00, 0x00, 0x00, 0x00, 0x00, 0x00, 0x00, 0x00, 0x00, 0x00, 0x00, 0x00, 
	0x00, 0x00, 0x00, 0x00, 0x00, 0x00, 0x00, 0x00, 0x00, 0x00, 0x00, 0x00, 0x00, 0x00, 0x00, 0x00, 
	0x00, 0x00, 0x00, 0x00, 0x00, 0x00, 0x00, 0x00, 0x25, 0xBA, 0x25, 0xBA, 0x25, 0xBA, 0x25, 0xBA, 
	0x25, 0xBA, 0x25, 0xBA, 0x25, 0xBA, 0x25, 0xBA, 0x25, 0xBA, 0x25, 0xBA, 0x12, 0xCD, 0x00, 0x00, 
	0x00, 0x00, 0x00, 0x00, 0x00, 0x00, 0x00, 0x00, 0x00, 0x00, 0x00, 0x00, 0x00, 0x00, 0x00, 0x00, 
	0x00, 0x00, 0x25, 0xBA, 0x25, 0xBA, 0x25, 0xBA, 0x25, 0xBA, 0x25, 0xBA, 0x25, 0xBA, 0x25, 0xBA, 
	0x25, 0xBA, 0x25, 0xBA, 0x25, 0xBA, 0x25, 0xBA, 0x00, 0x00, 0x00, 0x00, 0x00, 0x00, 0x00, 0x00, 
	0x00, 0x00, 0x00, 0x00, 0x00, 0x00, 0x00, 0x00, 0x00, 0x00, 0x00, 0x00, 0x00, 0x00, 0x00, 0x00, 
	0x00, 0x00, 0x00, 0x00, 0x00, 0x00, 0x00, 0x00, 0x00, 0x00, 0x00, 0x00, 0x00, 0x00, 0x00, 0x00, 
	0x09, 0x4A, 0x09, 0xCD, 0x09, 0xCD, 0x09, 0xCD, 0x09, 0xCD, 0x09, 0xCD, 0x09, 0xCD, 0x09, 0xCD, 
	0x09, 0xCD, 0x09, 0xCD, 0x09, 0xCD, 0x09, 0xCD, 0x09, 0xCD, 0x09, 0xCD, 0x09, 0xCD, 0x09, 0xCD, 
	0x09, 0xCD, 0x09, 0xCD, 0x09, 0xCD, 0x00, 0x00, 0x00, 0x00, 0x00, 0x00, 0x00, 0x00, 0x00, 0x00, 
	0x00, 0x00, 0x00, 0x00, 0x00, 0x00, 0x00, 0x00, 0x00, 0x00, 0x00, 0x00, 0x00, 0x00, 0x00, 0x00, 
	0x00, 0x00, 0x00, 0x00, 0x00, 0x00, 0x00, 0x00, 0x00, 0x00, 0x00, 0x00, 0x00, 0x00, 0x00, 0x00, 
	0x00, 0x00, 0x00, 0x00, 0x00, 0x00, 0x09, 0xCD, 0x09, 0xCD, 0x09, 0xCD, 0x09, 0xCD, 0x09, 0xCD, 
	0x09, 0xCD, 0x09, 0xCD, 0x09, 0xCD, 0x09, 0xCD, 0x09, 0xCD, 0x09, 0xCD, 0x09, 0xCD, 0x09, 0xCD, 
	0x09, 0xCD, 0x09, 0xCD, 0x09, 0xCD, 0x09, 0xCD, 0x09, 0xCD, 0x09, 0xCD, 0x09, 0xCD, 0x09, 0xCD, 
	0x09, 0xCD, 0x09, 0xCD, 0x09, 0xCD, 0x09, 0xCD, 0x09, 0xCD, 0x09, 0xCD, 0x09, 0xCD, 0x09, 0xCD, 
	0x09, 0xCD, 0x09, 0xCD, 0x09, 0xCD, 0x09, 0xCD, 0x09, 0xCD, 0x09, 0xCD, 0x09, 0xCD, 0x09, 0xCD, 
	0x09, 0xCD, 0x09, 0xCD, 0x09, 0xCD, 0x09, 0xCD, 0x09, 0xCD, 0x09, 0xCD, 0x01, 0x29, 0x00, 0x00, 
	0x00, 0x00, 0x00, 0x00, 0x00, 0x00, 0x09, 0xCD, 0x09, 0xCD, 0x09, 0xCD, 0x09, 0xCD, 0x09, 0xCD, 
	0x09, 0xCD, 0x09, 0xCD, 0x09, 0xCD, 0x09, 0xCD, 0x09, 0xCD, 0x09, 0xCD, 0x09, 0xCD, 0x09, 0xCD, 
	0x09, 0xCD, 0x09, 0xCD, 0x09, 0xCD, 0x09, 0xCD, 0x09, 0xCD, 0x09, 0xCD, 0x00, 0x00, 0x00, 0x00, 
	0x00, 0x00, 0x00, 0x00, 0x00, 0x00, 0x00, 0x00, 0x00, 0x00, 0x00, 0x00, 0x00, 0x00, 0x00, 0x00, 
	0x00, 0x00, 0x00, 0x00, 0x00, 0x00, 0x00, 0x00, 0x00, 0x00, 0x00, 0x00, 0x00, 0x00, 0x00, 0x00, 
	0x00, 0x00, 0x00, 0x00, 0x00, 0x00, 0x09, 0xCD, 0x09, 0xCD, 0x09, 0xCD, 0x09, 0xCD, 0x09, 0xCD, 
	0x09, 0xCD, 0x09, 0xCD, 0x09, 0xCD, 0x09, 0xCD, 0x09, 0xCD, 0x09, 0xCD, 0x09, 0xCD, 0x09, 0xCD, 
	0x09, 0xCD, 0x09, 0xCD, 0x09, 0xCD, 0x09, 0xCD, 0x09, 0xCD, 0x09, 0xCD, 0x00, 0x00, 0x00, 0x00, 
	0x00, 0x00, 0x00, 0x00, 0x00, 0x00, 0x00, 0x00, 0x00, 0x00, 0x00, 0x00, 0x00, 0x00, 0x00, 0x00, 
	0x00, 0x00, 0x00, 0x00, 0x00, 0x00, 0x00, 0x00, 0x00, 0x00, 0x00, 0x00, 0x00, 0x00, 0x00, 0x00, 
	0x00, 0x00, 0x00, 0x00, 0x00, 0x00, 0x00, 0x00, 0x00, 0x00, 0x00, 0x00, 0x00, 0x00, 0x00, 0x00, 
	0x00, 0x00, 0x00, 0x00, 0x00, 0x00, 0x00, 0x00, 0x00, 0x00, 0x00, 0x00, 0x00, 0x00, 0x00, 0x00, 
	0x00, 0x00, 0x25, 0xBA, 0x25, 0xBA, 0x25, 0xBA, 0x25, 0xBA, 0x25, 0xBA, 0x25, 0xBA, 0x25, 0xBA, 
	0x25, 0xBA, 0x25, 0xBA, 0x25, 0xBA, 0x25, 0xBA, 0x00, 0x00, 0x00, 0x00, 0x00, 0x00, 0x00, 0x00, 
	0x00, 0x00, 0x25, 0xBA, 0x25, 0xBA, 0x25, 0xBA, 0x25, 0xBA, 0x25, 0xBA, 0x25, 0xBA, 0x25, 0xBA, 
	0x25, 0xBA, 0x25, 0xBA, 0x25, 0xBA, 0x25, 0xBA, 0x00, 0x41, 0x00, 0x00, 0x00, 0x00, 0x00, 0x00, 
	0x00, 0x00, 0x00, 0x00, 0x00, 0x00, 0x00, 0x00, 0x00, 0x00, 0x00, 0x00, 0x00, 0x00, 0x00, 0x00, 
	0x00, 0x00, 0x00, 0x00, 0x00, 0x00, 0x00, 0x00, 0x00, 0x00, 0x25, 0xBA, 0x25, 0xBA, 0x25, 0xBA, 
	0x25, 0xBA, 0x25, 0xBA, 0x25, 0xBA, 0x25, 0xBA, 0x25, 0xBA, 0x25, 0xBA, 0x25, 0xBA, 0x25, 0xBA, 
	0x00, 0x00, 0x00, 0x00, 0x00, 0x00, 0x00, 0x00, 0x00, 0x00, 0x00, 0x00, 0x00, 0x00, 0x00, 0x00, 
	0x00, 0x00, 0x00, 0x00, 0x00, 0x00, 0x00, 0x00, 0x00, 0x00, 0x00, 0x00, 0x00, 0x00, 0x00, 0x00, 
	0x00, 0x00, 0x00, 0x00, 0x00, 0x00, 0x00, 0x00, 0x00, 0x00, 0x00, 0x00, 0x00, 0x00, 0x00, 0x00, 
	0x00, 0x00, 0x00, 0x00, 0x00, 0x00, 0x09, 0x66, 0x25, 0xBA, 0x25, 0xBA, 0x25, 0xBA, 0x25, 0xBA, 
	0x25, 0xBA, 0x25, 0xBA, 0x25, 0xBA, 0x25, 0xBA, 0x25, 0xBA, 0x25, 0xBA, 0x00, 0x41, 0x00, 0x00, 
	0x00, 0x00, 0x00, 0x00, 0x00, 0x00, 0x00, 0x00, 0x00, 0x00, 0x00, 0x00, 0x00, 0x00, 0x00, 0x00, 
	0x1C, 0xF7, 0x25, 0xBA, 0x25, 0xBA, 0x25, 0xBA, 0x25, 0xBA, 0x25, 0xBA, 0x25, 0xBA, 0x25, 0xBA, 
	0x25, 0xBA, 0x25, 0xBA, 0x25, 0xBA, 0x1D, 0x59, 0x00, 0x00, 0x00, 0x00, 0x00, 0x00, 0x00, 0x00, 
	0x00, 0x00, 0x00, 0x00, 0x00, 0x00, 0x00, 0x00, 0x00, 0x00, 0x00, 0x00, 0x00, 0x00, 0x00, 0x00, 
	0x00, 0x00, 0x00, 0x00, 0x00, 0x00, 0x00, 0x00, 0x00, 0x00, 0x00, 0x00, 0x00, 0x00, 0x00, 0x00, 
	0x00, 0xE6, 0x09, 0xCD, 0x09, 0xCD, 0x09, 0xCD, 0x09, 0xCD, 0x09, 0xCD, 0x09, 0xCD, 0x09, 0xCD, 
	0x09, 0xCD, 0x09, 0xCD, 0x09, 0xCD, 0x09, 0xCD, 0x09, 0xCD, 0x09, 0xCD, 0x09, 0xCD, 0x09, 0xCD, 
	0x09, 0xCD, 0x09, 0xCD, 0x09, 0xCD, 0x00, 0x00, 0x00, 0x00, 0x00, 0x00, 0x00, 0x00, 0x00, 0x00, 
	0x00, 0x00, 0x00, 0x00, 0x00, 0x00, 0x00, 0x00, 0x00, 0x00, 0x00, 0x00, 0x00, 0x00, 0x00, 0x00, 
	0x00, 0x00, 0x00, 0x00, 0x00, 0x00, 0x00, 0x00, 0x00, 0x00, 0x00, 0x00, 0x00, 0x00, 0x00, 0x00, 
	0x00, 0x00, 0x00, 0x00, 0x00, 0x00, 0x09, 0xCD, 0x09, 0xCD, 0x09, 0xCD, 0x09, 0xCD, 0x09, 0xCD, 
	0x09, 0xCD, 0x09, 0xCD, 0x09, 0xCD, 0x09, 0xCD, 0x09, 0xCD, 0x09, 0xCD, 0x09, 0xCD, 0x09, 0xCD, 
	0x09, 0xCD, 0x09, 0xCD, 0x09, 0xCD, 0x09, 0xCD, 0x09, 0xCD, 0x09, 0xCD, 0x09, 0xCD, 0x09, 0xCD, 
	0x09, 0xCD, 0x09, 0xCD, 0x09, 0xCD, 0x09, 0xCD, 0x09, 0xCD, 0x09, 0xCD, 0x09, 0xCD, 0x09, 0xCD, 
	0x09, 0xCD, 0x09, 0xCD, 0x09, 0xCD, 0x09, 0xCD, 0x09, 0xCD, 0x09, 0xCD, 0x09, 0xCD, 0x09, 0xCD, 
	0x09, 0xCD, 0x09, 0xCD, 0x09, 0xCD, 0x09, 0xCD, 0x09, 0xCD, 0x09, 0xCD, 0x00, 0xE6, 0x00, 0x00, 
	0x00, 0x00, 0x00, 0x00, 0x00, 0x00, 0x09, 0xCD, 0x09, 0xCD, 0x09, 0xCD, 0x09, 0xCD, 0x09, 0xCD, 
	0x09, 0xCD, 0x09, 0xCD, 0x09, 0xCD, 0x09, 0xCD, 0x09, 0xCD, 0x09, 0xCD, 0x09, 0xCD, 0x09, 0xCD, 
	0x09, 0xCD, 0x09, 0xCD, 0x09, 0xCD, 0x09, 0xCD, 0x09, 0xCD, 0x00, 0xC6, 0x00, 0x00, 0x00, 0x00, 
	0x00, 0x00, 0x00, 0x00, 0x00, 0x00, 0x00, 0x00, 0x00, 0x00, 0x00, 0x00, 0x00, 0x00, 0x00, 0x00, 
	0x00, 0x00, 0x00, 0x00, 0x00, 0x00, 0x00, 0x00, 0x00, 0x00, 0x00, 0x00, 0x00, 0x00, 0x00, 0x00, 
	0x00, 0x00, 0x00, 0x00, 0x00, 0x00, 0x00, 0x00, 0x09, 0xCD, 0x09, 0xCD, 0x09, 0xCD, 0x09, 0xCD, 
	0x09, 0xCD, 0x09, 0xCD, 0x09, 0xCD, 0x09, 0xCD, 0x09, 0xCD, 0x09, 0xCD, 0x09, 0xCD, 0x09, 0xCD, 
	0x09, 0xCD, 0x09, 0xCD, 0x09, 0xCD, 0x09, 0xCD, 0x09, 0xCD, 0x09, 0xCD, 0x00, 0x00, 0x00, 0x00, 
	0x00, 0x00, 0x00, 0x00, 0x00, 0x00, 0x00, 0x00, 0x00, 0x00, 0x00, 0x00, 0x00, 0x00, 0x00, 0x00, 
	0x00, 0x00, 0x00, 0x00, 0x00, 0x00, 0x00, 0x00, 0x00, 0x00, 0x00, 0x00, 0x00, 0x00, 0x00, 0x00, 
	0x00, 0x00, 0x00, 0x00, 0x00, 0x00, 0x00, 0x00, 0x00, 0x00, 0x00, 0x00, 0x00, 0x00, 0x00, 0x00, 
	0x00, 0x00, 0x00, 0x00, 0x00, 0x00, 0x00, 0x00, 0x00, 0x00, 0x00, 0x00, 0x00, 0x00, 0x00, 0x00, 
	0x00, 0x00, 0x25, 0xBA, 0x25, 0xBA, 0x25, 0xBA, 0x25, 0xBA, 0x25, 0xBA, 0x25, 0xBA, 0x25, 0xBA, 
	0x25, 0xBA, 0x25, 0xBA, 0x25, 0xBA, 0x1C, 0x54, 0x00, 0x00, 0x00, 0x00, 0x00, 0x00, 0x00, 0x00, 
	0x00, 0x00, 0x25, 0xBA, 0x25, 0xBA, 0x25, 0xBA, 0x25, 0xBA, 0x25, 0xBA, 0x25, 0xBA, 0x25, 0xBA, 
	0x25, 0xBA, 0x25, 0xBA, 0x25, 0xBA, 0x25, 0xBA, 0x00, 0x00, 0x00, 0x00, 0x00, 0x00, 0x00, 0x00, 
	0x00, 0x00, 0x00, 0x00, 0x00, 0x00, 0x00, 0x00, 0x00, 0x00, 0x00, 0x00, 0x00, 0x00, 0x00, 0x00, 
	0x00, 0x00, 0x00, 0x00, 0x00, 0x00, 0x00, 0x00, 0x00, 0x00, 0x25, 0xBA, 0x25, 0xBA, 0x25, 0xBA, 
	0x25, 0xBA, 0x25, 0xBA, 0x25, 0xBA, 0x25, 0xBA, 0x25, 0xBA, 0x25, 0xBA, 0x25, 0xBA, 0x25, 0xBA, 
	0x00, 0x00, 0x00, 0x00, 0x00, 0x00, 0x00, 0x00, 0x00, 0x00, 0x00, 0x00, 0x00, 0x00, 0x00, 0x00, 
	0x00, 0x00, 0x00, 0x00, 0x00, 0x00, 0x00, 0x00, 0x00, 0x00, 0x00, 0x00, 0x00, 0x00, 0x00, 0x00, 
	0x00, 0x00, 0x00, 0x00, 0x00, 0x00, 0x00, 0x00, 0x00, 0x00, 0x00, 0x00, 0x00, 0x00, 0x00, 0x00, 
	0x00, 0x00, 0x00, 0x00, 0x00, 0x00, 0x25, 0xBA, 0x25, 0xBA, 0x25, 0xBA, 0x25, 0xBA, 0x25, 0xBA, 
	0x25, 0xBA, 0x25, 0xBA, 0x25, 0xBA, 0x25, 0xBA, 0x25, 0xBA, 0x25, 0xBA, 0x00, 0x00, 0x00, 0x00, 
	0x00, 0x00, 0x00, 0x00, 0x00, 0x00, 0x00, 0x00, 0x00, 0x00, 0x00, 0x00, 0x00, 0x00, 0x00, 0x00, 
	0x25, 0xBA, 0x25, 0xBA, 0x25, 0xBA, 0x25, 0xBA, 0x25, 0xBA, 0x25, 0xBA, 0x25, 0xBA, 0x25, 0xBA, 
	0x25, 0xBA, 0x25, 0xBA, 0x25, 0xBA, 0x00, 0x00, 0x00, 0x00, 0x00, 0x00, 0x00, 0x00, 0x00, 0x00, 
	0x00, 0x00, 0x00, 0x00, 0x00, 0x00, 0x00, 0x00, 0x00, 0x00, 0x00, 0x00, 0x00, 0x00, 0x00, 0x00, 
	0x00, 0x00, 0x00, 0x00, 0x00, 0x00, 0x00, 0x00, 0x00, 0x00, 0x00, 0x00, 0x00, 0x00, 0x00, 0x00, 
	0x00, 0x63, 0x09, 0xCD, 0x09, 0xCD, 0x09, 0xCD, 0x09, 0xCD, 0x09, 0xCD, 0x09, 0xCD, 0x09, 0xCD, 
	0x09, 0xCD, 0x09, 0xCD, 0x09, 0xCD, 0x09, 0xCD, 0x09, 0xCD, 0x09, 0xCD, 0x09, 0xCD, 0x09, 0xCD, 
	0x09, 0xCD, 0x09, 0xCD, 0x09, 0xCD, 0x00, 0x00, 0x00, 0x00, 0x00, 0x00, 0x00, 0x00, 0x00, 0x00, 
	0x00, 0x00, 0x00, 0x00, 0x00, 0x00, 0x00, 0x00, 0x00, 0x00, 0x00, 0x00, 0x00, 0x00, 0x00, 0x00, 
	0x00, 0x00, 0x00, 0x00, 0x00, 0x00, 0x00, 0x00, 0x00, 0x00, 0x00, 0x00, 0x00, 0x00, 0x00, 0x00, 
	0x00, 0x00, 0x00, 0x00, 0x00, 0x00, 0x09, 0xCD, 0x09, 0xCD, 0x09, 0xCD, 0x09, 0xCD, 0x09, 0xCD, 
	0x09, 0xCD, 0x09, 0xCD, 0x09, 0xCD, 0x09, 0xCD, 0x09, 0xCD, 0x09, 0xCD, 0x09, 0xCD, 0x09, 0xCD, 
	0x09, 0xCD, 0x09, 0xCD, 0x09, 0xCD, 0x09, 0xCD, 0x09, 0xCD, 0x09, 0xCD, 0x09, 0xCD, 0x09, 0xCD, 
	0x09, 0xCD, 0x09, 0xCD, 0x09, 0xCD, 0x09, 0xCD, 0x09, 0xCD, 0x09, 0xCD, 0x09, 0xCD, 0x09, 0xCD, 
	0x09, 0xCD, 0x09, 0xCD, 0x09, 0xCD, 0x09, 0xCD, 0x09, 0xCD, 0x09, 0xCD, 0x09, 0xCD, 0x09, 0xCD, 
	0x09, 0xCD, 0x09, 0xCD, 0x09, 0xCD, 0x09, 0xCD, 0x09, 0xCD, 0x09, 0xCD, 0x00, 0x63, 0x00, 0x00, 
	0x00, 0x00, 0x00, 0x00, 0x00, 0x00, 0x09, 0xCD, 0x09, 0xCD, 0x09, 0xCD, 0x09, 0xCD, 0x09, 0xCD, 
	0x09, 0xCD, 0x09, 0xCD, 0x09, 0xCD, 0x09, 0xCD, 0x09, 0xCD, 0x09, 0xCD, 0x09, 0xCD, 0x09, 0xCD, 
	0x09, 0xCD, 0x09, 0xCD, 0x09, 0xCD, 0x09, 0xCD, 0x09, 0xCD, 0x00, 0x00, 0x00, 0x00, 0x00, 0x00, 
	0x00, 0x00, 0x00, 0x00, 0x00, 0x00, 0x00, 0x00, 0x00, 0x00, 0x00, 0x00, 0x00, 0x00, 0x00, 0x00, 
	0x00, 0x00, 0x00, 0x00, 0x00, 0x00, 0x00, 0x00, 0x00, 0x00, 0x00, 0x00, 0x00, 0x00, 0x00, 0x00, 
	0x00, 0x00, 0x00, 0x00, 0x00, 0x00, 0x00, 0x00, 0x00, 0xE7, 0x09, 0xCD, 0x09, 0xCD, 0x09, 0xCD, 
	0x09, 0xCD, 0x09, 0xCD, 0x09, 0xCD, 0x09, 0xCD, 0x09, 0xCD, 0x09, 0xCD, 0x09, 0xCD, 0x09, 0xCD, 
	0x09, 0xCD, 0x09, 0xCD, 0x09, 0xCD, 0x09, 0xCD, 0x09, 0xCD, 0x09, 0xCD, 0x00, 0x00, 0x00, 0x00, 
	0x00, 0x00, 0x00, 0x00, 0x00, 0x00, 0x00, 0x00, 0x00, 0x00, 0x00, 0x00, 0x00, 0x00, 0x00, 0x00, 
	0x00, 0x00, 0x00, 0x00, 0x00, 0x00, 0x00, 0x00, 0x00, 0x00, 0x00, 0x00, 0x00, 0x00, 0x00, 0x00, 
	0x00, 0x00, 0x00, 0x00, 0x00, 0x00, 0x00, 0x00, 0x00, 0x00, 0x00, 0x00, 0x00, 0x00, 0x00, 0x00, 
	0x00, 0x00, 0x00, 0x00, 0x00, 0x00, 0x00, 0x00, 0x00, 0x00, 0x00, 0x00, 0x00, 0x00, 0x00, 0x00, 
	0x00, 0xA3, 0x25, 0xBA, 0x25, 0xBA, 0x25, 0xBA, 0x25, 0xBA, 0x25, 0xBA, 0x25, 0xBA, 0x25, 0xBA, 
	0x25, 0xBA, 0x25, 0xBA, 0x25, 0xBA, 0x00, 0xA3, 0x00, 0x00, 0x00, 0x00, 0x00, 0x00, 0x00, 0x00, 
	0x00, 0x00, 0x25, 0xBA, 0x25, 0xBA, 0x25, 0xBA, 0x25, 0xBA, 0x25, 0xBA, 0x25, 0xBA, 0x25, 0xBA, 
	0x25, 0xBA, 0x25, 0xBA, 0x25, 0xBA, 0x25, 0xBA, 0x00, 0x00, 0x00, 0x00, 0x00, 0x00, 0x00, 0x00, 
	0x00, 0x00, 0x00, 0x00, 0x00, 0x00, 0x00, 0x00, 0x00, 0x00, 0x00, 0x00, 0x00, 0x00, 0x00, 0x00, 
	0x00, 0x00, 0x00, 0x00, 0x00, 0x00, 0x00, 0x00, 0x00, 0x00, 0x25, 0xBA, 0x25, 0xBA, 0x25, 0xBA, 
	0x25, 0xBA, 0x25, 0xBA, 0x25, 0xBA, 0x25, 0xBA, 0x25, 0xBA, 0x25, 0xBA, 0x25, 0xBA, 0x25, 0xBA, 
	0x00, 0x00, 0x00, 0x00, 0x00, 0x00, 0x00, 0x00, 0x00, 0x00, 0x00, 0x00, 0x00, 0x00, 0x00, 0x00, 
	0x00, 0x00, 0x00, 0x00, 0x00, 0x00, 0x00, 0x00, 0x00, 0x00, 0x00, 0x00, 0x00, 0x00, 0x00, 0x00, 
	0x00, 0x00, 0x00, 0x00, 0x00, 0x00, 0x00, 0x00, 0x00, 0x00, 0x00, 0x00, 0x00, 0x00, 0x00, 0x00, 
	0x00, 0x00, 0x00, 0x00, 0x00, 0x00, 0x25, 0xBA, 0x25, 0xBA, 0x25, 0xBA, 0x25, 0xBA, 0x25, 0xBA, 
	0x25, 0xBA, 0x25, 0xBA, 0x25, 0xBA, 0x25, 0xBA, 0x25, 0xBA, 0x25, 0xBA, 0x00, 0x00, 0x00, 0x00, 
	0x00, 0x00, 0x00, 0x00, 0x00, 0x00, 0x00, 0x00, 0x00, 0x00, 0x00, 0x00, 0x00, 0x00, 0x25, 0xBA, 
	0x25, 0xBA, 0x25, 0xBA, 0x25, 0xBA, 0x25, 0xBA, 0x25, 0xBA, 0x25, 0xBA, 0x25, 0xBA, 0x25, 0xBA, 
	0x25, 0xBA, 0x25, 0xBA, 0x25, 0xBA, 0x25, 0xBA, 0x25, 0xBA, 0x25, 0xBA, 0x25, 0xBA, 0x25, 0xBA, 
	0x25, 0xBA, 0x09, 0x66, 0x00, 0x00, 0x00, 0x00, 0x00, 0x00, 0x00, 0x00, 0x00, 0x00, 0x00, 0x00, 
	0x00, 0x00, 0x00, 0x00, 0x00, 0x00, 0x00, 0x00, 0x00, 0x00, 0x00, 0x00, 0x00, 0x00, 0x00, 0x00, 
	0x00, 0x00, 0x09, 0xCD, 0x09, 0xCD, 0x09, 0xCD, 0x09, 0xCD, 0x09, 0xCD, 0x09, 0xCD, 0x09, 0xCD, 
	0x09, 0xCD, 0x09, 0xCD, 0x09, 0xCD, 0x09, 0xCD, 0x09, 0xCD, 0x09, 0xCD, 0x09, 0xCD, 0x09, 0xCD, 
	0x09, 0xCD, 0x09, 0xCD, 0x09, 0xCD, 0x00, 0x00, 0x00, 0x00, 0x00, 0x00, 0x00, 0x00, 0x00, 0x00, 
	0x00, 0x00, 0x00, 0x00, 0x00, 0x00, 0x00, 0x00, 0x00, 0x00, 0x00, 0x00, 0x00, 0x00, 0x00, 0x00, 
	0x00, 0x00, 0x00, 0x00, 0x00, 0x00, 0x00, 0x00, 0x00, 0x00, 0x00, 0x00, 0x00, 0x00, 0x00, 0x00, 
	0x00, 0x00, 0x00, 0x00, 0x00, 0x00, 0x09, 0xCD, 0x09, 0xCD, 0x09, 0xCD, 0x09, 0xCD, 0x09, 0xCD, 
	0x09, 0xCD, 0x09, 0xCD, 0x09, 0xCD, 0x09, 0xCD, 0x09, 0xCD, 0x09, 0xCD, 0x09, 0xCD, 0x09, 0xCD, 
	0x09, 0xCD, 0x09, 0xCD, 0x09, 0xCD, 0x09, 0xCD, 0x09, 0xCD, 0x09, 0xCD, 0x09, 0xCD, 0x09, 0xCD, 
	0x09, 0xCD, 0x09, 0xCD, 0x09, 0xCD, 0x09, 0xCD, 0x09, 0xCD, 0x09, 0xCD, 0x09, 0xCD, 0x09, 0xCD, 
	0x09, 0xCD, 0x09, 0xCD, 0x09, 0xCD, 0x09, 0xCD, 0x09, 0xCD, 0x09, 0xCD, 0x09, 0xCD, 0x09, 0xCD, 
	0x09, 0xCD, 0x09, 0xCD, 0x09, 0xCD, 0x09, 0xCD, 0x09, 0xCD, 0x09, 0xCD, 0x00, 0x00, 0x00, 0x00, 
	0x00, 0x00, 0x00, 0x00, 0x00, 0x00, 0x09, 0xCD, 0x09, 0xCD, 0x09, 0xCD, 0x09, 0xCD, 0x09, 0xCD, 
	0x09, 0xCD, 0x09, 0xCD, 0x09, 0xCD, 0x09, 0xCD, 0x09, 0xCD, 0x09, 0xCD, 0x09, 0xCD, 0x09, 0xCD, 
	0x09, 0xCD, 0x09, 0xCD, 0x09, 0xCD, 0x09, 0xCD, 0x00, 0xE6, 0x00, 0x00, 0x00, 0x00, 0x00, 0x00, 
	0x00, 0x00, 0x00, 0x00, 0x00, 0x00, 0x00, 0x00, 0x00, 0x00, 0x00, 0x00, 0x00, 0x00, 0x00, 0x00, 
	0x00, 0x00, 0x00, 0x00, 0x00, 0x00, 0x00, 0x00, 0x00, 0x00, 0x00, 0x00, 0x00, 0x00, 0x00, 0x00, 
	0x00, 0x00, 0x00, 0x00, 0x00, 0x00, 0x00, 0x00, 0x00, 0x00, 0x09, 0xCD, 0x09, 0xCD, 0x09, 0xCD, 
	0x09, 0xCD, 0x09, 0xCD, 0x09, 0xCD, 0x09, 0xCD, 0x09, 0xCD, 0x09, 0xCD, 0x09, 0xCD, 0x09, 0xCD, 
	0x09, 0xCD, 0x09, 0xCD, 0x09, 0xCD, 0x09, 0xCD, 0x09, 0xCD, 0x09, 0xCD, 0x00, 0x84, 0x00, 0x00, 
	0x00, 0x00, 0x00, 0x00, 0x00, 0x00, 0x00, 0x00, 0x00, 0x00, 0x00, 0x00, 0x00, 0x00, 0x00, 0x00, 
	0x00, 0x00, 0x00, 0x00, 0x00, 0x00, 0x00, 0x00, 0x00, 0x00, 0x00, 0x00, 0x00, 0x00, 0x00, 0x00, 
	0x00, 0x00, 0x00, 0x00, 0x00, 0x00, 0x00, 0x00, 0x00, 0x00, 0x00, 0x00, 0x00, 0x00, 0x00, 0x00, 
	0x00, 0x00, 0x00, 0x00, 0x00, 0x00, 0x00, 0x00, 0x00, 0x00, 0x00, 0x00, 0x00, 0x00, 0x00, 0x00, 
	0x25, 0xBA, 0x25, 0xBA, 0x25, 0xBA, 0x25, 0xBA, 0x25, 0xBA, 0x25, 0xBA, 0x25, 0xBA, 0x25, 0xBA, 
	0x25, 0xBA, 0x25, 0xBA, 0x25, 0xBA, 0x00, 0x00, 0x00, 0x00, 0x00, 0x00, 0x00, 0x00, 0x00, 0x00, 
	0x00, 0x00, 0x25, 0xBA, 0x25, 0xBA, 0x25, 0xBA, 0x25, 0xBA, 0x25, 0xBA, 0x25, 0xBA, 0x25, 0xBA, 
	0x25, 0xBA, 0x25, 0xBA, 0x25, 0xBA, 0x25, 0xBA, 0x00, 0x00, 0x00, 0x00, 0x00, 0x00, 0x00, 0x00, 
	0x00, 0x00, 0x00, 0x00, 0x00, 0x00, 0x00, 0x00, 0x00, 0x00, 0x00, 0x00, 0x00, 0x00, 0x00, 0x00, 
	0x00, 0x00, 0x00, 0x00, 0x00, 0x00, 0x00, 0x00, 0x00, 0x00, 0x12, 0xCD, 0x25, 0xBA, 0x25, 0xBA, 
	0x25, 0xBA, 0x25, 0xBA, 0x25, 0xBA, 0x25, 0xBA, 0x25, 0xBA, 0x25, 0xBA, 0x25, 0xBA, 0x25, 0xBA, 
	0x0A, 0x8B, 0x00, 0x00, 0x00, 0x00, 0x00, 0x00, 0x00, 0x00, 0x00, 0x00, 0x00, 0x00, 0x00, 0x00, 
	0x00, 0x00, 0x00, 0x00, 0x00, 0x00, 0x00, 0x00, 0x00, 0x00, 0x00, 0x00, 0x00, 0x00, 0x00, 0x00, 
	0x00, 0x00, 0x00, 0x00, 0x00, 0x00, 0x00, 0x00, 0x00, 0x00, 0x00, 0x00, 0x00, 0x00, 0x00, 0x00, 
	0x00, 0x00, 0x00, 0x00, 0x00, 0x00, 0x25, 0xBA, 0x25, 0xBA, 0x25, 0xBA, 0x25, 0xBA, 0x25, 0xBA, 
	0x25, 0xBA, 0x25, 0xBA, 0x25, 0xBA, 0x25, 0xBA, 0x25, 0xBA, 0x25, 0xBA, 0x00, 0x00, 0x00, 0x00, 
	0x00, 0x00, 0x00, 0x00, 0x00, 0x00, 0x00, 0x00, 0x00, 0x00, 0x00, 0x00, 0x00, 0x00, 0x25, 0xBA, 
	0x25, 0xBA, 0x25, 0xBA, 0x25, 0xBA, 0x25, 0xBA, 0x25, 0xBA, 0x25, 0xBA, 0x25, 0xBA, 0x25, 0xBA, 
	0x25, 0xBA, 0x25, 0xBA, 0x25, 0xBA, 0x25, 0xBA, 0x25, 0xBA, 0x25, 0xBA, 0x25, 0xBA, 0x25, 0xBA, 
	0x25, 0xBA, 0x25, 0xBA, 0x25, 0xBA, 0x25, 0xBA, 0x01, 0x05, 0x00, 0x00, 0x00, 0x00, 0x00, 0x00, 
	0x00, 0x00, 0x00, 0x00, 0x00, 0x00, 0x00, 0x00, 0x00, 0x00, 0x00, 0x00, 0x00, 0x00, 0x00, 0x00, 
	0x00, 0x00, 0x09, 0xCD, 0x09, 0xCD, 0x09, 0xCD, 0x09, 0xCD, 0x09, 0xCD, 0x09, 0xCD, 0x09, 0xCD, 
	0x09, 0xCD, 0x09, 0xCD, 0x09, 0xCD, 0x09, 0xCD, 0x09, 0xCD, 0x09, 0xCD, 0x09, 0xCD, 0x09, 0xCD, 
	0x09, 0xCD, 0x09, 0xCD, 0x09, 0xCD, 0x00, 0x00, 0x00, 0x00, 0x00, 0x00, 0x00, 0x00, 0x00, 0x00, 
	0x00, 0x00, 0x00, 0x00, 0x00, 0x00, 0x00, 0x00, 0x00, 0x00, 0x00, 0x00, 0x00, 0x00, 0x00, 0x00, 
	0x00, 0x00, 0x00, 0x00, 0x00, 0x00, 0x00, 0x00, 0x00, 0x00, 0x00, 0x00, 0x00, 0x00, 0x00, 0x00, 
	0x00, 0x00, 0x00, 0x00, 0x00, 0x00, 0x09, 0xCD, 0x09, 0xCD, 0x09, 0xCD, 0x09, 0xCD, 0x09, 0xCD, 
	0x09, 0xCD, 0x09, 0xCD, 0x09, 0xCD, 0x09, 0xCD, 0x09, 0xCD, 0x09, 0xCD, 0x09, 0xCD, 0x09, 0xCD, 
	0x09, 0xCD, 0x09, 0xCD, 0x09, 0xCD, 0x09, 0xCD, 0x09, 0xCD, 0x09, 0xCD, 0x09, 0xCD, 0x09, 0xCD, 
	0x09, 0xCD, 0x09, 0xCD, 0x09, 0xCD, 0x09, 0xCD, 0x09, 0xCD, 0x09, 0xCD, 0x09, 0xCD, 0x09, 0xCD, 
	0x09, 0xCD, 0x09, 0xCD, 0x09, 0xCD, 0x09, 0xCD, 0x09, 0xCD, 0x09, 0xCD, 0x09, 0xCD, 0x09, 0xCD, 
	0x09, 0xCD, 0x09, 0xCD, 0x09, 0xCD, 0x09, 0xCD, 0x09, 0xCD, 0x09, 0xCD, 0x00, 0x00, 0x00, 0x00, 
	0x00, 0x00, 0x00, 0x00, 0x01, 0x08, 0x09, 0xCD, 0x09, 0xCD, 0x09, 0xCD, 0x09, 0xCD, 0x09, 0xCD, 
	0x09, 0xCD, 0x09, 0xCD, 0x09, 0xCD, 0x09, 0xCD, 0x09, 0xCD, 0x09, 0xCD, 0x09, 0xCD, 0x09, 0xCD, 
	0x09, 0xCD, 0x09, 0xCD, 0x09, 0xCD, 0x09, 0xCD, 0x00, 0x00, 0x00, 0x00, 0x00, 0x00, 0x00, 0x00, 
	0x00, 0x00, 0x00, 0x00, 0x00, 0x00, 0x00, 0x00, 0x00, 0x00, 0x00, 0x00, 0x00, 0x00, 0x00, 0x00, 
	0x00, 0x00, 0x00, 0x00, 0x00, 0x00, 0x00, 0x00, 0x00, 0x00, 0x00, 0x00, 0x00, 0x00, 0x00, 0x00, 
	0x00, 0x00, 0x00, 0x00, 0x00, 0x00, 0x00, 0x00, 0x00, 0x00, 0x09, 0xCD, 0x09, 0xCD, 0x09, 0xCD, 
	0x09, 0xCD, 0x09, 0xCD, 0x09, 0xCD, 0x09, 0xCD, 0x09, 0xCD, 0x09, 0xCD, 0x09, 0xCD, 0x09, 0xCD, 
	0x09, 0xCD, 0x09, 0xCD, 0x09, 0xCD, 0x09, 0xCD, 0x09, 0xCD, 0x09, 0xCD, 0x09, 0xCD, 0x00, 0x00, 
	0x00, 0x00, 0x00, 0x00, 0x00, 0x00, 0x00, 0x00, 0x00, 0x00, 0x00, 0x00, 0x00, 0x00, 0x00, 0x00, 
	0x00, 0x00, 0x00, 0x00, 0x00, 0x00, 0x00, 0x00, 0x00, 0x00, 0x00, 0x00, 0x00, 0x00, 0x00, 0x00, 
	0x00, 0x00, 0x00, 0x00, 0x00, 0x00, 0x00, 0x00, 0x00, 0x00, 0x00, 0x00, 0x00, 0x00, 0x00, 0x00, 
	0x00, 0x00, 0x00, 0x00, 0x00, 0x00, 0x00, 0x00, 0x00, 0x00, 0x00, 0x00, 0x00, 0x00, 0x00, 0x00, 
	0x25, 0xBA, 0x25, 0xBA, 0x25, 0xBA, 0x25, 0xBA, 0x25, 0xBA, 0x25, 0xBA, 0x25, 0xBA, 0x25, 0xBA, 
	0x25, 0xBA, 0x25, 0xBA, 0x25, 0xBA, 0x00, 0x00, 0x00, 0x00, 0x00, 0x00, 0x00, 0x00, 0x00, 0x00, 
	0x00, 0x00, 0x25, 0xBA, 0x25, 0xBA, 0x25, 0xBA, 0x25, 0xBA, 0x25, 0xBA, 0x25, 0xBA, 0x25, 0xBA, 
	0x25, 0xBA, 0x25, 0xBA, 0x25, 0xBA, 0x25, 0xBA, 0x00, 0x00, 0x00, 0x00, 0x00, 0x00, 0x00, 0x00, 
	0x00, 0x00, 0x00, 0x00, 0x00, 0x00, 0x00, 0x00, 0x00, 0x00, 0x00, 0x00, 0x00, 0x00, 0x00, 0x00, 
	0x00, 0x00, 0x00, 0x00, 0x00, 0x00, 0x00, 0x00, 0x00, 0x00, 0x00, 0x00, 0x25, 0xBA, 0x25, 0xBA, 
	0x25, 0xBA, 0x25, 0xBA, 0x25, 0xBA, 0x25, 0xBA, 0x25, 0xBA, 0x25, 0xBA, 0x25, 0xBA, 0x25, 0xBA, 
	0x1C, 0xF7, 0x00, 0x00, 0x00, 0x00, 0x00, 0x00, 0x00, 0x00, 0x00, 0x00, 0x00, 0x00, 0x00, 0x00, 
	0x00, 0x00, 0x00, 0x00, 0x00, 0x00, 0x00, 0x00, 0x00, 0x00, 0x00, 0x00, 0x00, 0x00, 0x00, 0x00, 
	0x00, 0x00, 0x00, 0x00, 0x00, 0x00, 0x00, 0x00, 0x00, 0x00, 0x00, 0x00, 0x00, 0x00, 0x00, 0x00, 
	0x00, 0x00, 0x00, 0x00, 0x25, 0xBA, 0x25, 0xBA, 0x25, 0xBA, 0x25, 0xBA, 0x25, 0xBA, 0x25, 0xBA, 
	0x25, 0xBA, 0x25, 0xBA, 0x25, 0xBA, 0x25, 0xBA, 0x25, 0xBA, 0x00, 0xA3, 0x00, 0x00, 0x00, 0x00, 
	0x00, 0x00, 0x00, 0x00, 0x00, 0x00, 0x00, 0x00, 0x00, 0x00, 0x00, 0x00, 0x25, 0xBA, 0x25, 0xBA, 
	0x25, 0xBA, 0x25, 0xBA, 0x25, 0xBA, 0x25, 0xBA, 0x25, 0xBA, 0x25, 0xBA, 0x25, 0xBA, 0x25, 0xBA, 
	0x25, 0xBA, 0x25, 0xBA, 0x25, 0xBA, 0x25, 0xBA, 0x25, 0xBA, 0x25, 0xBA, 0x25, 0xBA, 0x25, 0xBA, 
	0x25, 0xBA, 0x25, 0xBA, 0x25, 0xBA, 0x25, 0xBA, 0x25, 0xBA, 0x25, 0xBA, 0x00, 0x00, 0x00, 0x00, 
	0x00, 0x00, 0x00, 0x00, 0x00, 0x00, 0x00, 0x00, 0x00, 0x00, 0x00, 0x00, 0x00, 0x00, 0x00, 0x00, 
	0x00, 0x00, 0x09, 0xCD, 0x09, 0xCD, 0x09, 0xCD, 0x09, 0xCD, 0x09, 0xCD, 0x09, 0xCD, 0x09, 0xCD, 
	0x09, 0xCD, 0x09, 0xCD, 0x09, 0xCD, 0x09, 0xCD, 0x09, 0xCD, 0x09, 0xCD, 0x09, 0xCD, 0x09, 0xCD, 
	0x09, 0xCD, 0x09, 0xCD, 0x09, 0xCD, 0x00, 0x00, 0x00, 0x00, 0x00, 0x00, 0x00, 0x00, 0x00, 0x00, 
	0x00, 0x00, 0x00, 0x00, 0x00, 0x00, 0x00, 0x00, 0x00, 0x00, 0x00, 0x00, 0x00, 0x00, 0x00, 0x00, 
	0x00, 0x00, 0x00, 0x00, 0x00, 0x00, 0x00, 0x00, 0x00, 0x00, 0x00, 0x00, 0x00, 0x00, 0x00, 0x00, 
	0x00, 0x00, 0x00, 0x00, 0x00, 0x00, 0x09, 0xCD, 0x09, 0xCD, 0x09, 0xCD, 0x09, 0xCD, 0x09, 0xCD, 
	0x09, 0xCD, 0x09, 0xCD, 0x09, 0xCD, 0x09, 0xCD, 0x09, 0xCD, 0x09, 0xCD, 0x09, 0xCD, 0x09, 0xCD, 
	0x09, 0xCD, 0x09, 0xCD, 0x09, 0xCD, 0x09, 0xCD, 0x09, 0xCD, 0x09, 0xCD, 0x09, 0xCD, 0x09, 0xCD, 
	0x09, 0xCD, 0x09, 0xCD, 0x09, 0xCD, 0x09, 0xCD, 0x09, 0xCD, 0x09, 0xCD, 0x09, 0xCD, 0x09, 0xCD, 
	0x09, 0xCD, 0x09, 0xCD, 0x09, 0xCD, 0x09, 0xCD, 0x09, 0xCD, 0x09, 0xCD, 0x09, 0xCD, 0x09, 0xCD, 
	0x09, 0xCD, 0x09, 0xCD, 0x09, 0xCD, 0x09, 0xCD, 0x09, 0xCD, 0x09, 0xCD, 0x00, 0x00, 0x00, 0x00, 
	0x00, 0x00, 0x00, 0x00, 0x09, 0xCD, 0x09, 0xCD, 0x09, 0xCD, 0x09, 0xCD, 0x09, 0xCD, 0x09, 0xCD, 
	0x09, 0xCD, 0x09, 0xCD, 0x09, 0xCD, 0x09, 0xCD, 0x09, 0xCD, 0x09, 0xCD, 0x09, 0xCD, 0x09, 0xCD, 
	0x09, 0xCD, 0x09, 0xCD, 0x09, 0xCD, 0x00, 0xE7, 0x00, 0x00, 0x00, 0x00, 0x00, 0x00, 0x00, 0x00, 
	0x00, 0x00, 0x00, 0x00, 0x00, 0x00, 0x00, 0x00, 0x00, 0x00, 0x00, 0x00, 0x00, 0x00, 0x00, 0x00, 
	0x00, 0x00, 0x00, 0x00, 0x00, 0x00, 0x00, 0x00, 0x00, 0x00, 0x00, 0x00, 0x00, 0x00, 0x00, 0x00, 
	0x00, 0x00, 0x00, 0x00, 0x00, 0x00, 0x00, 0x00, 0x00, 0x00, 0x00, 0x00, 0x09, 0xCD, 0x09, 0xCD, 
	0x09, 0xCD, 0x09, 0xCD, 0x09, 0xCD, 0x09, 0xCD, 0x09, 0xCD, 0x09, 0xCD, 0x09, 0xCD, 0x09, 0xCD, 
	0x09, 0xCD, 0x09, 0xCD, 0x09, 0xCD, 0x09, 0xCD, 0x09, 0xCD, 0x09, 0xCD, 0x09, 0xCD, 0x00, 0x00, 
	0x00, 0x00, 0x00, 0x00, 0x00, 0x00, 0x00, 0x00, 0x00, 0x00, 0x00, 0x00, 0x00, 0x00, 0x00, 0x00, 
	0x00, 0x00, 0x00, 0x00, 0x00, 0x00, 0x00, 0x00, 0x00, 0x00, 0x00, 0x00, 0x00, 0x00, 0x00, 0x00, 
	0x00, 0x00, 0x00, 0x00, 0x00, 0x00, 0x00, 0x00, 0x00, 0x00, 0x00, 0x00, 0x00, 0x00, 0x00, 0x00, 
	0x00, 0x00, 0x00, 0x00, 0x00, 0x00, 0x00, 0x00, 0x00, 0x00, 0x00, 0x00, 0x00, 0x00, 0x1D, 0x59, 
	0x25, 0xBA, 0x25, 0xBA, 0x25, 0xBA, 0x25, 0xBA, 0x25, 0xBA, 0x25, 0xBA, 0x25, 0xBA, 0x25, 0xBA, 
	0x25, 0xBA, 0x25, 0xBA, 0x25, 0xBA, 0x00, 0x00, 0x00, 0x00, 0x00, 0x00, 0x00, 0x00, 0x00, 0x00, 
	0x00, 0x00, 0x25, 0xBA, 0x25, 0xBA, 0x25, 0xBA, 0x25, 0xBA, 0x25, 0xBA, 0x25, 0xBA, 0x25, 0xBA, 
	0x25, 0xBA, 0x25, 0xBA, 0x25, 0xBA, 0x1C, 0xF7, 0x00, 0x00, 0x00, 0x00, 0x00, 0x00, 0x00, 0x00, 
	0x00, 0x00, 0x00, 0x00, 0x00, 0x00, 0x00, 0x00, 0x00, 0x00, 0x00, 0x00, 0x00, 0x00, 0x00, 0x00, 
	0x00, 0x00, 0x00, 0x00, 0x00, 0x00, 0x00, 0x00, 0x00, 0x00, 0x00, 0x00, 0x25, 0xBA, 0x25, 0xBA, 
	0x25, 0xBA, 0x25, 0xBA, 0x25, 0xBA, 0x25, 0xBA, 0x25, 0xBA, 0x25, 0xBA, 0x25, 0xBA, 0x25, 0xBA, 
	0x25, 0xBA, 0x00, 0x00, 0x00, 0x00, 0x00, 0x00, 0x00, 0x00, 0x00, 0x00, 0x00, 0x00, 0x00, 0x00, 
	0x00, 0x00, 0x00, 0x00, 0x00, 0x00, 0x00, 0x00, 0x00, 0x00, 0x00, 0x00, 0x00, 0x00, 0x00, 0x00, 
	0x00, 0x00, 0x00, 0x00, 0x00, 0x00, 0x00, 0x00, 0x00, 0x00, 0x00, 0x00, 0x00, 0x00, 0x00, 0x00, 
	0x00, 0x00, 0x00, 0x00, 0x25, 0xBA, 0x25, 0xBA, 0x25, 0xBA, 0x25, 0xBA, 0x25, 0xBA, 0x25, 0xBA, 
	0x25, 0xBA, 0x25, 0xBA, 0x25, 0xBA, 0x25, 0xBA, 0x25, 0xBA, 0x00, 0x00, 0x00, 0x00, 0x00, 0x00, 
	0x00, 0x00, 0x00, 0x00, 0x00, 0x00, 0x00, 0x00, 0x00, 0x00, 0x00, 0x00, 0x25, 0xBA, 0x25, 0xBA, 
	0x25, 0xBA, 0x25, 0xBA, 0x25, 0xBA, 0x25, 0xBA, 0x25, 0xBA, 0x25, 0xBA, 0x25, 0xBA, 0x25, 0xBA, 
	0x25, 0xBA, 0x25, 0xBA, 0x25, 0xBA, 0x25, 0xBA, 0x25, 0xBA, 0x25, 0xBA, 0x25, 0xBA, 0x25, 0xBA, 
	0x25, 0xBA, 0x25, 0xBA, 0x25, 0xBA, 0x25, 0xBA, 0x25, 0xBA, 0x25, 0xBA, 0x25, 0xBA, 0x25, 0xBA, 
	0x00, 0x00, 0x00, 0x00, 0x00, 0x00, 0x00, 0x00, 0x00, 0x00, 0x00, 0x00, 0x00, 0x00, 0x00, 0x00, 
	0x00, 0x00, 0x09, 0xCD, 0x09, 0xCD, 0x09, 0xCD, 0x09, 0xCD, 0x09, 0xCD, 0x09, 0xCD, 0x09, 0xCD, 
	0x09, 0xCD, 0x09, 0xCD, 0x09, 0xCD, 0x09, 0xCD, 0x09, 0xCD, 0x09, 0xCD, 0x09, 0xCD, 0x09, 0xCD, 
	0x09, 0xCD, 0x09, 0xCD, 0x09, 0xCD, 0x09, 0x8B, 0x00, 0x00, 0x00, 0x00, 0x00, 0x00, 0x00, 0x00, 
	0x00, 0x00, 0x00, 0x00, 0x00, 0x00, 0x00, 0x00, 0x00, 0x00, 0x00, 0x00, 0x00, 0x00, 0x00, 0x00, 
	0x00, 0x00, 0x00, 0x00, 0x00, 0x00, 0x00, 0x00, 0x00, 0x00, 0x00, 0x00, 0x00, 0x00, 0x00, 0x00, 
	0x00, 0x00, 0x00, 0x00, 0x00, 0x00, 0x00, 0x00, 0x09, 0xCD, 0x09, 0xCD, 0x09, 0xCD, 0x09, 0xCD, 
	0x09, 0xCD, 0x09, 0xCD, 0x09, 0xCD, 0x09, 0xCD, 0x09, 0xCD, 0x09, 0xCD, 0x09, 0xCD, 0x09, 0xCD, 
	0x09, 0xCD, 0x09, 0xCD, 0x09, 0xCD, 0x09, 0xCD, 0x09, 0xCD, 0x09, 0xCD, 0x09, 0xCD, 0x09, 0xCD, 
	0x09, 0xCD, 0x09, 0xCD, 0x09, 0xCD, 0x09, 0xCD, 0x09, 0xCD, 0x09, 0xCD, 0x09, 0xCD, 0x09, 0xCD, 
	0x09, 0xCD, 0x09, 0xCD, 0x09, 0xCD, 0x09, 0xCD, 0x09, 0xCD, 0x09, 0xCD, 0x09, 0xCD, 0x09, 0xCD, 
	0x09, 0xCD, 0x09, 0xCD, 0x09, 0xCD, 0x09, 0xCD, 0x09, 0xCD, 0x09, 0xCD, 0x00, 0x00, 0x00, 0x00, 
	0x00, 0x00, 0x00, 0x00, 0x09, 0xCD, 0x09, 0xCD, 0x09, 0xCD, 0x09, 0xCD, 0x09, 0xCD, 0x09, 0xCD, 
	0x09, 0xCD, 0x09, 0xCD, 0x09, 0xCD, 0x09, 0xCD, 0x09, 0xCD, 0x09, 0xCD, 0x09, 0xCD, 0x09, 0xCD, 
	0x09, 0xCD, 0x09, 0xCD, 0x09, 0xCD, 0x00, 0x00, 0x00, 0x00, 0x00, 0x00, 0x00, 0x00, 0x00, 0x00, 
	0x00, 0x00, 0x00, 0x00, 0x00, 0x00, 0x00, 0x00, 0x00, 0x00, 0x00, 0x00, 0x00, 0x00, 0x00, 0x00, 
	0x00, 0x00, 0x00, 0x00, 0x00, 0x00, 0x00, 0x00, 0x00, 0x00, 0x00, 0x00, 0x00, 0x00, 0x00, 0x00, 
	0x00, 0x00, 0x00, 0x00, 0x00, 0x00, 0x00, 0x00, 0x00, 0x00, 0x00, 0x00, 0x09, 0xCD, 0x09, 0xCD, 
	0x09, 0xCD, 0x09, 0xCD, 0x09, 0xCD, 0x09, 0xCD, 0x09, 0xCD, 0x09, 0xCD, 0x09, 0xCD, 0x09, 0xCD, 
	0x09, 0xCD, 0x09, 0xCD, 0x09, 0xCD, 0x09, 0xCD, 0x09, 0xCD, 0x09, 0xCD, 0x09, 0xCD, 0x00, 0x00, 
	0x00, 0x00, 0x00, 0x00, 0x00, 0x00, 0x00, 0x00, 0x00, 0x00, 0x00, 0x00, 0x00, 0x00, 0x00, 0x00, 
	0x00, 0x00, 0x00, 0x00, 0x00, 0x00, 0x00, 0x00, 0x00, 0x00, 0x00, 0x00, 0x00, 0x00, 0x00, 0x00, 
	0x00, 0x00, 0x00, 0x00, 0x00, 0x00, 0x00, 0x00, 0x00, 0x00, 0x00, 0x00, 0x00, 0x00, 0x00, 0x00, 
	0x00, 0x00, 0x00, 0x00, 0x00, 0x00, 0x00, 0x00, 0x00, 0x00, 0x00, 0x00, 0x1C, 0x54, 0x25, 0xBA, 
	0x25, 0xBA, 0x25, 0xBA, 0x25, 0xBA, 0x25, 0xBA, 0x25, 0xBA, 0x25, 0xBA, 0x25, 0xBA, 0x25, 0xBA, 
	0x25, 0xBA, 0x25, 0xBA, 0x00, 0x00, 0x00, 0x00, 0x00, 0x00, 0x00, 0x00, 0x00, 0x00, 0x00, 0x00, 
	0x0A, 0x8B, 0x25, 0xBA, 0x25, 0xBA, 0x25, 0xBA, 0x25, 0xBA, 0x25, 0xBA, 0x25, 0xBA, 0x25, 0xBA, 
	0x25, 0xBA, 0x25, 0xBA, 0x25, 0xBA, 0x0A, 0x8B, 0x00, 0x00, 0x00, 0x00, 0x00, 0x00, 0x00, 0x00, 
	0x00, 0x00, 0x00, 0x00, 0x00, 0x00, 0x00, 0x00, 0x00, 0x00, 0x00, 0x00, 0x00, 0x00, 0x00, 0x00, 
	0x00, 0x00, 0x00, 0x00, 0x00, 0x00, 0x00, 0x00, 0x00, 0x00, 0x00, 0x00, 0x25, 0xBA, 0x25, 0xBA, 
	0x25, 0xBA, 0x25, 0xBA, 0x25, 0xBA, 0x25, 0xBA, 0x25, 0xBA, 0x25, 0xBA, 0x25, 0xBA, 0x25, 0xBA, 
	0x25, 0xBA, 0x00, 0x00, 0x00, 0x00, 0x00, 0x00, 0x00, 0x00, 0x00, 0x00, 0x00, 0x00, 0x00, 0x00, 
	0x00, 0x00, 0x00, 0x00, 0x00, 0x00, 0x00, 0x00, 0x00, 0x00, 0x00, 0x00, 0x00, 0x00, 0x00, 0x00, 
	0x00, 0x00, 0x00, 0x00, 0x00, 0x00, 0x00, 0x00, 0x00, 0x00, 0x00, 0x00, 0x00, 0x00, 0x00, 0x00, 
	0x00, 0x00, 0x25, 0xBA, 0x25, 0xBA, 0x25, 0xBA, 0x25, 0xBA, 0x25, 0xBA, 0x25, 0xBA, 0x25, 0xBA, 
	0x25, 0xBA, 0x25, 0xBA, 0x25, 0xBA, 0x25, 0xBA, 0x25, 0xBA, 0x00, 0x00, 0x00, 0x00, 0x00, 0x00, 
	0x00, 0x00, 0x00, 0x00, 0x00, 0x00, 0x00, 0x00, 0x00, 0x00, 0x25, 0xBA, 0x25, 0xBA, 0x25, 0xBA, 
	0x25, 0xBA, 0x25, 0xBA, 0x25, 0xBA, 0x25, 0xBA, 0x25, 0xBA, 0x25, 0xBA, 0x25, 0xBA, 0x25, 0xBA, 
	0x25, 0xBA, 0x25, 0xBA, 0x25, 0xBA, 0x25, 0xBA, 0x25, 0xBA, 0x25, 0xBA, 0x25, 0xBA, 0x25, 0xBA, 
	0x25, 0xBA, 0x25, 0xBA, 0x25, 0xBA, 0x25, 0xBA, 0x25, 0xBA, 0x25, 0xBA, 0x25, 0xBA, 0x25, 0xBA, 
	0x25, 0xBA, 0x00, 0x41, 0x00, 0x00, 0x00, 0x00, 0x00, 0x00, 0x00, 0x00, 0x00, 0x00, 0x00, 0x00, 
	0x00, 0x00, 0x09, 0x4A, 0x09, 0xCD, 0x09, 0xCD, 0x09, 0xCD, 0x09, 0xCD, 0x09, 0xCD, 0x09, 0xCD, 
	0x09, 0xCD, 0x09, 0xCD, 0x09, 0xCD, 0x09, 0xCD, 0x09, 0xCD, 0x09, 0xCD, 0x09, 0xCD, 0x09, 0xCD, 
	0x09, 0xCD, 0x09, 0xCD, 0x09, 0xCD, 0x09, 0xCD, 0x00, 0x00, 0x00, 0x00, 0x00, 0x00, 0x00, 0x00, 
	0x00, 0x00, 0x00, 0x00, 0x00, 0x00, 0x00, 0x00, 0x00, 0x00, 0x00, 0x00, 0x00, 0x00, 0x00, 0x00, 
	0x00, 0x00, 0x00, 0x00, 0x00, 0x00, 0x00, 0x00, 0x00, 0x00, 0x00, 0x00, 0x00, 0x00, 0x00, 0x00, 
	0x00, 0x00, 0x00, 0x00, 0x00, 0x00, 0x00, 0x00, 0x00, 0xA5, 0x09, 0xCD, 0x09, 0xCD, 0x09, 0xCD, 
	0x09, 0xCD, 0x09, 0xCD, 0x09, 0xCD, 0x09, 0xCD, 0x09, 0xCD, 0x09, 0xCD, 0x09, 0xCD, 0x09, 0xCD, 
	0x09, 0xCD, 0x09, 0xCD, 0x09, 0xCD, 0x09, 0xCD, 0x09, 0xCD, 0x09, 0xCD, 0x09, 0xCD, 0x09, 0xCD, 
	0x09, 0xCD, 0x09, 0xCD, 0x09, 0xCD, 0x09, 0xCD, 0x09, 0xCD, 0x09, 0xCD, 0x09, 0xCD, 0x09, 0xCD, 
	0x09, 0xCD, 0x09, 0xCD, 0x09, 0xCD, 0x09, 0xCD, 0x09, 0xCD, 0x09, 0xCD, 0x09, 0xCD, 0x09, 0xCD, 
	0x09, 0xCD, 0x09, 0xCD, 0x09, 0xCD, 0x09, 0xCD, 0x09, 0xCD, 0x09, 0xCD, 0x00, 0x00, 0x00, 0x00, 
	0x00, 0x00, 0x00, 0x00, 0x09, 0xCD, 0x09, 0xCD, 0x09, 0xCD, 0x09, 0xCD, 0x09, 0xCD, 0x09, 0xCD, 
	0x09, 0xCD, 0x09, 0xCD, 0x09, 0xCD, 0x09, 0xCD, 0x09, 0xCD, 0x09, 0xCD, 0x09, 0xCD, 0x09, 0xCD, 
	0x09, 0xCD, 0x09, 0xCD, 0x09, 0xCD, 0x00, 0x00, 0x00, 0x00, 0x00, 0x00, 0x00, 0x00, 0x00, 0x00, 
	0x00, 0x00, 0x00, 0x00, 0x00, 0x00, 0x00, 0x00, 0x00, 0x00, 0x00, 0x00, 0x00, 0x00, 0x00, 0x00, 
	0x00, 0x00, 0x00, 0x00, 0x00, 0x00, 0x00, 0x00, 0x00, 0x00, 0x00, 0x00, 0x00, 0x00, 0x00, 0x00, 
	0x00, 0x00, 0x00, 0x00, 0x00, 0x00, 0x00, 0x00, 0x00, 0x00, 0x00, 0x00, 0x00, 0xA5, 0x09, 0xCD, 
	0x09, 0xCD, 0x09, 0xCD, 0x09, 0xCD, 0x09, 0xCD, 0x09, 0xCD, 0x09, 0xCD, 0x09, 0xCD, 0x09, 0xCD, 
	0x09, 0xCD, 0x09, 0xCD, 0x09, 0xCD, 0x09, 0xCD, 0x09, 0xCD, 0x09, 0xCD, 0x09, 0xCD, 0x00, 0x00, 
	0x00, 0x00, 0x00, 0x00, 0x00, 0x00, 0x00, 0x00, 0x00, 0x00, 0x00, 0x00, 0x00, 0x00, 0x00, 0x00, 
	0x00, 0x00, 0x00, 0x00, 0x00, 0x00, 0x00, 0x00, 0x00, 0x00, 0x00, 0x00, 0x00, 0x00, 0x00, 0x00, 
	0x00, 0x00, 0x00, 0x00, 0x00, 0x00, 0x00, 0x00, 0x00, 0x00, 0x00, 0x00, 0x00, 0x00, 0x00, 0x00, 
	0x00, 0x00, 0x00, 0x00, 0x00, 0x00, 0x00, 0x00, 0x00, 0x00, 0x00, 0x00, 0x25, 0xBA, 0x25, 0xBA, 
	0x25, 0xBA, 0x25, 0xBA, 0x25, 0xBA, 0x25, 0xBA, 0x25, 0xBA, 0x25, 0xBA, 0x25, 0xBA, 0x25, 0xBA, 
	0x25, 0xBA, 0x25, 0xBA, 0x00, 0x00, 0x00, 0x00, 0x00, 0x00, 0x00, 0x00, 0x00, 0x00, 0x00, 0x00, 
	0x13, 0xF2, 0x25, 0xBA, 0x25, 0xBA, 0x25, 0xBA, 0x25, 0xBA, 0x25, 0xBA, 0x25, 0xBA, 0x25, 0xBA, 
	0x25, 0xBA, 0x25, 0xBA, 0x25, 0xBA, 0x00, 0x41, 0x00, 0x00, 0x00, 0x00, 0x00, 0x00, 0x00, 0x00, 
	0x00, 0x00, 0x00, 0x00, 0x00, 0x00, 0x00, 0x00, 0x00, 0x00, 0x00, 0x00, 0x00, 0x00, 0x00, 0x00, 
	0x00, 0x00, 0x00, 0x00, 0x00, 0x00, 0x00, 0x00, 0x00, 0x00, 0x00, 0x00, 0x25, 0xBA, 0x25, 0xBA, 
	0x25, 0xBA, 0x25, 0xBA, 0x25, 0xBA, 0x25, 0xBA, 0x25, 0xBA, 0x25, 0xBA, 0x25, 0xBA, 0x25, 0xBA, 
	0x25, 0xBA, 0x00, 0x00, 0x00, 0x00, 0x00, 0x00, 0x00, 0x00, 0x00, 0x00, 0x00, 0x00, 0x00, 0x00, 
	0x00, 0x00, 0x00, 0x00, 0x00, 0x00, 0x00, 0x00, 0x00, 0x00, 0x00, 0x00, 0x00, 0x00, 0x00, 0x00, 
	0x00, 0x00, 0x00, 0x00, 0x00, 0x00, 0x00, 0x00, 0x00, 0x00, 0x00, 0x00, 0x00, 0x00, 0x00, 0x00, 
	0x25, 0xBA, 0x25, 0xBA, 0x25, 0xBA, 0x25, 0xBA, 0x25, 0xBA, 0x25, 0xBA, 0x25, 0xBA, 0x25, 0xBA, 
	0x25, 0xBA, 0x25, 0xBA, 0x25, 0xBA, 0x25, 0xBA, 0x00, 0x00, 0x00, 0x00, 0x00, 0x00, 0x00, 0x00, 
	0x00, 0x00, 0x00, 0x00, 0x00, 0x00, 0x00, 0x00, 0x00, 0x00, 0x25, 0xBA, 0x25, 0xBA, 0x25, 0xBA, 
	0x25, 0xBA, 0x25, 0xBA, 0x25, 0xBA, 0x25, 0xBA, 0x25, 0xBA, 0x25, 0xBA, 0x25, 0xBA, 0x25, 0xBA, 
	0x25, 0xBA, 0x25, 0xBA, 0x25, 0xBA, 0x25, 0xBA, 0x25, 0xBA, 0x25, 0xBA, 0x25, 0xBA, 0x25, 0xBA, 
	0x25, 0xBA, 0x25, 0xBA, 0x25, 0xBA, 0x25, 0xBA, 0x25, 0xBA, 0x25, 0xBA, 0x25, 0xBA, 0x25, 0xBA, 
	0x25, 0xBA, 0x25, 0xBA, 0x13, 0x2F, 0x00, 0x00, 0x00, 0x00, 0x00, 0x00, 0x00, 0x00, 0x00, 0x00, 
	0x00, 0x00, 0x00, 0x21, 0x09, 0xCD, 0x09, 0xCD, 0x09, 0xCD, 0x09, 0xCD, 0x09, 0xCD, 0x09, 0xCD, 
	0x09, 0xCD, 0x09, 0xCD, 0x09, 0xCD, 0x09, 0xCD, 0x09, 0xCD, 0x09, 0xCD, 0x09, 0xCD, 0x09, 0xCD, 
	0x09, 0xCD, 0x09, 0xCD, 0x09, 0xCD, 0x09, 0xCD, 0x00, 0x00, 0x00, 0x00, 0x00, 0x00, 0x00, 0x00, 
	0x00, 0x00, 0x00, 0x00, 0x00, 0x00, 0x00, 0x00, 0x00, 0x00, 0x00, 0x00, 0x00, 0x00, 0x00, 0x00, 
	0x00, 0x00, 0x00, 0x00, 0x00, 0x00, 0x00, 0x00, 0x00, 0x00, 0x00, 0x00, 0x00, 0x00, 0x00, 0x00, 
	0x00, 0x00, 0x00, 0x00, 0x00, 0x00, 0x00, 0x00, 0x00, 0x00, 0x00, 0x21, 0x09, 0xCD, 0x09, 0xCD, 
	0x09, 0xCD, 0x09, 0xCD, 0x09, 0xCD, 0x09, 0xCD, 0x09, 0xCD, 0x09, 0xCD, 0x09, 0xCD, 0x09, 0xCD, 
	0x09, 0xCD, 0x09, 0xCD, 0x09, 0xCD, 0x09, 0xCD, 0x09, 0xCD, 0x09, 0xCD, 0x09, 0xCD, 0x09, 0xCD, 
	0x09, 0xCD, 0x09, 0xCD, 0x09, 0xCD, 0x09, 0xCD, 0x09, 0xCD, 0x09, 0xCD, 0x09, 0xCD, 0x09, 0xCD, 
	0x09, 0xCD, 0x09, 0xCD, 0x09, 0xCD, 0x09, 0xCD, 0x09, 0xCD, 0x09, 0xCD, 0x09, 0xCD, 0x09, 0xCD, 
	0x09, 0xCD, 0x09, 0xCD, 0x09, 0xCD, 0x09, 0xCD, 0x09, 0xCD, 0x09, 0xCD, 0x00, 0x00, 0x00, 0x00, 
	0x00, 0x00, 0x00, 0x00, 0x09, 0xCD, 0x09, 0xCD, 0x09, 0xCD, 0x09, 0xCD, 0x09, 0xCD, 0x09, 0xCD, 
	0x09, 0xCD, 0x09, 0xCD, 0x09, 0xCD, 0x09, 0xCD, 0x09, 0xCD, 0x09, 0xCD, 0x09, 0xCD, 0x09, 0xCD, 
	0x09, 0xCD, 0x09, 0xCD, 0x09, 0xCD, 0x00, 0x00, 0x00, 0x00, 0x00, 0x00, 0x00, 0x00, 0x00, 0x00, 
	0x00, 0x00, 0x00, 0x00, 0x00, 0x00, 0x00, 0x00, 0x00, 0x00, 0x00, 0x00, 0x00, 0x00, 0x00, 0x00, 
	0x00, 0x00, 0x00, 0x00, 0x00, 0x00, 0x00, 0x00, 0x00, 0x00, 0x00, 0x00, 0x00, 0x00, 0x00, 0x00, 
	0x00, 0x00, 0x00, 0x00, 0x00, 0x00, 0x00, 0x00, 0x00, 0x00, 0x00, 0x00, 0x00, 0x00, 0x09, 0xCD, 
	0x09, 0xCD, 0x09, 0xCD, 0x09, 0xCD, 0x09, 0xCD, 0x09, 0xCD, 0x09, 0xCD, 0x09, 0xCD, 0x09, 0xCD, 
	0x09, 0xCD, 0x09, 0xCD, 0x09, 0xCD, 0x09, 0xCD, 0x09, 0xCD, 0x09, 0xCD, 0x09, 0xCD, 0x00, 0x63, 
	0x00, 0x00, 0x00, 0x00, 0x00, 0x00, 0x00, 0x00, 0x00, 0x00, 0x00, 0x00, 0x00, 0x00, 0x00, 0x00, 
	0x00, 0x00, 0x00, 0x00, 0x00, 0x00, 0x00, 0x00, 0x00, 0x00, 0x00, 0x00, 0x00, 0x00, 0x00, 0x00, 
	0x00, 0x00, 0x00, 0x00, 0x00, 0x00, 0x00, 0x00, 0x00, 0x00, 0x00, 0x00, 0x00, 0x00, 0x00, 0x00, 
	0x00, 0x00, 0x00, 0x00, 0x00, 0x00, 0x00, 0x00, 0x00, 0x00, 0x25, 0xBA, 0x25, 0xBA, 0x25, 0xBA, 
	0x25, 0xBA, 0x25, 0xBA, 0x25, 0xBA, 0x25, 0xBA, 0x25, 0xBA, 0x25, 0xBA, 0x25, 0xBA, 0x25, 0xBA, 
	0x25, 0xBA, 0x01, 0x05, 0x00, 0x00, 0x00, 0x00, 0x00, 0x00, 0x00, 0x00, 0x00, 0x00, 0x00, 0x00, 
	0x1C, 0x54, 0x25, 0xBA, 0x25, 0xBA, 0x25, 0xBA, 0x25, 0xBA, 0x25, 0xBA, 0x25, 0xBA, 0x25, 0xBA, 
	0x25, 0xBA, 0x25, 0xBA, 0x25, 0xBA, 0x00, 0x00, 0x00, 0x00, 0x00, 0x00, 0x00, 0x00, 0x00, 0x00, 
	0x00, 0x00, 0x00, 0x00, 0x00, 0x00, 0x00, 0x00, 0x00, 0x00, 0x00, 0x00, 0x00, 0x00, 0x00, 0x00, 
	0x00, 0x00, 0x00, 0x00, 0x00, 0x00, 0x00, 0x00, 0x00, 0x00, 0x00, 0x00, 0x25, 0xBA, 0x25, 0xBA, 
	0x25, 0xBA, 0x25, 0xBA, 0x25, 0xBA, 0x25, 0xBA, 0x25, 0xBA, 0x25, 0xBA, 0x25, 0xBA, 0x25, 0xBA, 
	0x25, 0xBA, 0x00, 0x00, 0x00, 0x00, 0x00, 0x00, 0x00, 0x00, 0x00, 0x00, 0x00, 0x00, 0x00, 0x00, 
	0x00, 0x00, 0x00, 0x00, 0x00, 0x00, 0x00, 0x00, 0x00, 0x00, 0x00, 0x00, 0x00, 0x00, 0x00, 0x00, 
	0x00, 0x00, 0x00, 0x00, 0x00, 0x00, 0x00, 0x00, 0x00, 0x00, 0x00, 0x00, 0x00, 0x00, 0x00, 0x00, 
	0x25, 0xBA, 0x25, 0xBA, 0x25, 0xBA, 0x25, 0xBA, 0x25, 0xBA, 0x25, 0xBA, 0x25, 0xBA, 0x25, 0xBA, 
	0x25, 0xBA, 0x25, 0xBA, 0x25, 0xBA, 0x25, 0xBA, 0x00, 0x00, 0x00, 0x00, 0x00, 0x00, 0x00, 0x00, 
	0x00, 0x00, 0x00, 0x00, 0x00, 0x00, 0x00, 0x00, 0x25, 0xBA, 0x25, 0xBA, 0x25, 0xBA, 0x25, 0xBA, 
	0x25, 0xBA, 0x25, 0xBA, 0x25, 0xBA, 0x25, 0xBA, 0x25, 0xBA, 0x25, 0xBA, 0x25, 0xBA, 0x25, 0xBA, 
	0x25, 0xBA, 0x25, 0xBA, 0x25, 0xBA, 0x25, 0xBA, 0x25, 0xBA, 0x25, 0xBA, 0x25, 0xBA, 0x25, 0xBA, 
	0x25, 0xBA, 0x25, 0xBA, 0x25, 0xBA, 0x25, 0xBA, 0x25, 0xBA, 0x25, 0xBA, 0x25, 0xBA, 0x25, 0xBA, 
	0x25, 0xBA, 0x25, 0xBA, 0x25, 0xBA, 0x00, 0x41, 0x00, 0x00, 0x00, 0x00, 0x00, 0x00, 0x00, 0x00, 
	0x00, 0x00, 0x00, 0x00, 0x09, 0xCD, 0x09, 0xCD, 0x09, 0xCD, 0x09, 0xCD, 0x09, 0xCD, 0x09, 0xCD, 
	0x09, 0xCD, 0x09, 0xCD, 0x09, 0xCD, 0x09, 0xCD, 0x09, 0xCD, 0x09, 0xCD, 0x09, 0xCD, 0x09, 0xCD, 
	0x09, 0xCD, 0x09, 0xCD, 0x09, 0xCD, 0x09, 0xCD, 0x09, 0x6B, 0x00, 0x00, 0x00, 0x00, 0x00, 0x00, 
	0x00, 0x00, 0x00, 0x00, 0x00, 0x00, 0x00, 0x00, 0x00, 0x00, 0x00, 0x00, 0x00, 0x00, 0x00, 0x00, 
	0x00, 0x00, 0x00, 0x00, 0x00, 0x00, 0x00, 0x00, 0x00, 0x00, 0x00, 0x00, 0x00, 0x00, 0x00, 0x00, 
	0x00, 0x00, 0x00, 0x00, 0x00, 0x00, 0x00, 0x00, 0x00, 0x00, 0x00, 0x00, 0x00, 0x00, 0x00, 0x00, 
	0x00, 0x00, 0x00, 0x00, 0x00, 0x00, 0x00, 0x00, 0x00, 0x00, 0x00, 0x00, 0x00, 0x00, 0x00, 0x00, 
	0x00, 0x00, 0x00, 0x00, 0x00, 0x00, 0x00, 0x00, 0x00, 0x00, 0x00, 0x00, 0x09, 0xCD, 0x09, 0xCD, 
	0x09, 0xCD, 0x09, 0xCD, 0x09, 0xCD, 0x09, 0xCD, 0x09, 0xCD, 0x09, 0xCD, 0x09, 0xCD, 0x09, 0xCD, 
	0x09, 0xCD, 0x09, 0xCD, 0x09, 0xCD, 0x09, 0xCD, 0x09, 0xCD, 0x09, 0xCD, 0x09, 0xCD, 0x09, 0xCD, 
	0x09, 0xCD, 0x09, 0xCD, 0x09, 0xCD, 0x09, 0xCD, 0x09, 0xCD, 0x09, 0xCD, 0x00, 0x00, 0x00, 0x00, 
	0x00, 0x00, 0x00, 0x00, 0x09, 0xCD, 0x09, 0xCD, 0x09, 0xCD, 0x09, 0xCD, 0x09, 0xCD, 0x09, 0xCD, 
	0x09, 0xCD, 0x09, 0xCD, 0x09, 0xCD, 0x09, 0xCD, 0x09, 0xCD, 0x09, 0xCD, 0x09, 0xCD, 0x09, 0xCD, 
	0x09, 0xCD, 0x09, 0xCD, 0x09, 0x6B, 0x00, 0x00, 0x00, 0x00, 0x00, 0x00, 0x00, 0x00, 0x00, 0x00, 
	0x00, 0x00, 0x00, 0x00, 0x00, 0x00, 0x00, 0x00, 0x00, 0x00, 0x00, 0x00, 0x00, 0x00, 0x00, 0x00, 
	0x00, 0x00, 0x00, 0x00, 0x00, 0x00, 0x00, 0x00, 0x00, 0x00, 0x00, 0x00, 0x00, 0x00, 0x00, 0x00, 
	0x00, 0x00, 0x00, 0x00, 0x00, 0x00, 0x00, 0x00, 0x00, 0x00, 0x00, 0x00, 0x00, 0x00, 0x09, 0xCD, 
	0x09, 0xCD, 0x09, 0xCD, 0x09, 0xCD, 0x09, 0xCD, 0x09, 0xCD, 0x09, 0xCD, 0x09, 0xCD, 0x09, 0xCD, 
	0x09, 0xCD, 0x09, 0xCD, 0x09, 0xCD, 0x09, 0xCD, 0x09, 0xCD, 0x09, 0xCD, 0x09, 0xCD, 0x00, 0xE7, 
	0x00, 0x00, 0x00, 0x00, 0x00, 0x00, 0x00, 0x00, 0x00, 0x00, 0x00, 0x00, 0x00, 0x00, 0x00, 0x00, 
	0x00, 0x00, 0x00, 0x00, 0x00, 0x00, 0x00, 0x00, 0x00, 0x00, 0x00, 0x00, 0x00, 0x00, 0x00, 0x00, 
	0x00, 0x00, 0x00, 0x00, 0x00, 0x00, 0x00, 0x00, 0x00, 0x00, 0x00, 0x00, 0x00, 0x00, 0x00, 0x00, 
	0x00, 0x00, 0x00, 0x00, 0x00, 0x00, 0x00, 0x00, 0x00, 0x41, 0x25, 0xBA, 0x25, 0xBA, 0x25, 0xBA, 
	0x25, 0xBA, 0x25, 0xBA, 0x25, 0xBA, 0x25, 0xBA, 0x25, 0xBA, 0x25, 0xBA, 0x25, 0xBA, 0x25, 0xBA, 
	0x25, 0xBA, 0x00, 0x00, 0x00, 0x00, 0x00, 0x00, 0x00, 0x00, 0x00, 0x00, 0x00, 0x00, 0x00, 0x00, 
	0x25, 0xBA, 0x25, 0xBA, 0x25, 0xBA, 0x25, 0xBA, 0x25, 0xBA, 0x25, 0xBA, 0x25, 0xBA, 0x25, 0xBA, 
	0x25, 0xBA, 0x25, 0xBA, 0x25, 0xBA, 0x00, 0x00, 0x00, 0x00, 0x00, 0x00, 0x00, 0x00, 0x00, 0x00, 
	0x00, 0x00, 0x00, 0x00, 0x00, 0x00, 0x00, 0x00, 0x00, 0x00, 0x00, 0x00, 0x00, 0x00, 0x00, 0x00, 
	0x00, 0x00, 0x00, 0x00, 0x00, 0x00, 0x00, 0x00, 0x00, 0x00, 0x00, 0x00, 0x25, 0xBA, 0x25, 0xBA, 
	0x25, 0xBA, 0x25, 0xBA, 0x25, 0xBA, 0x25, 0xBA, 0x25, 0xBA, 0x25, 0xBA, 0x25, 0xBA, 0x25, 0xBA, 
	0x25, 0xBA, 0x00, 0x00, 0x00, 0x00, 0x00, 0x00, 0x00, 0x00, 0x00, 0x00, 0x00, 0x00, 0x00, 0x00, 
	0x00, 0x00, 0x00, 0x00, 0x00, 0x00, 0x00, 0x00, 0x00, 0x00, 0x00, 0x00, 0x00, 0x00, 0x00, 0x00, 
	0x00, 0x00, 0x00, 0x00, 0x00, 0x00, 0x00, 0x00, 0x00, 0x00, 0x00, 0x00, 0x00, 0x00, 0x25, 0xBA, 
	0x25, 0xBA, 0x25, 0xBA, 0x25, 0xBA, 0x25, 0xBA, 0x25, 0xBA, 0x25, 0xBA, 0x25, 0xBA, 0x25, 0xBA, 
	0x25, 0xBA, 0x25, 0xBA, 0x25, 0xBA, 0x01, 0x05, 0x00, 0x00, 0x00, 0x00, 0x00, 0x00, 0x00, 0x00, 
	0x00, 0x00, 0x00, 0x00, 0x00, 0x00, 0x00, 0x00, 0x25, 0xBA, 0x25, 0xBA, 0x25, 0xBA, 0x25, 0xBA, 
	0x25, 0xBA, 0x25, 0xBA, 0x25, 0xBA, 0x25, 0xBA, 0x25, 0xBA, 0x25, 0xBA, 0x25, 0xBA, 0x25, 0xBA, 
	0x25, 0xBA, 0x25, 0xBA, 0x25, 0xBA, 0x25, 0xBA, 0x25, 0xBA, 0x25, 0xBA, 0x25, 0xBA, 0x25, 0xBA, 
	0x25, 0xBA, 0x25, 0xBA, 0x25, 0xBA, 0x25, 0xBA, 0x25, 0xBA, 0x25, 0xBA, 0x25, 0xBA, 0x25, 0xBA, 
	0x25, 0xBA, 0x25, 0xBA, 0x25, 0xBA, 0x25, 0xBA, 0x00, 0x00, 0x00, 0x00, 0x00, 0x00, 0x00, 0x00, 
	0x00, 0x00, 0x00, 0x00, 0x09, 0xCD, 0x09, 0xCD, 0x09, 0xCD, 0x09, 0xCD, 0x09, 0xCD, 0x09, 0xCD, 
	0x09, 0xCD, 0x09, 0xCD, 0x09, 0xCD, 0x09, 0xCD, 0x09, 0xCD, 0x09, 0xCD, 0x09, 0xCD, 0x09, 0xCD, 
	0x09, 0xCD, 0x09, 0xCD, 0x09, 0xCD, 0x09, 0xCD, 0x09, 0xCD, 0x00, 0x00, 0x00, 0x00, 0x00, 0x00, 
	0x00, 0x00, 0x00, 0x00, 0x00, 0x00, 0x00, 0x00, 0x00, 0x00, 0x00, 0x00, 0x00, 0x00, 0x00, 0x00, 
	0x00, 0x00, 0x00, 0x00, 0x00, 0x00, 0x00, 0x00, 0x00, 0x00, 0x00, 0x00, 0x00, 0x00, 0x00, 0x00, 
	0x00, 0x00, 0x00, 0x00, 0x00, 0x00, 0x00, 0x00, 0x00, 0x00, 0x00, 0x00, 0x00, 0x00, 0x00, 0x00, 
	0x00, 0x00, 0x00, 0x00, 0x00, 0x00, 0x00, 0x00, 0x00, 0x00, 0x00, 0x00, 0x00, 0x00, 0x00, 0x00, 
	0x00, 0x00, 0x00, 0x00, 0x00, 0x00, 0x00, 0x00, 0x00, 0x00, 0x00, 0x00, 0x00, 0x00, 0x00, 0xC6, 
	0x09, 0xCD, 0x09, 0xCD, 0x09, 0xCD, 0x09, 0xCD, 0x09, 0xCD, 0x09, 0xCD, 0x09, 0xCD, 0x09, 0xCD, 
	0x09, 0xCD, 0x09, 0xCD, 0x09, 0xCD, 0x09, 0xCD, 0x09, 0xCD, 0x09, 0xCD, 0x09, 0xCD, 0x09, 0xCD, 
	0x09, 0xCD, 0x09, 0xCD, 0x09, 0xCD, 0x09, 0xCD, 0x09, 0xCD, 0x01, 0x08, 0x00, 0x00, 0x00, 0x00, 
	0x00, 0x00, 0x00, 0x00, 0x09, 0xCD, 0x09, 0xCD, 0x09, 0xCD, 0x09, 0xCD, 0x09, 0xCD, 0x09, 0xCD, 
	0x09, 0xCD, 0x09, 0xCD, 0x09, 0xCD, 0x09, 0xCD, 0x09, 0xCD, 0x09, 0xCD, 0x09, 0xCD, 0x09, 0xCD, 
	0x09, 0xCD, 0x09, 0xCD, 0x00, 0xC6, 0x00, 0x00, 0x00, 0x00, 0x00, 0x00, 0x00, 0x00, 0x00, 0x00, 
	0x00, 0x00, 0x00, 0x00, 0x00, 0x00, 0x00, 0x00, 0x00, 0x00, 0x00, 0x00, 0x00, 0x00, 0x00, 0x00, 
	0x00, 0x00, 0x00, 0x00, 0x00, 0x00, 0x00, 0x00, 0x00, 0x00, 0x00, 0x00, 0x00, 0x00, 0x00, 0x00, 
	0x00, 0x00, 0x00, 0x00, 0x00, 0x00, 0x00, 0x00, 0x00, 0x00, 0x00, 0x00, 0x00, 0x00, 0x09, 0xCD, 
	0x09, 0xCD, 0x09, 0xCD, 0x09, 0xCD, 0x09, 0xCD, 0x09, 0xCD, 0x09, 0xCD, 0x09, 0xCD, 0x09, 0xCD, 
	0x09, 0xCD, 0x09, 0xCD, 0x09, 0xCD, 0x09, 0xCD, 0x09, 0xCD, 0x09, 0xCD, 0x09, 0xCD, 0x09, 0x4A, 
	0x00, 0x00, 0x00, 0x00, 0x00, 0x00, 0x00, 0x00, 0x00, 0x00, 0x00, 0x00, 0x00, 0x00, 0x00, 0x00, 
	0x00, 0x00, 0x00, 0x00, 0x00, 0x00, 0x00, 0x00, 0x00, 0x00, 0x00, 0x00, 0x00, 0x00, 0x00, 0x00, 
	0x00, 0x00, 0x00, 0x00, 0x00, 0x00, 0x00, 0x00, 0x00, 0x00, 0x00, 0x00, 0x00, 0x00, 0x00, 0x00, 
	0x00, 0x00, 0x00, 0x00, 0x00, 0x00, 0x00, 0x00, 0x25, 0xBA, 0x25, 0xBA, 0x25, 0xBA, 0x25, 0xBA, 
	0x25, 0xBA, 0x25, 0xBA, 0x25, 0xBA, 0x25, 0xBA, 0x25, 0xBA, 0x25, 0xBA, 0x25, 0xBA, 0x25, 0xBA, 
	0x00, 0x00, 0x00, 0x00, 0x00, 0x00, 0x00, 0x00, 0x00, 0x00, 0x00, 0x00, 0x00, 0x00, 0x00, 0x00, 
	0x25, 0xBA, 0x25, 0xBA, 0x25, 0xBA, 0x25, 0xBA, 0x25, 0xBA, 0x25, 0xBA, 0x25, 0xBA, 0x25, 0xBA, 
	0x25, 0xBA, 0x25, 0xBA, 0x25, 0xBA, 0x00, 0x00, 0x00, 0x00, 0x00, 0x00, 0x00, 0x00, 0x00, 0x00, 
	0x00, 0x00, 0x00, 0x00, 0x00, 0x00, 0x00, 0x00, 0x00, 0x00, 0x00, 0x00, 0x00, 0x00, 0x00, 0x00, 
	0x00, 0x00, 0x00, 0x00, 0x00, 0x00, 0x00, 0x00, 0x00, 0x00, 0x00, 0x00, 0x25, 0xBA, 0x25, 0xBA, 
	0x25, 0xBA, 0x25, 0xBA, 0x25, 0xBA, 0x25, 0xBA, 0x25, 0xBA, 0x25, 0xBA, 0x25, 0xBA, 0x25, 0xBA, 
	0x25, 0xBA, 0x00, 0x00, 0x00, 0x00, 0x00, 0x00, 0x00, 0x00, 0x00, 0x00, 0x00, 0x00, 0x00, 0x00, 
	0x00, 0x00, 0x00, 0x00, 0x00, 0x00, 0x00, 0x00, 0x00, 0x00, 0x00, 0x00, 0x00, 0x00, 0x00, 0x00, 
	0x00, 0x00, 0x00, 0x00, 0x00, 0x00, 0x00, 0x00, 0x00, 0x00, 0x00, 0x00, 0x13, 0x90, 0x25, 0xBA, 
	0x25, 0xBA, 0x25, 0xBA, 0x25, 0xBA, 0x25, 0xBA, 0x25, 0xBA, 0x25, 0xBA, 0x25, 0xBA, 0x25, 0xBA, 
	0x25, 0xBA, 0x25, 0xBA, 0x25, 0xBA, 0x00, 0x00, 0x00, 0x00, 0x00, 0x00, 0x00, 0x00, 0x00, 0x00, 
	0x00, 0x00, 0x00, 0x00, 0x00, 0x00, 0x00, 0x00, 0x25, 0xBA, 0x25, 0xBA, 0x25, 0xBA, 0x25, 0xBA, 
	0x25, 0xBA, 0x25, 0xBA, 0x25, 0xBA, 0x25, 0xBA, 0x25, 0xBA, 0x25, 0xBA, 0x25, 0xBA, 0x25, 0xBA, 
	0x25, 0xBA, 0x25, 0xBA, 0x25, 0xBA, 0x25, 0xBA, 0x25, 0xBA, 0x25, 0xBA, 0x25, 0xBA, 0x25, 0xBA, 
	0x25, 0xBA, 0x25, 0xBA, 0x25, 0xBA, 0x25, 0xBA, 0x25, 0xBA, 0x25, 0xBA, 0x25, 0xBA, 0x25, 0xBA, 
	0x25, 0xBA, 0x25, 0xBA, 0x25, 0xBA, 0x25, 0xBA, 0x1D, 0x59, 0x00, 0x00, 0x00, 0x00, 0x00, 0x00, 
	0x00, 0x00, 0x00, 0x00, 0x09, 0xCD, 0x09, 0xCD, 0x09, 0xCD, 0x09, 0xCD, 0x09, 0xCD, 0x09, 0xCD, 
	0x09, 0xCD, 0x09, 0xCD, 0x09, 0xCD, 0x09, 0xCD, 0x09, 0xCD, 0x09, 0xCD, 0x09, 0xCD, 0x09, 0xCD, 
	0x09, 0xCD, 0x09, 0xCD, 0x09, 0xCD, 0x09, 0xCD, 0x09, 0xCD, 0x00, 0x00, 0x00, 0x00, 0x00, 0x00, 
	0x00, 0x00, 0x00, 0x00, 0x00, 0x00, 0x00, 0x00, 0x00, 0x00, 0x00, 0x00, 0x00, 0x00, 0x00, 0x00, 
	0x00, 0x00, 0x00, 0x00, 0x00, 0x00, 0x00, 0x00, 0x00, 0x00, 0x00, 0x00, 0x00, 0x00, 0x00, 0x00, 
	0x00, 0x00, 0x00, 0x00, 0x00, 0x00, 0x00, 0x00, 0x00, 0x00, 0x00, 0x00, 0x00, 0x00, 0x00, 0x00, 
	0x00, 0x00, 0x00, 0x00, 0x00, 0x00, 0x00, 0x00, 0x00, 0x00, 0x00, 0x00, 0x00, 0x00, 0x00, 0x00, 
	0x00, 0x00, 0x00, 0x00, 0x00, 0x00, 0x00, 0x00, 0x00, 0x00, 0x00, 0x00, 0x00, 0x00, 0x00, 0x00, 
	0x09, 0xCD, 0x09, 0xCD, 0x09, 0xCD, 0x09, 0xCD, 0x09, 0xCD, 0x09, 0xCD, 0x09, 0xCD, 0x09, 0xCD, 
	0x09, 0xCD, 0x09, 0xCD, 0x09, 0xCD, 0x09, 0xCD, 0x09, 0xCD, 0x09, 0xCD, 0x09, 0xCD, 0x09, 0xCD, 
	0x09, 0xCD, 0x09, 0xCD, 0x09, 0xCD, 0x09, 0xCD, 0x09, 0xCD, 0x00, 0x00, 0x00, 0x00, 0x00, 0x00, 
	0x00, 0x00, 0x00, 0x00, 0x09, 0xCD, 0x09, 0xCD, 0x09, 0xCD, 0x09, 0xCD, 0x09, 0xCD, 0x09, 0xCD, 
	0x09, 0xCD, 0x09, 0xCD, 0x09, 0xCD, 0x09, 0xCD, 0x09, 0xCD, 0x09, 0xCD, 0x09, 0xCD, 0x09, 0xCD, 
	0x09, 0xCD, 0x09, 0xCD, 0x00, 0x00, 0x00, 0x00, 0x00, 0x00, 0x00, 0x00, 0x00, 0x00, 0x00, 0x00, 
	0x00, 0x00, 0x00, 0x00, 0x00, 0x00, 0x00, 0x00, 0x00, 0x00, 0x00, 0x00, 0x00, 0x00, 0x00, 0x00, 
	0x00, 0x00, 0x00, 0x00, 0x00, 0x00, 0x00, 0x00, 0x00, 0x00, 0x00, 0x00, 0x00, 0x00, 0x00, 0x00, 
	0x00, 0x00, 0x00, 0x00, 0x00, 0x00, 0x00, 0x00, 0x00, 0x00, 0x00, 0x00, 0x00, 0x00, 0x09, 0xCD, 
	0x09, 0xCD, 0x09, 0xCD, 0x09, 0xCD, 0x09, 0xCD, 0x09, 0xCD, 0x09, 0xCD, 0x09, 0xCD, 0x09, 0xCD, 
	0x09, 0xCD, 0x09, 0xCD, 0x09, 0xCD, 0x09, 0xCD, 0x09, 0xCD, 0x09, 0xCD, 0x09, 0xCD, 0x09, 0xCD, 
	0x00, 0x00, 0x00, 0x00, 0x00, 0x00, 0x00, 0x00, 0x00, 0x00, 0x00, 0x00, 0x00, 0x00, 0x00, 0x00, 
	0x00, 0x00, 0x00, 0x00, 0x00, 0x00, 0x00, 0x00, 0x00, 0x00, 0x00, 0x00, 0x00, 0x00, 0x00, 0x00, 
	0x00, 0x00, 0x00, 0x00, 0x00, 0x00, 0x00, 0x00, 0x00, 0x00, 0x00, 0x00, 0x00, 0x00, 0x00, 0x00, 
	0x00, 0x00, 0x00, 0x00, 0x00, 0x00, 0x25, 0xBA, 0x25, 0xBA, 0x25, 0xBA, 0x25, 0xBA, 0x25, 0xBA, 
	0x25, 0xBA, 0x25, 0xBA, 0x25, 0xBA, 0x25, 0xBA, 0x25, 0xBA, 0x25, 0xBA, 0x25, 0xBA, 0x25, 0xBA, 
	0x00, 0x00, 0x00, 0x00, 0x00, 0x00, 0x00, 0x00, 0x00, 0x00, 0x00, 0x00, 0x00, 0x00, 0x00, 0x00, 
	0x25, 0xBA, 0x25, 0xBA, 0x25, 0xBA, 0x25, 0xBA, 0x25, 0xBA, 0x25, 0xBA, 0x25, 0xBA, 0x25, 0xBA, 
	0x25, 0xBA, 0x25, 0xBA, 0x25, 0xBA, 0x00, 0x00, 0x00, 0x00, 0x00, 0x00, 0x00, 0x00, 0x00, 0x00, 
	0x00, 0x00, 0x00, 0x00, 0x00, 0x00, 0x00, 0x00, 0x00, 0x00, 0x00, 0x00, 0x00, 0x00, 0x00, 0x00, 
	0x00, 0x00, 0x00, 0x00, 0x00, 0x00, 0x00, 0x00, 0x00, 0x00, 0x00, 0x00, 0x25, 0xBA, 0x25, 0xBA, 
	0x25, 0xBA, 0x25, 0xBA, 0x25, 0xBA, 0x25, 0xBA, 0x25, 0xBA, 0x25, 0xBA, 0x25, 0xBA, 0x25, 0xBA, 
	0x25, 0xBA, 0x00, 0x00, 0x00, 0x00, 0x00, 0x00, 0x00, 0x00, 0x00, 0x00, 0x00, 0x00, 0x00, 0x00, 
	0x00, 0x00, 0x00, 0x00, 0x00, 0x00, 0x00, 0x00, 0x00, 0x00, 0x00, 0x00, 0x00, 0x00, 0x00, 0x00, 
	0x00, 0x00, 0x00, 0x00, 0x00, 0x00, 0x00, 0x00, 0x00, 0x00, 0x0A, 0x2A, 0x25, 0xBA, 0x25, 0xBA, 
	0x25, 0xBA, 0x25, 0xBA, 0x25, 0xBA, 0x25, 0xBA, 0x25, 0xBA, 0x25, 0xBA, 0x25, 0xBA, 0x25, 0xBA, 
	0x25, 0xBA, 0x25, 0xBA, 0x00, 0x00, 0x00, 0x00, 0x00, 0x00, 0x00, 0x00, 0x00, 0x00, 0x00, 0x00, 
	0x00, 0x00, 0x00, 0x00, 0x00, 0x00, 0x25, 0xBA, 0x25, 0xBA, 0x25, 0xBA, 0x25, 0xBA, 0x25, 0xBA, 
	0x25, 0xBA, 0x25, 0xBA, 0x25, 0xBA, 0x25, 0xBA, 0x25, 0xBA, 0x25, 0xBA, 0x25, 0xBA, 0x25, 0xBA, 
	0x25, 0xBA, 0x25, 0xBA, 0x25, 0xBA, 0x25, 0xBA, 0x25, 0xBA, 0x25, 0xBA, 0x25, 0xBA, 0x25, 0xBA, 
	0x25, 0xBA, 0x25, 0xBA, 0x25, 0xBA, 0x25, 0xBA, 0x25, 0xBA, 0x25, 0xBA, 0x25, 0xBA, 0x25, 0xBA, 
	0x25, 0xBA, 0x25, 0xBA, 0x25, 0xBA, 0x25, 0xBA, 0x25, 0xBA, 0x09, 0xC8, 0x00, 0x00, 0x00, 0x00, 
	0x00, 0x00, 0x00, 0x00, 0x09, 0x4A, 0x09, 0xCD, 0x09, 0xCD, 0x09, 0xCD, 0x09, 0xCD, 0x09, 0xCD, 
	0x09, 0xCD, 0x09, 0xCD, 0x09, 0xCD, 0x09, 0xCD, 0x09, 0xCD, 0x09, 0xCD, 0x09, 0xCD, 0x09, 0xCD, 
	0x09, 0xCD, 0x09, 0xCD, 0x09, 0xCD, 0x09, 0xCD, 0x09, 0xCD, 0x09, 0xAC, 0x00, 0x00, 0x00, 0x00, 
	0x00, 0x00, 0x00, 0x00, 0x00, 0x00, 0x00, 0x00, 0x00, 0x00, 0x00, 0x00, 0x00, 0x00, 0x00, 0x00, 
	0x00, 0x00, 0x00, 0x00, 0x00, 0x00, 0x00, 0x00, 0x00, 0x00, 0x00, 0x00, 0x00, 0x00, 0x00, 0x00, 
	0x00, 0x00, 0x00, 0x00, 0x00, 0x00, 0x00, 0x00, 0x00, 0x00, 0x00, 0x00, 0x00, 0x00, 0x00, 0x00, 
	0x00, 0x00, 0x00, 0x00, 0x00, 0x00, 0x00, 0x00, 0x00, 0x00, 0x00, 0x00, 0x00, 0x00, 0x00, 0x00, 
	0x00, 0x00, 0x00, 0x00, 0x00, 0x00, 0x00, 0x00, 0x00, 0x00, 0x00, 0x00, 0x00, 0x00, 0x00, 0x00, 
	0x00, 0x00, 0x09, 0xCD, 0x09, 0xCD, 0x09, 0xCD, 0x09, 0xCD, 0x09, 0xCD, 0x09, 0xCD, 0x09, 0xCD, 
	0x09, 0xCD, 0x09, 0xCD, 0x09, 0xCD, 0x09, 0xCD, 0x09, 0xCD, 0x09, 0xCD, 0x09, 0xCD, 0x09, 0xCD, 
	0x09, 0xCD, 0x09, 0xCD, 0x09, 0xCD, 0x09, 0xCD, 0x09, 0xCD, 0x00, 0x00, 0x00, 0x00, 0x00, 0x00, 
	0x00, 0x00, 0x00, 0x00, 0x09, 0xCD, 0x09, 0xCD, 0x09, 0xCD, 0x09, 0xCD, 0x09, 0xCD, 0x09, 0xCD, 
	0x09, 0xCD, 0x09, 0xCD, 0x09, 0xCD, 0x09, 0xCD, 0x09, 0xCD, 0x09, 0xCD, 0x09, 0xCD, 0x09, 0xCD, 
	0x09, 0xCD, 0x09, 0xCD, 0x00, 0x00, 0x00, 0x00, 0x00, 0x00, 0x00, 0x00, 0x00, 0x00, 0x00, 0x00, 
	0x00, 0x00, 0x00, 0x00, 0x00, 0x00, 0x00, 0x00, 0x00, 0x00, 0x00, 0x00, 0x00, 0x00, 0x00, 0x00, 
	0x00, 0x00, 0x00, 0x00, 0x00, 0x00, 0x00, 0x00, 0x00, 0x00, 0x00, 0x00, 0x00, 0x00, 0x00, 0x00, 
	0x00, 0x00, 0x00, 0x00, 0x00, 0x00, 0x00, 0x00, 0x00, 0x00, 0x00, 0x00, 0x00, 0x00, 0x09, 0xCD, 
	0x09, 0xCD, 0x09, 0xCD, 0x09, 0xCD, 0x09, 0xCD, 0x09, 0xCD, 0x09, 0xCD, 0x09, 0xCD, 0x09, 0xCD, 
	0x09, 0xCD, 0x09, 0xCD, 0x09, 0xCD, 0x09, 0xCD, 0x09, 0xCD, 0x09, 0xCD, 0x09, 0xCD, 0x09, 0xCD, 
	0x00, 0x00, 0x00, 0x00, 0x00, 0x00, 0x00, 0x00, 0x00, 0x00, 0x00, 0x00, 0x00, 0x00, 0x00, 0x00, 
	0x00, 0x00, 0x00, 0x00, 0x00, 0x00, 0x00, 0x00, 0x00, 0x00, 0x00, 0x00, 0x00, 0x00, 0x00, 0x00, 
	0x00, 0x00, 0x00, 0x00, 0x00, 0x00, 0x00, 0x00, 0x00, 0x00, 0x00, 0x00, 0x00, 0x00, 0x00, 0x00, 
	0x00, 0x00, 0x00, 0x00, 0x25, 0xBA, 0x25, 0xBA, 0x25, 0xBA, 0x25, 0xBA, 0x25, 0xBA, 0x25, 0xBA, 
	0x25, 0xBA, 0x25, 0xBA, 0x25, 0xBA, 0x25, 0xBA, 0x25, 0xBA, 0x25, 0xBA, 0x25, 0xBA, 0x00, 0x00, 
	0x00, 0x00, 0x00, 0x00, 0x00, 0x00, 0x00, 0x00, 0x00, 0x00, 0x00, 0x00, 0x00, 0x00, 0x00, 0x00, 
	0x25, 0xBA, 0x25, 0xBA, 0x25, 0xBA, 0x25, 0xBA, 0x25, 0xBA, 0x25, 0xBA, 0x25, 0xBA, 0x25, 0xBA, 
	0x25, 0xBA, 0x25, 0xBA, 0x25, 0xBA, 0x00, 0x00, 0x00, 0x00, 0x00, 0x00, 0x00, 0x00, 0x00, 0x00, 
	0x00, 0x00, 0x00, 0x00, 0x00, 0x00, 0x00, 0x00, 0x00, 0x00, 0x00, 0x00, 0x00, 0x00, 0x00, 0x00, 
	0x00, 0x00, 0x00, 0x00, 0x00, 0x00, 0x00, 0x00, 0x00, 0x00, 0x00, 0x00, 0x25, 0xBA, 0x25, 0xBA, 
	0x25, 0xBA, 0x25, 0xBA, 0x25, 0xBA, 0x25, 0xBA, 0x25, 0xBA, 0x25, 0xBA, 0x25, 0xBA, 0x25, 0xBA, 
	0x25, 0xBA, 0x00, 0x00, 0x00, 0x00, 0x00, 0x00, 0x00, 0x00, 0x00, 0x00, 0x00, 0x00, 0x00, 0x00, 
	0x00, 0x00, 0x00, 0x00, 0x00, 0x00, 0x00, 0x00, 0x00, 0x00, 0x00, 0x00, 0x00, 0x00, 0x00, 0x00, 
	0x00, 0x00, 0x00, 0x00, 0x00, 0x00, 0x00, 0x00, 0x00, 0x41, 0x25, 0xBA, 0x25, 0xBA, 0x25, 0xBA, 
	0x25, 0xBA, 0x25, 0xBA, 0x25, 0xBA, 0x25, 0xBA, 0x25, 0xBA, 0x25, 0xBA, 0x25, 0xBA, 0x25, 0xBA, 
	0x25, 0xBA, 0x00, 0x41, 0x00, 0x00, 0x00, 0x00, 0x00, 0x00, 0x00, 0x00, 0x00, 0x00, 0x00, 0x00, 
	0x00, 0x00, 0x00, 0x00, 0x00, 0x00, 0x25, 0xBA, 0x25, 0xBA, 0x25, 0xBA, 0x25, 0xBA, 0x25, 0xBA, 
	0x25, 0xBA, 0x25, 0xBA, 0x25, 0xBA, 0x25, 0xBA, 0x25, 0xBA, 0x25, 0xBA, 0x25, 0xBA, 0x25, 0xBA, 
	0x25, 0xBA, 0x0A, 0x8B, 0x00, 0x00, 0x00, 0x00, 0x00, 0x00, 0x00, 0x00, 0x00, 0x00, 0x00, 0x00, 
	0x1D, 0x59, 0x25, 0xBA, 0x25, 0xBA, 0x25, 0xBA, 0x25, 0xBA, 0x25, 0xBA, 0x25, 0xBA, 0x25, 0xBA, 
	0x25, 0xBA, 0x25, 0xBA, 0x25, 0xBA, 0x25, 0xBA, 0x25, 0xBA, 0x25, 0xBA, 0x00, 0x00, 0x00, 0x00, 
	0x00, 0x00, 0x00, 0x00, 0x00, 0x00, 0x09, 0xCD, 0x09, 0xCD, 0x09, 0xCD, 0x09, 0xCD, 0x09, 0xCD, 
	0x09, 0xCD, 0x09, 0xCD, 0x09, 0xCD, 0x09, 0xCD, 0x09, 0xCD, 0x09, 0xCD, 0x09, 0xCD, 0x09, 0xCD, 
	0x09, 0xCD, 0x09, 0xCD, 0x09, 0xCD, 0x09, 0xCD, 0x09, 0xCD, 0x09, 0xCD, 0x00, 0x00, 0x00, 0x00, 
	0x00, 0x00, 0x00, 0x00, 0x00, 0x00, 0x00, 0x00, 0x00, 0x00, 0x00, 0x00, 0x00, 0x00, 0x00, 0x00, 
	0x00, 0x00, 0x00, 0x00, 0x00, 0x00, 0x00, 0x00, 0x00, 0x00, 0x00, 0x00, 0x00, 0x00, 0x00, 0x00, 
	0x00, 0x00, 0x00, 0x00, 0x00, 0x00, 0x00, 0x00, 0x00, 0x00, 0x00, 0x00, 0x00, 0x00, 0x00, 0x00, 
	0x00, 0x00, 0x00, 0x00, 0x00, 0x00, 0x00, 0x00, 0x00, 0x00, 0x00, 0x00, 0x00, 0x00, 0x00, 0x00, 
	0x00, 0x00, 0x00, 0x00, 0x00, 0x00, 0x00, 0x00, 0x00, 0x00, 0x00, 0x00, 0x00, 0x00, 0x00, 0x00, 
	0x00, 0x00, 0x09, 0xCD, 0x09, 0xCD, 0x09, 0xCD, 0x09, 0xCD, 0x09, 0xCD, 0x09, 0xCD, 0x09, 0xCD, 
	0x09, 0xCD, 0x09, 0xCD, 0x09, 0xCD, 0x09, 0xCD, 0x09, 0xCD, 0x09, 0xCD, 0x09, 0xCD, 0x09, 0xCD, 
	0x09, 0xCD, 0x09, 0xCD, 0x09, 0xCD, 0x09, 0xCD, 0x09, 0xCD, 0x00, 0x00, 0x00, 0x00, 0x00, 0x00, 
	0x00, 0x00, 0x00, 0x00, 0x09, 0xCD, 0x09, 0xCD, 0x09, 0xCD, 0x09, 0xCD, 0x09, 0xCD, 0x09, 0xCD, 
	0x09, 0xCD, 0x09, 0xCD, 0x09, 0xCD, 0x09, 0xCD, 0x09, 0xCD, 0x09, 0xCD, 0x09, 0xCD, 0x09, 0xCD, 
	0x09, 0xCD, 0x09, 0xCD, 0x00, 0x00, 0x00, 0x00, 0x00, 0x00, 0x00, 0x00, 0x00, 0x00, 0x00, 0x00, 
	0x00, 0x00, 0x00, 0x00, 0x00, 0x00, 0x00, 0x00, 0x00, 0x00, 0x00, 0x00, 0x00, 0x00, 0x00, 0x00, 
	0x00, 0x00, 0x00, 0x00, 0x00, 0x00, 0x00, 0x00, 0x00, 0x00, 0x00, 0x00, 0x00, 0x00, 0x00, 0x00, 
	0x00, 0x00, 0x00, 0x00, 0x00, 0x00, 0x00, 0x00, 0x00, 0x00, 0x00, 0x00, 0x00, 0x00, 0x09, 0xCD, 
	0x09, 0xCD, 0x09, 0xCD, 0x09, 0xCD, 0x09, 0xCD, 0x09, 0xCD, 0x09, 0xCD, 0x09, 0xCD, 0x09, 0xCD, 
	0x09, 0xCD, 0x09, 0xCD, 0x09, 0xCD, 0x09, 0xCD, 0x09, 0xCD, 0x09, 0xCD, 0x09, 0xCD, 0x09, 0xCD, 
	0x00, 0x00, 0x00, 0x00, 0x00, 0x00, 0x00, 0x00, 0x00, 0x00, 0x00, 0x00, 0x00, 0x00, 0x00, 0x00, 
	0x00, 0x00, 0x00, 0x00, 0x00, 0x00, 0x00, 0x00, 0x00, 0x00, 0x00, 0x00, 0x00, 0x00, 0x00, 0x00, 
	0x00, 0x00, 0x00, 0x00, 0x00, 0x00, 0x00, 0x00, 0x00, 0x00, 0x00, 0x00, 0x00, 0x00, 0x00, 0x00, 
	0x00, 0x00, 0x09, 0xC8, 0x25, 0xBA, 0x25, 0xBA, 0x25, 0xBA, 0x25, 0xBA, 0x25, 0xBA, 0x25, 0xBA, 
	0x25, 0xBA, 0x25, 0xBA, 0x25, 0xBA, 0x25, 0xBA, 0x25, 0xBA, 0x25, 0xBA, 0x00, 0x00, 0x00, 0x00, 
	0x00, 0x00, 0x00, 0x00, 0x00, 0x00, 0x00, 0x00, 0x00, 0x00, 0x00, 0x00, 0x00, 0x00, 0x00, 0x00, 
	0x25, 0xBA, 0x25, 0xBA, 0x25, 0xBA, 0x25, 0xBA, 0x25, 0xBA, 0x25, 0xBA, 0x25, 0xBA, 0x25, 0xBA, 
	0x25, 0xBA, 0x25, 0xBA, 0x25, 0xBA, 0x00, 0x00, 0x00, 0x00, 0x00, 0x00, 0x00, 0x00, 0x00, 0x00, 
	0x00, 0x00, 0x00, 0x00, 0x00, 0x00, 0x00, 0x00, 0x00, 0x00, 0x00, 0x00, 0x00, 0x00, 0x00, 0x00, 
	0x00, 0x00, 0x00, 0x00, 0x00, 0x00, 0x00, 0x00, 0x00, 0x00, 0x00, 0x00, 0x25, 0xBA, 0x25, 0xBA, 
	0x25, 0xBA, 0x25, 0xBA, 0x25, 0xBA, 0x25, 0xBA, 0x25, 0xBA, 0x25, 0xBA, 0x25, 0xBA, 0x25, 0xBA, 
	0x25, 0xBA, 0x00, 0x00, 0x00, 0x00, 0x00, 0x00, 0x00, 0x00, 0x00, 0x00, 0x00, 0x00, 0x00, 0x00, 
	0x00, 0x00, 0x00, 0x00, 0x00, 0x00, 0x00, 0x00, 0x00, 0x00, 0x00, 0x00, 0x00, 0x00, 0x00, 0x00, 
	0x00, 0x00, 0x00, 0x00, 0x00, 0x00, 0x00, 0x00, 0x25, 0xBA, 0x25, 0xBA, 0x25, 0xBA, 0x25, 0xBA, 
	0x25, 0xBA, 0x25, 0xBA, 0x25, 0xBA, 0x25, 0xBA, 0x25, 0xBA, 0x25, 0xBA, 0x25, 0xBA, 0x25, 0xBA, 
	0x25, 0xBA, 0x00, 0x00, 0x00, 0x00, 0x00, 0x00, 0x00, 0x00, 0x00, 0x00, 0x00, 0x00, 0x00, 0x00, 
	0x00, 0x00, 0x00, 0x00, 0x00, 0x00, 0x25, 0xBA, 0x25, 0xBA, 0x25, 0xBA, 0x25, 0xBA, 0x25, 0xBA, 
	0x25, 0xBA, 0x25, 0xBA, 0x25, 0xBA, 0x25, 0xBA, 0x25, 0xBA, 0x25, 0xBA, 0x25, 0xBA, 0x25, 0xBA, 
	0x00, 0x00, 0x00, 0x00, 0x00, 0x00, 0x00, 0x00, 0x00, 0x00, 0x00, 0x00, 0x00, 0x00, 0x00, 0x00, 
	0x00, 0x00, 0x00, 0x00, 0x25, 0xBA, 0x25, 0xBA, 0x25, 0xBA, 0x25, 0xBA, 0x25, 0xBA, 0x25, 0xBA, 
	0x25, 0xBA, 0x25, 0xBA, 0x25, 0xBA, 0x25, 0xBA, 0x25, 0xBA, 0x25, 0xBA, 0x12, 0xCD, 0x00, 0x00, 
	0x00, 0x00, 0x00, 0x00, 0x00, 0x00, 0x09, 0xCD, 0x09, 0xCD, 0x09, 0xCD, 0x09, 0xCD, 0x09, 0xCD, 
	0x09, 0xCD, 0x09, 0xCD, 0x09, 0xCD, 0x09, 0xCD, 0x09, 0xCD, 0x09, 0xCD, 0x09, 0xCD, 0x09, 0xCD, 
	0x09, 0xCD, 0x09, 0xCD, 0x09, 0xCD, 0x09, 0xCD, 0x09, 0xCD, 0x09, 0xCD, 0x00, 0x63, 0x00, 0x00, 
	0x00, 0x00, 0x00, 0x00, 0x00, 0x00, 0x00, 0x00, 0x00, 0x00, 0x00, 0x00, 0x00, 0x00, 0x00, 0x00, 
	0x00, 0x00, 0x00, 0x00, 0x00, 0x00, 0x00, 0x00, 0x00, 0x00, 0x00, 0x00, 0x00, 0x00, 0x00, 0x00, 
	0x00, 0x00, 0x00, 0x00, 0x00, 0x00, 0x00, 0x00, 0x00, 0x00, 0x00, 0x00, 0x00, 0x00, 0x00, 0x00, 
	0x00, 0x00, 0x00, 0x00, 0x00, 0x00, 0x00, 0x00, 0x00, 0x00, 0x00, 0x00, 0x00, 0x00, 0x00, 0x00, 
	0x00, 0x00, 0x00, 0x00, 0x00, 0x00, 0x00, 0x00, 0x00, 0x00, 0x00, 0x00, 0x00, 0x00, 0x00, 0x00, 
	0x00, 0x00, 0x09, 0xCD, 0x09, 0xCD, 0x09, 0xCD, 0x09, 0xCD, 0x09, 0xCD, 0x09, 0xCD, 0x09, 0xCD, 
	0x09, 0xCD, 0x09, 0xCD, 0x09, 0xCD, 0x09, 0xCD, 0x09, 0xCD, 0x09, 0xCD, 0x09, 0xCD, 0x09, 0xCD, 
	0x09, 0xCD, 0x09, 0xCD, 0x09, 0xCD, 0x09, 0xCD, 0x00, 0x21, 0x00, 0x00, 0x00, 0x00, 0x00, 0x00, 
	0x00, 0x00, 0x00, 0x00, 0x09, 0xCD, 0x09, 0xCD, 0x09, 0xCD, 0x09, 0xCD, 0x09, 0xCD, 0x09, 0xCD, 
	0x09, 0xCD, 0x09, 0xCD, 0x09, 0xCD, 0x09, 0xCD, 0x09, 0xCD, 0x09, 0xCD, 0x09, 0xCD, 0x09, 0xCD, 
	0x09, 0xCD, 0x09, 0xCD, 0x00, 0x00, 0x00, 0x00, 0x00, 0x00, 0x00, 0x00, 0x00, 0x00, 0x00, 0x00, 
	0x00, 0x00, 0x00, 0x00, 0x00, 0x00, 0x00, 0x00, 0x00, 0x00, 0x00, 0x00, 0x00, 0x00, 0x00, 0x00, 
	0x00, 0x00, 0x00, 0x00, 0x00, 0x00, 0x00, 0x00, 0x00, 0x00, 0x00, 0x00, 0x00, 0x00, 0x00, 0x00, 
	0x00, 0x00, 0x00, 0x00, 0x00, 0x00, 0x00, 0x00, 0x00, 0x00, 0x00, 0x00, 0x00, 0x00, 0x09, 0xCD, 
	0x09, 0xCD, 0x09, 0xCD, 0x09, 0xCD, 0x09, 0xCD, 0x09, 0xCD, 0x09, 0xCD, 0x09, 0xCD, 0x09, 0xCD, 
	0x09, 0xCD, 0x09, 0xCD, 0x09, 0xCD, 0x09, 0xCD, 0x09, 0xCD, 0x09, 0xCD, 0x09, 0xCD, 0x09, 0xCD, 
	0x00, 0x00, 0x00, 0x00, 0x00, 0x00, 0x00, 0x00, 0x00, 0x00, 0x00, 0x00, 0x00, 0x00, 0x00, 0x00, 
	0x00, 0x00, 0x00, 0x00, 0x00, 0x00, 0x00, 0x00, 0x00, 0x00, 0x00, 0x00, 0x00, 0x00, 0x00, 0x00, 
	0x00, 0x00, 0x00, 0x00, 0x00, 0x00, 0x00, 0x00, 0x00, 0x00, 0x00, 0x00, 0x00, 0x00, 0x00, 0x00, 
	0x00, 0x41, 0x25, 0xBA, 0x25, 0xBA, 0x25, 0xBA, 0x25, 0xBA, 0x25, 0xBA, 0x25, 0xBA, 0x25, 0xBA, 
	0x25, 0xBA, 0x25, 0xBA, 0x25, 0xBA, 0x25, 0xBA, 0x25, 0xBA, 0x00, 0xA3, 0x00, 0x00, 0x00, 0x00, 
	0x00, 0x00, 0x00, 0x00, 0x00, 0x00, 0x00, 0x00, 0x00, 0x00, 0x00, 0x00, 0x00, 0x00, 0x00, 0x00, 
	0x25, 0xBA, 0x25, 0xBA, 0x25, 0xBA, 0x25, 0xBA, 0x25, 0xBA, 0x25, 0xBA, 0x25, 0xBA, 0x25, 0xBA, 
	0x25, 0xBA, 0x25, 0xBA, 0x25, 0xBA, 0x00, 0x00, 0x00, 0x00, 0x00, 0x00, 0x00, 0x00, 0x00, 0x00, 
	0x00, 0x00, 0x00, 0x00, 0x00, 0x00, 0x00, 0x00, 0x00, 0x00, 0x00, 0x00, 0x00, 0x00, 0x00, 0x00, 
	0x00, 0x00, 0x00, 0x00, 0x00, 0x00, 0x00, 0x00, 0x00, 0x00, 0x00, 0x00, 0x25, 0xBA, 0x25, 0xBA, 
	0x25, 0xBA, 0x25, 0xBA, 0x25, 0xBA, 0x25, 0xBA, 0x25, 0xBA, 0x25, 0xBA, 0x25, 0xBA, 0x25, 0xBA, 
	0x25, 0xBA, 0x00, 0x00, 0x00, 0x00, 0x00, 0x00, 0x00, 0x00, 0x00, 0x00, 0x00, 0x00, 0x00, 0x00, 
	0x00, 0x00, 0x00, 0x00, 0x00, 0x00, 0x00, 0x00, 0x00, 0x00, 0x00, 0x00, 0x00, 0x00, 0x00, 0x00, 
	0x00, 0x00, 0x00, 0x00, 0x00, 0x00, 0x1D, 0x59, 0x25, 0xBA, 0x25, 0xBA, 0x25, 0xBA, 0x25, 0xBA, 
	0x25, 0xBA, 0x25, 0xBA, 0x25, 0xBA, 0x25, 0xBA, 0x25, 0xBA, 0x25, 0xBA, 0x25, 0xBA, 0x25, 0xBA, 
	0x00, 0x00, 0x00, 0x00, 0x00, 0x00, 0x00, 0x00, 0x00, 0x00, 0x00, 0x00, 0x00, 0x00, 0x00, 0x00, 
	0x00, 0x00, 0x00, 0x00, 0x0A, 0x2A, 0x25, 0xBA, 0x25, 0xBA, 0x25, 0xBA, 0x25, 0xBA, 0x25, 0xBA, 
	0x25, 0xBA, 0x25, 0xBA, 0x25, 0xBA, 0x25, 0xBA, 0x25, 0xBA, 0x25, 0xBA, 0x25, 0xBA, 0x00, 0x00, 
	0x00, 0x00, 0x00, 0x00, 0x00, 0x00, 0x00, 0x00, 0x00, 0x00, 0x00, 0x00, 0x00, 0x00, 0x00, 0x00, 
	0x00, 0x00, 0x00, 0x00, 0x00, 0x00, 0x25, 0xBA, 0x25, 0xBA, 0x25, 0xBA, 0x25, 0xBA, 0x25, 0xBA, 
	0x25, 0xBA, 0x25, 0xBA, 0x25, 0xBA, 0x25, 0xBA, 0x25, 0xBA, 0x25, 0xBA, 0x25, 0xBA, 0x00, 0x00, 
	0x00, 0x00, 0x00, 0x00, 0x00, 0x00, 0x09, 0xCD, 0x09, 0xCD, 0x09, 0xCD, 0x09, 0xCD, 0x09, 0xCD, 
	0x09, 0xCD, 0x09, 0xCD, 0x09, 0xCD, 0x09, 0xCD, 0x09, 0xCD, 0x09, 0xCD, 0x09, 0xCD, 0x09, 0xCD, 
	0x09, 0xCD, 0x09, 0xCD, 0x09, 0xCD, 0x09, 0xCD, 0x09, 0xCD, 0x09, 0xCD, 0x09, 0xCD, 0x00, 0x00, 
	0x00, 0x00, 0x00, 0x00, 0x00, 0x00, 0x00, 0x00, 0x00, 0x00, 0x00, 0x00, 0x00, 0x00, 0x00, 0x00, 
	0x00, 0x00, 0x00, 0x00, 0x00, 0x00, 0x00, 0x00, 0x00, 0x00, 0x00, 0x00, 0x00, 0x00, 0x00, 0x00, 
	0x00, 0x00, 0x00, 0x00, 0x00, 0x00, 0x00, 0x00, 0x00, 0x00, 0x00, 0x00, 0x00, 0x00, 0x00, 0x00, 
	0x00, 0x00, 0x00, 0x00, 0x00, 0x00, 0x00, 0x00, 0x00, 0x00, 0x00, 0x00, 0x00, 0x00, 0x00, 0x00, 
	0x00, 0x00, 0x00, 0x00, 0x00, 0x00, 0x00, 0x00, 0x00, 0x00, 0x00, 0x00, 0x00, 0x00, 0x00, 0x00, 
	0x00, 0x00, 0x09, 0xCD, 0x09, 0xCD, 0x09, 0xCD, 0x09, 0xCD, 0x09, 0xCD, 0x09, 0xCD, 0x09, 0xCD, 
	0x09, 0xCD, 0x09, 0xCD, 0x09, 0xCD, 0x09, 0xCD, 0x09, 0xCD, 0x09, 0xCD, 0x09, 0xCD, 0x09, 0xCD, 
	0x09, 0xCD, 0x09, 0xCD, 0x09, 0xCD, 0x09, 0xCD, 0x00, 0x00, 0x00, 0x00, 0x00, 0x00, 0x00, 0x00, 
	0x00, 0x00, 0x00, 0x00, 0x09, 0xCD, 0x09, 0xCD, 0x09, 0xCD, 0x09, 0xCD, 0x09, 0xCD, 0x09, 0xCD, 
	0x09, 0xCD, 0x09, 0xCD, 0x09, 0xCD, 0x09, 0xCD, 0x09, 0xCD, 0x09, 0xCD, 0x09, 0xCD, 0x09, 0xCD, 
	0x09, 0xCD, 0x09, 0xCD, 0x00, 0x63, 0x00, 0x00, 0x00, 0x00, 0x00, 0x00, 0x00, 0x00, 0x00, 0x00, 
	0x00, 0x00, 0x00, 0x00, 0x00, 0x00, 0x00, 0x00, 0x00, 0x00, 0x00, 0x00, 0x00, 0x00, 0x00, 0x00, 
	0x00, 0x00, 0x00, 0x00, 0x00, 0x00, 0x00, 0x00, 0x00, 0x00, 0x00, 0x00, 0x00, 0x00, 0x00, 0x00, 
	0x00, 0x00, 0x00, 0x00, 0x00, 0x00, 0x00, 0x00, 0x00, 0x00, 0x00, 0x00, 0x00, 0x00, 0x09, 0xCD, 
	0x09, 0xCD, 0x09, 0xCD, 0x09, 0xCD, 0x09, 0xCD, 0x09, 0xCD, 0x09, 0xCD, 0x09, 0xCD, 0x09, 0xCD, 
	0x09, 0xCD, 0x09, 0xCD, 0x09, 0xCD, 0x09, 0xCD, 0x09, 0xCD, 0x09, 0xCD, 0x09, 0xCD, 0x09, 0xCD, 
	0x00, 0x00, 0x00, 0x00, 0x00, 0x00, 0x00, 0x00, 0x00, 0x00, 0x00, 0x00, 0x00, 0x00, 0x00, 0x00, 
	0x00, 0x00, 0x00, 0x00, 0x00, 0x00, 0x00, 0x00, 0x00, 0x00, 0x00, 0x00, 0x00, 0x00, 0x00, 0x00, 
	0x00, 0x00, 0x00, 0x00, 0x00, 0x00, 0x00, 0x00, 0x00, 0x00, 0x00, 0x00, 0x00, 0x00, 0x00, 0x00, 
	0x25, 0xBA, 0x25, 0xBA, 0x25, 0xBA, 0x25, 0xBA, 0x25, 0xBA, 0x25, 0xBA, 0x25, 0xBA, 0x25, 0xBA, 
	0x25, 0xBA, 0x25, 0xBA, 0x25, 0xBA, 0x25, 0xBA, 0x25, 0xBA, 0x00, 0x00, 0x00, 0x00, 0x00, 0x00, 
	0x00, 0x00, 0x00, 0x00, 0x00, 0x00, 0x00, 0x00, 0x00, 0x00, 0x00, 0x00, 0x00, 0x00, 0x00, 0x00, 
	0x1C, 0x54, 0x25, 0xBA, 0x25, 0xBA, 0x25, 0xBA, 0x25, 0xBA, 0x25, 0xBA, 0x25, 0xBA, 0x25, 0xBA, 
	0x25, 0xBA, 0x25, 0xBA, 0x25, 0xBA, 0x00, 0x00, 0x00, 0x00, 0x00, 0x00, 0x00, 0x00, 0x00, 0x00, 
	0x00, 0x00, 0x00, 0x00, 0x00, 0x00, 0x00, 0x00, 0x00, 0x00, 0x00, 0x00, 0x00, 0x00, 0x00, 0x00, 
	0x00, 0x00, 0x00, 0x00, 0x00, 0x00, 0x00, 0x00, 0x00, 0x00, 0x00, 0x00, 0x25, 0xBA, 0x25, 0xBA, 
	0x25, 0xBA, 0x25, 0xBA, 0x25, 0xBA, 0x25, 0xBA, 0x25, 0xBA, 0x25, 0xBA, 0x25, 0xBA, 0x25, 0xBA, 
	0x25, 0xBA, 0x00, 0x00, 0x00, 0x00, 0x00, 0x00, 0x00, 0x00, 0x00, 0x00, 0x00, 0x00, 0x00, 0x00, 
	0x00, 0x00, 0x00, 0x00, 0x00, 0x00, 0x00, 0x00, 0x00, 0x00, 0x00, 0x00, 0x00, 0x00, 0x00, 0x00, 
	0x00, 0x00, 0x00, 0x00, 0x00, 0x00, 0x25, 0xBA, 0x25, 0xBA, 0x25, 0xBA, 0x25, 0xBA, 0x25, 0xBA, 
	0x25, 0xBA, 0x25, 0xBA, 0x25, 0xBA, 0x25, 0xBA, 0x25, 0xBA, 0x25, 0xBA, 0x25, 0xBA, 0x00, 0x00, 
	0x00, 0x00, 0x00, 0x00, 0x00, 0x00, 0x00, 0x00, 0x00, 0x00, 0x00, 0x00, 0x00, 0x00, 0x00, 0x00, 
	0x00, 0x00, 0x00, 0x00, 0x25, 0xBA, 0x25, 0xBA, 0x25, 0xBA, 0x25, 0xBA, 0x25, 0xBA, 0x25, 0xBA, 
	0x25, 0xBA, 0x25, 0xBA, 0x25, 0xBA, 0x25, 0xBA, 0x25, 0xBA, 0x25, 0xBA, 0x00, 0x00, 0x00, 0x00, 
	0x00, 0x00, 0x00, 0x00, 0x00, 0x00, 0x00, 0x00, 0x00, 0x00, 0x00, 0x00, 0x00, 0x00, 0x00, 0x00, 
	0x00, 0x00, 0x00, 0x00, 0x00, 0x00, 0x00, 0x00, 0x25, 0xBA, 0x25, 0xBA, 0x25, 0xBA, 0x25, 0xBA, 
	0x25, 0xBA, 0x25, 0xBA, 0x25, 0xBA, 0x25, 0xBA, 0x25, 0xBA, 0x25, 0xBA, 0x25, 0xBA, 0x00, 0x00, 
	0x00, 0x00, 0x00, 0x00, 0x00, 0x00, 0x01, 0x08, 0x09, 0xCD, 0x09, 0xCD, 0x09, 0xCD, 0x09, 0xCD, 
	0x09, 0xCD, 0x09, 0xCD, 0x09, 0xCD, 0x09, 0xCD, 0x09, 0xCD, 0x09, 0xCD, 0x09, 0xCD, 0x09, 0xCD, 
	0x09, 0xCD, 0x09, 0xCD, 0x09, 0xCD, 0x09, 0xCD, 0x09, 0xCD, 0x09, 0xCD, 0x09, 0xCD, 0x09, 0x8B, 
	0x00, 0x00, 0x00, 0x00, 0x00, 0x00, 0x00, 0x00, 0x00, 0x00, 0x00, 0x00, 0x00, 0x00, 0x00, 0x00, 
	0x00, 0x00, 0x00, 0x00, 0x00, 0x00, 0x00, 0x00, 0x00, 0x00, 0x00, 0x00, 0x00, 0x00, 0x00, 0x00, 
	0x00, 0x00, 0x00, 0x00, 0x00, 0x00, 0x00, 0x00, 0x00, 0x00, 0x00, 0x00, 0x00, 0x00, 0x00, 0x00, 
	0x00, 0x00, 0x00, 0x00, 0x00, 0x00, 0x00, 0x00, 0x00, 0x00, 0x00, 0x00, 0x00, 0x00, 0x00, 0x00, 
	0x00, 0x00, 0x00, 0x00, 0x00, 0x00, 0x00, 0x00, 0x00, 0x00, 0x00, 0x00, 0x00, 0x00, 0x00, 0x00, 
	0x00, 0x00, 0x09, 0xCD, 0x09, 0xCD, 0x09, 0xCD, 0x09, 0xCD, 0x09, 0xCD, 0x09, 0xCD, 0x09, 0xCD, 
	0x09, 0xCD, 0x09, 0xCD, 0x09, 0xCD, 0x09, 0xCD, 0x09, 0xCD, 0x09, 0xCD, 0x09, 0xCD, 0x09, 0xCD, 
	0x09, 0xCD, 0x09, 0xCD, 0x09, 0xCD, 0x09, 0xCD, 0x00, 0x00, 0x00, 0x00, 0x00, 0x00, 0x00, 0x00, 
	0x00, 0x00, 0x00, 0x00, 0x09, 0xCD, 0x09, 0xCD, 0x09, 0xCD, 0x09, 0xCD, 0x09, 0xCD, 0x09, 0xCD, 
	0x09, 0xCD, 0x09, 0xCD, 0x09, 0xCD, 0x09, 0xCD, 0x09, 0xCD, 0x09, 0xCD, 0x09, 0xCD, 0x09, 0xCD, 
	0x09, 0xCD, 0x09, 0xCD, 0x09, 0x4A, 0x00, 0x00, 0x00, 0x00, 0x00, 0x00, 0x00, 0x00, 0x00, 0x00, 
	0x00, 0x00, 0x00, 0x00, 0x00, 0x00, 0x00, 0x00, 0x00, 0x00, 0x00, 0x00, 0x00, 0x00, 0x00, 0x00, 
	0x00, 0x00, 0x00, 0x00, 0x00, 0x00, 0x00, 0x00, 0x00, 0x00, 0x00, 0x00, 0x00, 0x00, 0x00, 0x00, 
	0x00, 0x00, 0x00, 0x00, 0x00, 0x00, 0x00, 0x00, 0x00, 0x00, 0x00, 0x00, 0x00, 0x00, 0x09, 0xCD, 
	0x09, 0xCD, 0x09, 0xCD, 0x09, 0xCD, 0x09, 0xCD, 0x09, 0xCD, 0x09, 0xCD, 0x09, 0xCD, 0x09, 0xCD, 
	0x09, 0xCD, 0x09, 0xCD, 0x09, 0xCD, 0x09, 0xCD, 0x09, 0xCD, 0x09, 0xCD, 0x09, 0xCD, 0x09, 0x4A, 
	0x00, 0x00, 0x00, 0x00, 0x00, 0x00, 0x00, 0x00, 0x00, 0x00, 0x00, 0x00, 0x00, 0x00, 0x00, 0x00, 
	0x00, 0x00, 0x00, 0x00, 0x00, 0x00, 0x00, 0x00, 0x00, 0x00, 0x00, 0x00, 0x00, 0x00, 0x00, 0x00, 
	0x00, 0x00, 0x00, 0x00, 0x00, 0x00, 0x00, 0x00, 0x00, 0x00, 0x00, 0x00, 0x00, 0x00, 0x25, 0xBA, 
	0x25, 0xBA, 0x25, 0xBA, 0x25, 0xBA, 0x25, 0xBA, 0x25, 0xBA, 0x25, 0xBA, 0x25, 0xBA, 0x25, 0xBA, 
	0x25, 0xBA, 0x25, 0xBA, 0x25, 0xBA, 0x25, 0xBA, 0x00, 0x00, 0x00, 0x00, 0x00, 0x00, 0x00, 0x00, 
	0x00, 0x00, 0x00, 0x00, 0x00, 0x00, 0x00, 0x00, 0x00, 0x00, 0x00, 0x00, 0x00, 0x00, 0x00, 0x00, 
	0x12, 0xCD, 0x25, 0xBA, 0x25, 0xBA, 0x25, 0xBA, 0x25, 0xBA, 0x25, 0xBA, 0x25, 0xBA, 0x25, 0xBA, 
	0x25, 0xBA, 0x25, 0xBA, 0x25, 0xBA, 0x09, 0x66, 0x00, 0x00, 0x00, 0x00, 0x00, 0x00, 0x00, 0x00, 
	0x00, 0x00, 0x00, 0x00, 0x00, 0x00, 0x00, 0x00, 0x00, 0x00, 0x00, 0x00, 0x00, 0x00, 0x00, 0x00, 
	0x00, 0x00, 0x00, 0x00, 0x00, 0x00, 0x00, 0x00, 0x00, 0x00, 0x00, 0x00, 0x25, 0xBA, 0x25, 0xBA, 
	0x25, 0xBA, 0x25, 0xBA, 0x25, 0xBA, 0x25, 0xBA, 0x25, 0xBA, 0x25, 0xBA, 0x25, 0xBA, 0x25, 0xBA, 
	0x25, 0xBA, 0x00, 0x00, 0x00, 0x00, 0x00, 0x00, 0x00, 0x00, 0x00, 0x00, 0x00, 0x00, 0x00, 0x00, 
	0x00, 0x00, 0x00, 0x00, 0x00, 0x00, 0x00, 0x00, 0x00, 0x00, 0x00, 0x00, 0x00, 0x00, 0x00, 0x00, 
	0x00, 0x00, 0x00, 0x00, 0x25, 0xBA, 0x25, 0xBA, 0x25, 0xBA, 0x25, 0xBA, 0x25, 0xBA, 0x25, 0xBA, 
	0x25, 0xBA, 0x25, 0xBA, 0x25, 0xBA, 0x25, 0xBA, 0x25, 0xBA, 0x25, 0xBA, 0x0A, 0x2A, 0x00, 0x00, 
	0x00, 0x00, 0x00, 0x00, 0x00, 0x00, 0x00, 0x00, 0x00, 0x00, 0x00, 0x00, 0x00, 0x00, 0x00, 0x00, 
	0x00, 0x00, 0x00, 0x00, 0x25, 0xBA, 0x25, 0xBA, 0x25, 0xBA, 0x25, 0xBA, 0x25, 0xBA, 0x25, 0xBA, 
	0x25, 0xBA, 0x25, 0xBA, 0x25, 0xBA, 0x25, 0xBA, 0x25, 0xBA, 0x00, 0x00, 0x00, 0x00, 0x00, 0x00, 
	0x00, 0x00, 0x00, 0x00, 0x00, 0x00, 0x00, 0x00, 0x00, 0x00, 0x00, 0x00, 0x00, 0x00, 0x00, 0x00, 
	0x00, 0x00, 0x00, 0x00, 0x00, 0x00, 0x00, 0x00, 0x25, 0xBA, 0x25, 0xBA, 0x25, 0xBA, 0x25, 0xBA, 
	0x25, 0xBA, 0x25, 0xBA, 0x25, 0xBA, 0x25, 0xBA, 0x25, 0xBA, 0x25, 0xBA, 0x25, 0xBA, 0x01, 0x05, 
	0x00, 0x00, 0x00, 0x00, 0x00, 0x00, 0x00, 0x00, 0x09, 0xCD, 0x09, 0xCD, 0x09, 0xCD, 0x09, 0xCD, 
	0x09, 0xCD, 0x09, 0xCD, 0x09, 0xCD, 0x09, 0xCD, 0x09, 0xCD, 0x09, 0xCD, 0x09, 0xCD, 0x09, 0xCD, 
	0x09, 0xCD, 0x09, 0xCD, 0x09, 0xCD, 0x09, 0xCD, 0x09, 0xCD, 0x09, 0xCD, 0x09, 0xCD, 0x09, 0xCD, 
	0x00, 0x00, 0x00, 0x00, 0x00, 0x00, 0x00, 0x00, 0x00, 0x00, 0x00, 0x00, 0x00, 0x00, 0x00, 0x00, 
	0x00, 0x00, 0x00, 0x00, 0x00, 0x00, 0x00, 0x00, 0x00, 0x00, 0x00, 0x00, 0x00, 0x00, 0x00, 0x00, 
	0x00, 0x00, 0x00, 0x00, 0x00, 0x00, 0x00, 0x00, 0x00, 0x00, 0x00, 0x00, 0x00, 0x00, 0x00, 0x00, 
	0x00, 0x00, 0x00, 0x00, 0x00, 0x00, 0x00, 0x00, 0x00, 0x00, 0x00, 0x00, 0x00, 0x00, 0x00, 0x00, 
	0x00, 0x00, 0x00, 0x00, 0x00, 0x00, 0x00, 0x00, 0x00, 0x00, 0x00, 0x00, 0x00, 0x00, 0x00, 0x00, 
	0x00, 0x00, 0x09, 0xCD, 0x09, 0xCD, 0x09, 0xCD, 0x09, 0xCD, 0x09, 0xCD, 0x09, 0xCD, 0x09, 0xCD, 
	0x09, 0xCD, 0x09, 0xCD, 0x09, 0xCD, 0x09, 0xCD, 0x09, 0xCD, 0x09, 0xCD, 0x09, 0xCD, 0x09, 0xCD, 
	0x09, 0xCD, 0x09, 0xCD, 0x09, 0xCD, 0x09, 0xCD, 0x00, 0x00, 0x00, 0x00, 0x00, 0x00, 0x00, 0x00, 
	0x00, 0x00, 0x00, 0x00, 0x09, 0xCD, 0x09, 0xCD, 0x09, 0xCD, 0x09, 0xCD, 0x09, 0xCD, 0x09, 0xCD, 
	0x09, 0xCD, 0x09, 0xCD, 0x09, 0xCD, 0x09, 0xCD, 0x09, 0xCD, 0x09, 0xCD, 0x09, 0xCD, 0x09, 0xCD, 
	0x09, 0xCD, 0x09, 0xCD, 0x09, 0xCD, 0x00, 0x00, 0x00, 0x00, 0x00, 0x00, 0x00, 0x00, 0x00, 0x00, 
	0x00, 0x00, 0x00, 0x00, 0x00, 0x00, 0x00, 0x00, 0x00, 0x00, 0x00, 0x00, 0x00, 0x00, 0x00, 0x00, 
	0x00, 0x00, 0x00, 0x00, 0x00, 0x00, 0x00, 0x00, 0x00, 0x00, 0x00, 0x00, 0x00, 0x00, 0x00, 0x00, 
	0x00, 0x00, 0x00, 0x00, 0x00, 0x00, 0x00, 0x00, 0x00, 0x00, 0x00, 0x00, 0x00, 0x00, 0x09, 0xCD, 
	0x09, 0xCD, 0x09, 0xCD, 0x09, 0xCD, 0x09, 0xCD, 0x09, 0xCD, 0x09, 0xCD, 0x09, 0xCD, 0x09, 0xCD, 
	0x09, 0xCD, 0x09, 0xCD, 0x09, 0xCD, 0x09, 0xCD, 0x09, 0xCD, 0x09, 0xCD, 0x09, 0xCD, 0x00, 0xC6, 
	0x00, 0x00, 0x00, 0x00, 0x00, 0x00, 0x00, 0x00, 0x00, 0x00, 0x00, 0x00, 0x00, 0x00, 0x00, 0x00, 
	0x00, 0x00, 0x00, 0x00, 0x00, 0x00, 0x00, 0x00, 0x00, 0x00, 0x00, 0x00, 0x00, 0x00, 0x00, 0x00, 
	0x00, 0x00, 0x00, 0x00, 0x00, 0x00, 0x00, 0x00, 0x00, 0x00, 0x00, 0x00, 0x00, 0x41, 0x25, 0xBA, 
	0x25, 0xBA, 0x25, 0xBA, 0x25, 0xBA, 0x25, 0xBA, 0x25, 0xBA, 0x25, 0xBA, 0x25, 0xBA, 0x25, 0xBA, 
	0x25, 0xBA, 0x25, 0xBA, 0x25, 0xBA, 0x00, 0x41, 0x00, 0x00, 0x00, 0x00, 0x00, 0x00, 0x00, 0x00, 
	0x00, 0x00, 0x00, 0x00, 0x00, 0x00, 0x00, 0x00, 0x00, 0x00, 0x00, 0x00, 0x00, 0x00, 0x00, 0x00, 
	0x09, 0x66, 0x25, 0xBA, 0x25, 0xBA, 0x25, 0xBA, 0x25, 0xBA, 0x25, 0xBA, 0x25, 0xBA, 0x25, 0xBA, 
	0x25, 0xBA, 0x25, 0xBA, 0x25, 0xBA, 0x13, 0x90, 0x00, 0x00, 0x00, 0x00, 0x00, 0x00, 0x00, 0x00, 
	0x00, 0x00, 0x00, 0x00, 0x00, 0x00, 0x00, 0x00, 0x00, 0x00, 0x00, 0x00, 0x00, 0x00, 0x00, 0x00, 
	0x00, 0x00, 0x00, 0x00, 0x00, 0x00, 0x00, 0x00, 0x00, 0x00, 0x00, 0x00, 0x25, 0xBA, 0x25, 0xBA, 
	0x25, 0xBA, 0x25, 0xBA, 0x25, 0xBA, 0x25, 0xBA, 0x25, 0xBA, 0x25, 0xBA, 0x25, 0xBA, 0x25, 0xBA, 
	0x25, 0xBA, 0x00, 0x00, 0x00, 0x00, 0x00, 0x00, 0x00, 0x00, 0x00, 0x00, 0x00, 0x00, 0x00, 0x00, 
	0x00, 0x00, 0x00, 0x00, 0x00, 0x00, 0x00, 0x00, 0x00, 0x00, 0x00, 0x00, 0x00, 0x00, 0x00, 0x00, 
	0x00, 0x00, 0x25, 0xBA, 0x25, 0xBA, 0x25, 0xBA, 0x25, 0xBA, 0x25, 0xBA, 0x25, 0xBA, 0x25, 0xBA, 
	0x25, 0xBA, 0x25, 0xBA, 0x25, 0xBA, 0x25, 0xBA, 0x25, 0xBA, 0x25, 0xBA, 0x00, 0x00, 0x00, 0x00, 
	0x00, 0x00, 0x00, 0x00, 0x00, 0x00, 0x00, 0x00, 0x00, 0x00, 0x00, 0x00, 0x00, 0x00, 0x00, 0x00, 
	0x00, 0x00, 0x00, 0x00, 0x25, 0xBA, 0x25, 0xBA, 0x25, 0xBA, 0x25, 0xBA, 0x25, 0xBA, 0x25, 0xBA, 
	0x25, 0xBA, 0x25, 0xBA, 0x25, 0xBA, 0x25, 0xBA, 0x25, 0xBA, 0x00, 0x00, 0x00, 0x00, 0x00, 0x00, 
	0x00, 0x00, 0x00, 0x00, 0x00, 0x00, 0x00, 0x00, 0x00, 0x00, 0x00, 0x00, 0x00, 0x00, 0x00, 0x00, 
	0x00, 0x00, 0x00, 0x00, 0x00, 0x00, 0x00, 0x00, 0x00, 0x00, 0x25, 0xBA, 0x25, 0xBA, 0x25, 0xBA, 
	0x25, 0xBA, 0x25, 0xBA, 0x25, 0xBA, 0x25, 0xBA, 0x25, 0xBA, 0x25, 0xBA, 0x25, 0xBA, 0x25, 0xBA, 
	0x00, 0x00, 0x00, 0x00, 0x00, 0x00, 0x00, 0x00, 0x01, 0x08, 0x09, 0xCD, 0x09, 0xCD, 0x09, 0xCD, 
	0x09, 0xCD, 0x09, 0xCD, 0x09, 0xCD, 0x09, 0xCD, 0x09, 0xCD, 0x09, 0xCD, 0x09, 0xCD, 0x09, 0xCD, 
	0x09, 0xCD, 0x09, 0xCD, 0x09, 0xCD, 0x09, 0xCD, 0x09, 0xCD, 0x09, 0xCD, 0x09, 0xCD, 0x09, 0xCD, 
	0x09, 0xCD, 0x00, 0x00, 0x00, 0x00, 0x00, 0x00, 0x00, 0x00, 0x00, 0x00, 0x00, 0x00, 0x00, 0x00, 
	0x00, 0x00, 0x00, 0x00, 0x00, 0x00, 0x00, 0x00, 0x00, 0x00, 0x00, 0x00, 0x00, 0x00, 0x00, 0x00, 
	0x00, 0x00, 0x00, 0x00, 0x00, 0x00, 0x00, 0x00, 0x00, 0x00, 0x00, 0x00, 0x00, 0x00, 0x00, 0x00, 
	0x00, 0x00, 0x00, 0x00, 0x00, 0x00, 0x00, 0x00, 0x00, 0x00, 0x00, 0x00, 0x00, 0x00, 0x00, 0x00, 
	0x00, 0x00, 0x00, 0x00, 0x00, 0x00, 0x00, 0x00, 0x00, 0x00, 0x00, 0x00, 0x00, 0x00, 0x00, 0x00, 
	0x01, 0x29, 0x09, 0xCD, 0x09, 0xCD, 0x09, 0xCD, 0x09, 0xCD, 0x09, 0xCD, 0x09, 0xCD, 0x09, 0xCD, 
	0x09, 0xCD, 0x09, 0xCD, 0x09, 0xCD, 0x09, 0xCD, 0x09, 0xCD, 0x09, 0xCD, 0x09, 0xCD, 0x09, 0xCD, 
	0x09, 0xCD, 0x09, 0xCD, 0x09, 0xCD, 0x00, 0x00, 0x00, 0x00, 0x00, 0x00, 0x00, 0x00, 0x00, 0x00, 
	0x00, 0x00, 0x00, 0x00, 0x09, 0xCD, 0x09, 0xCD, 0x09, 0xCD, 0x09, 0xCD, 0x09, 0xCD, 0x09, 0xCD, 
	0x09, 0xCD, 0x09, 0xCD, 0x09, 0xCD, 0x09, 0xCD, 0x09, 0xCD, 0x09, 0xCD, 0x09, 0xCD, 0x09, 0xCD, 
	0x09, 0xCD, 0x09, 0xCD, 0x09, 0xCD, 0x00, 0x00, 0x00, 0x00, 0x00, 0x00, 0x00, 0x00, 0x00, 0x00, 
	0x00, 0x00, 0x00, 0x00, 0x00, 0x00, 0x00, 0x00, 0x00, 0x00, 0x00, 0x00, 0x00, 0x00, 0x00, 0x00, 
	0x00, 0x00, 0x00, 0x00, 0x00, 0x00, 0x00, 0x00, 0x00, 0x00, 0x00, 0x00, 0x00, 0x00, 0x00, 0x00, 
	0x00, 0x00, 0x00, 0x00, 0x00, 0x00, 0x00, 0x00, 0x00, 0x00, 0x00, 0x00, 0x00, 0xC6, 0x09, 0xCD, 
	0x09, 0xCD, 0x09, 0xCD, 0x09, 0xCD, 0x09, 0xCD, 0x09, 0xCD, 0x09, 0xCD, 0x09, 0xCD, 0x09, 0xCD, 
	0x09, 0xCD, 0x09, 0xCD, 0x09, 0xCD, 0x09, 0xCD, 0x09, 0xCD, 0x09, 0xCD, 0x09, 0xCD, 0x00, 0x00, 
	0x00, 0x00, 0x00, 0x00, 0x00, 0x00, 0x00, 0x00, 0x00, 0x00, 0x00, 0x00, 0x00, 0x00, 0x00, 0x00, 
	0x00, 0x00, 0x00, 0x00, 0x00, 0x00, 0x00, 0x00, 0x00, 0x00, 0x00, 0x00, 0x00, 0x00, 0x00, 0x00, 
	0x00, 0x00, 0x00, 0x00, 0x00, 0x00, 0x00, 0x00, 0x00, 0x00, 0x0A, 0x2A, 0x25, 0xBA, 0x25, 0xBA, 
	0x25, 0xBA, 0x25, 0xBA, 0x25, 0xBA, 0x25, 0xBA, 0x25, 0xBA, 0x25, 0xBA, 0x25, 0xBA, 0x25, 0xBA, 
	0x25, 0xBA, 0x25, 0xBA, 0x00, 0x00, 0x00, 0x00, 0x00, 0x00, 0x00, 0x00, 0x00, 0x00, 0x00, 0x00, 
	0x00, 0x00, 0x00, 0x00, 0x00, 0x00, 0x00, 0x00, 0x00, 0x00, 0x00, 0x00, 0x00, 0x00, 0x00, 0x00, 
	0x00, 0x00, 0x25, 0xBA, 0x25, 0xBA, 0x25, 0xBA, 0x25, 0xBA, 0x25, 0xBA, 0x25, 0xBA, 0x25, 0xBA, 
	0x25, 0xBA, 0x25, 0xBA, 0x25, 0xBA, 0x25, 0xBA, 0x00, 0x00, 0x00, 0x00, 0x00, 0x00, 0x00, 0x00, 
	0x00, 0x00, 0x00, 0x00, 0x00, 0x00, 0x00, 0x00, 0x00, 0x00, 0x00, 0x00, 0x00, 0x00, 0x00, 0x00, 
	0x00, 0x00, 0x00, 0x00, 0x00, 0x00, 0x00, 0x00, 0x00, 0x00, 0x00, 0x00, 0x25, 0xBA, 0x25, 0xBA, 
	0x25, 0xBA, 0x25, 0xBA, 0x25, 0xBA, 0x25, 0xBA, 0x25, 0xBA, 0x25, 0xBA, 0x25, 0xBA, 0x25, 0xBA, 
	0x25, 0xBA, 0x00, 0x00, 0x00, 0x00, 0x00, 0x00, 0x00, 0x00, 0x00, 0x00, 0x00, 0x00, 0x00, 0x00, 
	0x00, 0x00, 0x00, 0x00, 0x00, 0x00, 0x00, 0x00, 0x00, 0x00, 0x00, 0x00, 0x00, 0x00, 0x00, 0x00, 
	0x25, 0xBA, 0x25, 0xBA, 0x25, 0xBA, 0x25, 0xBA, 0x25, 0xBA, 0x25, 0xBA, 0x25, 0xBA, 0x25, 0xBA, 
	0x25, 0xBA, 0x25, 0xBA, 0x25, 0xBA, 0x25, 0xBA, 0x25, 0xBA, 0x00, 0x00, 0x00, 0x00, 0x00, 0x00, 
	0x00, 0x00, 0x00, 0x00, 0x00, 0x00, 0x00, 0x00, 0x00, 0x00, 0x00, 0x00, 0x00, 0x00, 0x00, 0x00, 
	0x00, 0x00, 0x00, 0x00, 0x25, 0xBA, 0x25, 0xBA, 0x25, 0xBA, 0x25, 0xBA, 0x25, 0xBA, 0x25, 0xBA, 
	0x25, 0xBA, 0x25, 0xBA, 0x25, 0xBA, 0x25, 0xBA, 0x0A, 0x2A, 0x00, 0x00, 0x00, 0x00, 0x00, 0x00, 
	0x00, 0x00, 0x00, 0x00, 0x00, 0x00, 0x00, 0x00, 0x00, 0x00, 0x00, 0x00, 0x00, 0x00, 0x00, 0x00, 
	0x00, 0x00, 0x00, 0x00, 0x00, 0x00, 0x00, 0x00, 0x00, 0x00, 0x25, 0xBA, 0x25, 0xBA, 0x25, 0xBA, 
	0x25, 0xBA, 0x25, 0xBA, 0x25, 0xBA, 0x25, 0xBA, 0x25, 0xBA, 0x25, 0xBA, 0x25, 0xBA, 0x25, 0xBA, 
	0x00, 0x00, 0x00, 0x00, 0x00, 0x00, 0x00, 0x00, 0x00, 0x00, 0x09, 0xCD, 0x09, 0xCD, 0x09, 0xCD, 
	0x09, 0xCD, 0x09, 0xCD, 0x09, 0xCD, 0x09, 0xCD, 0x09, 0xCD, 0x09, 0xCD, 0x09, 0xCD, 0x09, 0xCD, 
	0x09, 0xCD, 0x09, 0xCD, 0x09, 0xCD, 0x09, 0xCD, 0x09, 0xCD, 0x09, 0xCD, 0x09, 0xCD, 0x09, 0xCD, 
	0x09, 0xCD, 0x01, 0x08, 0x00, 0x00, 0x00, 0x00, 0x00, 0x00, 0x00, 0x00, 0x00, 0x00, 0x00, 0x00, 
	0x00, 0x00, 0x00, 0x00, 0x00, 0x00, 0x00, 0x00, 0x00, 0x00, 0x00, 0x00, 0x00, 0x00, 0x00, 0x00, 
	0x00, 0x00, 0x00, 0x00, 0x00, 0x00, 0x00, 0x00, 0x00, 0x00, 0x00, 0x00, 0x00, 0x00, 0x00, 0x00, 
	0x00, 0x00, 0x00, 0x00, 0x00, 0x00, 0x00, 0x00, 0x00, 0x00, 0x00, 0x00, 0x00, 0x00, 0x00, 0x00, 
	0x00, 0x00, 0x00, 0x00, 0x00, 0x00, 0x00, 0x00, 0x00, 0x00, 0x00, 0x00, 0x00, 0x00, 0x00, 0x00, 
	0x09, 0xCD, 0x09, 0xCD, 0x09, 0xCD, 0x09, 0xCD, 0x09, 0xCD, 0x09, 0xCD, 0x09, 0xCD, 0x09, 0xCD, 
	0x09, 0xCD, 0x09, 0xCD, 0x09, 0xCD, 0x09, 0xCD, 0x09, 0xCD, 0x09, 0xCD, 0x09, 0xCD, 0x09, 0xCD, 
	0x09, 0xCD, 0x09, 0xCD, 0x09, 0xCD, 0x00, 0x00, 0x00, 0x00, 0x00, 0x00, 0x00, 0x00, 0x00, 0x00, 
	0x00, 0x00, 0x00, 0x00, 0x09, 0xCD, 0x09, 0xCD, 0x09, 0xCD, 0x09, 0xCD, 0x09, 0xCD, 0x09, 0xCD, 
	0x09, 0xCD, 0x09, 0xCD, 0x09, 0xCD, 0x09, 0xCD, 0x09, 0xCD, 0x09, 0xCD, 0x09, 0xCD, 0x09, 0xCD, 
	0x09, 0xCD, 0x09, 0xCD, 0x09, 0xCD, 0x00, 0x00, 0x00, 0x00, 0x00, 0x00, 0x00, 0x00, 0x00, 0x00, 
	0x00, 0x00, 0x00, 0x00, 0x00, 0x00, 0x00, 0x00, 0x00, 0x00, 0x00, 0x00, 0x00, 0x00, 0x00, 0x00, 
	0x00, 0x00, 0x00, 0x00, 0x00, 0x00, 0x00, 0x00, 0x00, 0x00, 0x00, 0x00, 0x00, 0x00, 0x00, 0x00, 
	0x00, 0x00, 0x00, 0x00, 0x00, 0x00, 0x00, 0x00, 0x00, 0x00, 0x00, 0x00, 0x09, 0xCD, 0x09, 0xCD, 
	0x09, 0xCD, 0x09, 0xCD, 0x09, 0xCD, 0x09, 0xCD, 0x09, 0xCD, 0x09, 0xCD, 0x09, 0xCD, 0x09, 0xCD, 
	0x09, 0xCD, 0x09, 0xCD, 0x09, 0xCD, 0x09, 0xCD, 0x09, 0xCD, 0x09, 0xCD, 0x09, 0xCD, 0x00, 0x00, 
	0x00, 0x00, 0x00, 0x00, 0x00, 0x00, 0x00, 0x00, 0x00, 0x00, 0x00, 0x00, 0x00, 0x00, 0x00, 0x00, 
	0x00, 0x00, 0x00, 0x00, 0x00, 0x00, 0x00, 0x00, 0x00, 0x00, 0x00, 0x00, 0x00, 0x00, 0x00, 0x00, 
	0x00, 0x00, 0x00, 0x00, 0x00, 0x00, 0x00, 0x00, 0x00, 0x00, 0x25, 0xBA, 0x25, 0xBA, 0x25, 0xBA, 
	0x25, 0xBA, 0x25, 0xBA, 0x25, 0xBA, 0x25, 0xBA, 0x25, 0xBA, 0x25, 0xBA, 0x25, 0xBA, 0x25, 0xBA, 
	0x25, 0xBA, 0x13, 0xF2, 0x00, 0x00, 0x00, 0x00, 0x00, 0x00, 0x00, 0x00, 0x00, 0x00, 0x00, 0x00, 
	0x00, 0x00, 0x00, 0x00, 0x00, 0x00, 0x00, 0x00, 0x00, 0x00, 0x00, 0x00, 0x00, 0x00, 0x00, 0x00, 
	0x00, 0x00, 0x25, 0xBA, 0x25, 0xBA, 0x25, 0xBA, 0x25, 0xBA, 0x25, 0xBA, 0x25, 0xBA, 0x25, 0xBA, 
	0x25, 0xBA, 0x25, 0xBA, 0x25, 0xBA, 0x25, 0xBA, 0x00, 0x00, 0x00, 0x00, 0x00, 0x00, 0x00, 0x00, 
	0x00, 0x00, 0x00, 0x00, 0x00, 0x00, 0x00, 0x00, 0x00, 0x00, 0x00, 0x00, 0x00, 0x00, 0x00, 0x00, 
	0x00, 0x00, 0x00, 0x00, 0x00, 0x00, 0x00, 0x00, 0x00, 0x00, 0x09, 0xC8, 0x25, 0xBA, 0x25, 0xBA, 
	0x25, 0xBA, 0x25, 0xBA, 0x25, 0xBA, 0x25, 0xBA, 0x25, 0xBA, 0x25, 0xBA, 0x25, 0xBA, 0x25, 0xBA, 
	0x13, 0x90, 0x00, 0x00, 0x00, 0x00, 0x00, 0x00, 0x00, 0x00, 0x00, 0x00, 0x00, 0x00, 0x00, 0x00, 
	0x00, 0x00, 0x00, 0x00, 0x00, 0x00, 0x00, 0x00, 0x00, 0x00, 0x00, 0x00, 0x00, 0x00, 0x01, 0x05, 
	0x25, 0xBA, 0x25, 0xBA, 0x25, 0xBA, 0x25, 0xBA, 0x25, 0xBA, 0x25, 0xBA, 0x25, 0xBA, 0x25, 0xBA, 
	0x25, 0xBA, 0x25, 0xBA, 0x25, 0xBA, 0x25, 0xBA, 0x00, 0x00, 0x00, 0x00, 0x00, 0x00, 0x00, 0x00, 
	0x00, 0x00, 0x00, 0x00, 0x00, 0x00, 0x00, 0x00, 0x00, 0x00, 0x00, 0x00, 0x00, 0x00, 0x00, 0x00, 
	0x00, 0x00, 0x00, 0x00, 0x25, 0xBA, 0x25, 0xBA, 0x25, 0xBA, 0x25, 0xBA, 0x25, 0xBA, 0x25, 0xBA, 
	0x25, 0xBA, 0x25, 0xBA, 0x25, 0xBA, 0x25, 0xBA, 0x00, 0x00, 0x00, 0x00, 0x00, 0x00, 0x00, 0x00, 
	0x00, 0x00, 0x00, 0x00, 0x00, 0x00, 0x00, 0x00, 0x00, 0x00, 0x00, 0x00, 0x00, 0x00, 0x00, 0x00, 
	0x00, 0x00, 0x00, 0x00, 0x00, 0x00, 0x00, 0x00, 0x00, 0x00, 0x1C, 0xF7, 0x25, 0xBA, 0x25, 0xBA, 
	0x25, 0xBA, 0x25, 0xBA, 0x25, 0xBA, 0x25, 0xBA, 0x25, 0xBA, 0x25, 0xBA, 0x25, 0xBA, 0x25, 0xBA, 
	0x00, 0x00, 0x00, 0x00, 0x00, 0x00, 0x00, 0x00, 0x00, 0x00, 0x09, 0xCD, 0x09, 0xCD, 0x09, 0xCD, 
	0x09, 0xCD, 0x09, 0xCD, 0x09, 0xCD, 0x09, 0xCD, 0x09, 0xCD, 0x09, 0xCD, 0x09, 0xCD, 0x09, 0xCD, 
	0x09, 0xCD, 0x09, 0xCD, 0x09, 0xCD, 0x09, 0xCD, 0x09, 0xCD, 0x09, 0xCD, 0x09, 0xCD, 0x09, 0xCD, 
	0x09, 0xCD, 0x09, 0xCD, 0x00, 0x00, 0x00, 0x00, 0x00, 0x00, 0x00, 0x00, 0x00, 0x00, 0x00, 0x00, 
	0x00, 0x00, 0x00, 0x00, 0x00, 0x00, 0x00, 0x00, 0x00, 0x00, 0x00, 0x00, 0x00, 0x00, 0x00, 0x00, 
	0x00, 0x00, 0x00, 0x00, 0x00, 0x00, 0x00, 0x00, 0x00, 0x00, 0x00, 0x00, 0x00, 0x00, 0x00, 0x00, 
	0x00, 0x00, 0x00, 0x00, 0x00, 0x00, 0x00, 0x00, 0x00, 0x00, 0x00, 0x00, 0x00, 0x00, 0x00, 0x00, 
	0x00, 0x00, 0x00, 0x00, 0x00, 0x00, 0x00, 0x00, 0x00, 0x00, 0x00, 0x00, 0x00, 0x00, 0x09, 0xCD, 
	0x09, 0xCD, 0x09, 0xCD, 0x09, 0xCD, 0x09, 0xCD, 0x09, 0xCD, 0x09, 0xCD, 0x09, 0xCD, 0x09, 0xCD, 
	0x09, 0xCD, 0x09, 0xCD, 0x09, 0xCD, 0x09, 0xCD, 0x09, 0xCD, 0x09, 0xCD, 0x09, 0xCD, 0x09, 0xCD, 
	0x09, 0xCD, 0x09, 0xCD, 0x09, 0xAC, 0x00, 0x00, 0x00, 0x00, 0x00, 0x00, 0x00, 0x00, 0x00, 0x00, 
	0x00, 0x00, 0x00, 0x00, 0x09, 0xCD, 0x09, 0xCD, 0x09, 0xCD, 0x09, 0xCD, 0x09, 0xCD, 0x09, 0xCD, 
	0x09, 0xCD, 0x09, 0xCD, 0x09, 0xCD, 0x09, 0xCD, 0x09, 0xCD, 0x09, 0xCD, 0x09, 0xCD, 0x09, 0xCD, 
	0x09, 0xCD, 0x09, 0xCD, 0x09, 0xCD, 0x00, 0x63, 0x00, 0x00, 0x00, 0x00, 0x00, 0x00, 0x00, 0x00, 
	0x00, 0x00, 0x00, 0x00, 0x00, 0x00, 0x00, 0x00, 0x00, 0x00, 0x00, 0x00, 0x00, 0x00, 0x00, 0x00, 
	0x00, 0x00, 0x00, 0x00, 0x00, 0x00, 0x00, 0x00, 0x00, 0x00, 0x00, 0x00, 0x00, 0x00, 0x00, 0x00, 
	0x00, 0x00, 0x00, 0x00, 0x00, 0x00, 0x00, 0x00, 0x00, 0x00, 0x00, 0x00, 0x09, 0xCD, 0x09, 0xCD, 
	0x09, 0xCD, 0x09, 0xCD, 0x09, 0xCD, 0x09, 0xCD, 0x09, 0xCD, 0x09, 0xCD, 0x09, 0xCD, 0x09, 0xCD, 
	0x09, 0xCD, 0x09, 0xCD, 0x09, 0xCD, 0x09, 0xCD, 0x09, 0xCD, 0x09, 0xCD, 0x09, 0xCD, 0x00, 0x00, 
	0x00, 0x00, 0x00, 0x00, 0x00, 0x00, 0x00, 0x00, 0x00, 0x00, 0x00, 0x00, 0x00, 0x00, 0x00, 0x00, 
	0x00, 0x00, 0x00, 0x00, 0x00, 0x00, 0x00, 0x00, 0x00, 0x00, 0x00, 0x00, 0x00, 0x00, 0x00, 0x00, 
	0x00, 0x00, 0x00, 0x00, 0x00, 0x00, 0x00, 0x00, 0x25, 0xBA, 0x25, 0xBA, 0x25, 0xBA, 0x25, 0xBA, 
	0x25, 0xBA, 0x25, 0xBA, 0x25, 0xBA, 0x25, 0xBA, 0x25, 0xBA, 0x25, 0xBA, 0x25, 0xBA, 0x25, 0xBA, 
	0x25, 0xBA, 0x00, 0x00, 0x00, 0x00, 0x00, 0x00, 0x00, 0x00, 0x00, 0x00, 0x00, 0x00, 0x00, 0x00, 
	0x00, 0x00, 0x00, 0x00, 0x00, 0x00, 0x00, 0x00, 0x00, 0x00, 0x00, 0x00, 0x00, 0x00, 0x00, 0x00, 
	0x00, 0x00, 0x25, 0xBA, 0x25, 0xBA, 0x25, 0xBA, 0x25, 0xBA, 0x25, 0xBA, 0x25, 0xBA, 0x25, 0xBA, 
	0x25, 0xBA, 0x25, 0xBA, 0x25, 0xBA, 0x25, 0xBA, 0x00, 0x00, 0x00, 0x00, 0x00, 0x00, 0x00, 0x00, 
	0x00, 0x00, 0x00, 0x00, 0x00, 0x00, 0x00, 0x00, 0x00, 0x00, 0x00, 0x00, 0x00, 0x00, 0x00, 0x00, 
	0x00, 0x00, 0x00, 0x00, 0x00, 0x00, 0x00, 0x00, 0x00, 0x00, 0x1D, 0x59, 0x25, 0xBA, 0x25, 0xBA, 
	0x25, 0xBA, 0x25, 0xBA, 0x25, 0xBA, 0x25, 0xBA, 0x25, 0xBA, 0x25, 0xBA, 0x25, 0xBA, 0x25, 0xBA, 
	0x00, 0xA3, 0x00, 0x00, 0x00, 0x00, 0x00, 0x00, 0x00, 0x00, 0x00, 0x00, 0x00, 0x00, 0x00, 0x00, 
	0x00, 0x00, 0x00, 0x00, 0x00, 0x00, 0x00, 0x00, 0x00, 0x00, 0x00, 0x00, 0x00, 0x41, 0x25, 0xBA, 
	0x25, 0xBA, 0x25, 0xBA, 0x25, 0xBA, 0x25, 0xBA, 0x25, 0xBA, 0x25, 0xBA, 0x25, 0xBA, 0x25, 0xBA, 
	0x25, 0xBA, 0x25, 0xBA, 0x25, 0xBA, 0x00, 0x41, 0x00, 0x00, 0x00, 0x00, 0x00, 0x00, 0x00, 0x00, 
	0x00, 0x00, 0x00, 0x00, 0x00, 0x00, 0x00, 0x00, 0x00, 0x00, 0x00, 0x00, 0x00, 0x00, 0x00, 0x00, 
	0x00, 0x00, 0x00, 0x00, 0x25, 0xBA, 0x25, 0xBA, 0x25, 0xBA, 0x25, 0xBA, 0x25, 0xBA, 0x25, 0xBA, 
	0x25, 0xBA, 0x25, 0xBA, 0x25, 0xBA, 0x25, 0xBA, 0x00, 0x00, 0x00, 0x00, 0x00, 0x00, 0x00, 0x00, 
	0x00, 0x00, 0x00, 0x00, 0x00, 0x00, 0x00, 0x00, 0x00, 0x00, 0x00, 0x00, 0x00, 0x00, 0x00, 0x00, 
	0x00, 0x00, 0x00, 0x00, 0x00, 0x00, 0x00, 0x00, 0x00, 0x00, 0x09, 0x66, 0x25, 0xBA, 0x25, 0xBA, 
	0x25, 0xBA, 0x25, 0xBA, 0x25, 0xBA, 0x25, 0xBA, 0x25, 0xBA, 0x25, 0xBA, 0x25, 0xBA, 0x25, 0xBA, 
	0x00, 0x00, 0x00, 0x00, 0x00, 0x00, 0x00, 0x00, 0x00, 0x00, 0x00, 0xA5, 0x09, 0xCD, 0x09, 0xCD, 
	0x09, 0xCD, 0x09, 0xCD, 0x09, 0xCD, 0x09, 0xCD, 0x09, 0xCD, 0x09, 0xCD, 0x09, 0xCD, 0x09, 0xCD, 
	0x09, 0xCD, 0x09, 0xCD, 0x09, 0xCD, 0x09, 0xCD, 0x09, 0xCD, 0x09, 0xCD, 0x09, 0xCD, 0x09, 0xCD, 
	0x09, 0xCD, 0x09, 0xCD, 0x09, 0xCD, 0x00, 0x00, 0x00, 0x00, 0x00, 0x00, 0x00, 0x00, 0x00, 0x00, 
	0x00, 0x00, 0x00, 0x00, 0x00, 0x00, 0x00, 0x00, 0x00, 0x00, 0x00, 0x00, 0x00, 0x00, 0x00, 0x00, 
	0x00, 0x00, 0x00, 0x00, 0x00, 0x00, 0x00, 0x00, 0x00, 0x00, 0x00, 0x00, 0x00, 0x00, 0x00, 0x00, 
	0x00, 0x00, 0x00, 0x00, 0x00, 0x00, 0x00, 0x00, 0x00, 0x00, 0x00, 0x00, 0x00, 0x00, 0x00, 0x00, 
	0x00, 0x00, 0x00, 0x00, 0x00, 0x00, 0x00, 0x00, 0x00, 0x00, 0x00, 0x00, 0x09, 0xAC, 0x09, 0xCD, 
	0x09, 0xCD, 0x09, 0xCD, 0x09, 0xCD, 0x09, 0xCD, 0x09, 0xCD, 0x09, 0xCD, 0x09, 0xCD, 0x09, 0xCD, 
	0x09, 0xCD, 0x09, 0xCD, 0x09, 0xCD, 0x09, 0xCD, 0x09, 0xCD, 0x09, 0xCD, 0x09, 0xCD, 0x09, 0xCD, 
	0x09, 0xCD, 0x09, 0xCD, 0x00, 0x00, 0x00, 0x00, 0x00, 0x00, 0x00, 0x00, 0x00, 0x00, 0x00, 0x00, 
	0x00, 0x00, 0x00, 0x00, 0x09, 0x6B, 0x09, 0xCD, 0x09, 0xCD, 0x09, 0xCD, 0x09, 0xCD, 0x09, 0xCD, 
	0x09, 0xCD, 0x09, 0xCD, 0x09, 0xCD, 0x09, 0xCD, 0x09, 0xCD, 0x09, 0xCD, 0x09, 0xCD, 0x09, 0xCD, 
	0x09, 0xCD, 0x09, 0xCD, 0x09, 0xCD, 0x09, 0xCD, 0x00, 0x00, 0x00, 0x00, 0x00, 0x00, 0x00, 0x00, 
	0x00, 0x00, 0x00, 0x00, 0x00, 0x00, 0x00, 0x00, 0x00, 0x00, 0x00, 0x00, 0x00, 0x00, 0x00, 0x00, 
	0x00, 0x00, 0x00, 0x00, 0x00, 0x00, 0x00, 0x00, 0x00, 0x00, 0x00, 0x00, 0x00, 0x00, 0x00, 0x00, 
	0x00, 0x00, 0x00, 0x00, 0x00, 0x00, 0x00, 0x00, 0x00, 0x00, 0x09, 0x8B, 0x09, 0xCD, 0x09, 0xCD, 
	0x09, 0xCD, 0x09, 0xCD, 0x09, 0xCD, 0x09, 0xCD, 0x09, 0xCD, 0x09, 0xCD, 0x09, 0xCD, 0x09, 0xCD, 
	0x09, 0xCD, 0x09, 0xCD, 0x09, 0xCD, 0x09, 0xCD, 0x09, 0xCD, 0x09, 0xCD, 0x09, 0xCD, 0x00, 0x00, 
	0x00, 0x00, 0x00, 0x00, 0x00, 0x00, 0x00, 0x00, 0x00, 0x00, 0x00, 0x00, 0x00, 0x00, 0x00, 0x00, 
	0x00, 0x00, 0x00, 0x00, 0x00, 0x00, 0x00, 0x00, 0x00, 0x00, 0x00, 0x00, 0x00, 0x00, 0x00, 0x00, 
	0x00, 0x00, 0x00, 0x00, 0x00, 0x00, 0x0A, 0x2A, 0x25, 0xBA, 0x25, 0xBA, 0x25, 0xBA, 0x25, 0xBA, 
	0x25, 0xBA, 0x25, 0xBA, 0x25, 0xBA, 0x25, 0xBA, 0x25, 0xBA, 0x25, 0xBA, 0x25, 0xBA, 0x25, 0xBA, 
	0x00, 0x00, 0x00, 0x00, 0x00, 0x00, 0x00, 0x00, 0x00, 0x00, 0x00, 0x00, 0x00, 0x00, 0x00, 0x00, 
	0x00, 0x00, 0x00, 0x00, 0x00, 0x00, 0x00, 0x00, 0x00, 0x00, 0x00, 0x00, 0x00, 0x00, 0x00, 0x00, 
	0x00, 0x00, 0x25, 0xBA, 0x25, 0xBA, 0x25, 0xBA, 0x25, 0xBA, 0x25, 0xBA, 0x25, 0xBA, 0x25, 0xBA, 
	0x25, 0xBA, 0x25, 0xBA, 0x25, 0xBA, 0x25, 0xBA, 0x00, 0x00, 0x00, 0x00, 0x00, 0x00, 0x00, 0x00, 
	0x00, 0x00, 0x00, 0x00, 0x00, 0x00, 0x00, 0x00, 0x00, 0x00, 0x00, 0x00, 0x00, 0x00, 0x00, 0x00, 
	0x00, 0x00, 0x00, 0x00, 0x00, 0x00, 0x00, 0x00, 0x00, 0x00, 0x25, 0xBA, 0x25, 0xBA, 0x25, 0xBA, 
	0x25, 0xBA, 0x25, 0xBA, 0x25, 0xBA, 0x25, 0xBA, 0x25, 0xBA, 0x25, 0xBA, 0x25, 0xBA, 0x25, 0xBA, 
	0x00, 0x00, 0x00, 0x00, 0x00, 0x00, 0x00, 0x00, 0x00, 0x00, 0x00, 0x00, 0x00, 0x00, 0x00, 0x00, 
	0x00, 0x00, 0x00, 0x00, 0x00, 0x00, 0x00, 0x00, 0x00, 0x00, 0x00, 0x00, 0x25, 0xBA, 0x25, 0xBA, 
	0x25, 0xBA, 0x25, 0xBA, 0x25, 0xBA, 0x25, 0xBA, 0x25, 0xBA, 0x25, 0xBA, 0x25, 0xBA, 0x25, 0xBA, 
	0x25, 0xBA, 0x25, 0xBA, 0x25, 0xBA, 0x00, 0x00, 0x00, 0x00, 0x00, 0x00, 0x00, 0x00, 0x00, 0x00, 
	0x00, 0x00, 0x00, 0x00, 0x00, 0x00, 0x00, 0x00, 0x00, 0x00, 0x00, 0x00, 0x00, 0x00, 0x00, 0x00, 
	0x00, 0x00, 0x00, 0x00, 0x25, 0xBA, 0x25, 0xBA, 0x25, 0xBA, 0x25, 0xBA, 0x25, 0xBA, 0x25, 0xBA, 
	0x25, 0xBA, 0x25, 0xBA, 0x25, 0xBA, 0x25, 0xBA, 0x00, 0x00, 0x00, 0x00, 0x00, 0x00, 0x00, 0x00, 
	0x00, 0x00, 0x00, 0x00, 0x00, 0x00, 0x00, 0x00, 0x00, 0x00, 0x00, 0x00, 0x00, 0x00, 0x00, 0x00, 
	0x00, 0x00, 0x00, 0x00, 0x00, 0x00, 0x00, 0x00, 0x00, 0x00, 0x00, 0x00, 0x25, 0xBA, 0x25, 0xBA, 
	0x25, 0xBA, 0x25, 0xBA, 0x25, 0xBA, 0x25, 0xBA, 0x25, 0xBA, 0x25, 0xBA, 0x25, 0xBA, 0x25, 0xBA, 
	0x00, 0x00, 0x00, 0x00, 0x00, 0x00, 0x00, 0x00, 0x00, 0x00, 0x00, 0x00, 0x09, 0xCD, 0x09, 0xCD, 
	0x09, 0xCD, 0x09, 0xCD, 0x09, 0xCD, 0x09, 0xCD, 0x09, 0xCD, 0x09, 0xCD, 0x09, 0xCD, 0x09, 0xCD, 
	0x09, 0xCD, 0x09, 0xCD, 0x09, 0xCD, 0x09, 0xCD, 0x09, 0xCD, 0x09, 0xCD, 0x09, 0xCD, 0x09, 0xCD, 
	0x09, 0xCD, 0x09, 0xCD, 0x09, 0xCD, 0x09, 0xCD, 0x00, 0x00, 0x00, 0x00, 0x00, 0x00, 0x00, 0x00, 
	0x00, 0x00, 0x00, 0x00, 0x00, 0x00, 0x00, 0x00, 0x00, 0x00, 0x00, 0x00, 0x00, 0x00, 0x00, 0x00, 
	0x00, 0x00, 0x00, 0x00, 0x00, 0x00, 0x00, 0x00, 0x00, 0x00, 0x00, 0x00, 0x00, 0x00, 0x00, 0x00, 
	0x00, 0x00, 0x00, 0x00, 0x00, 0x00, 0x00, 0x00, 0x00, 0x00, 0x00, 0x00, 0x00, 0x00, 0x00, 0x00, 
	0x00, 0x00, 0x00, 0x00, 0x00, 0x00, 0x00, 0x00, 0x00, 0x00, 0x00, 0x42, 0x09, 0xCD, 0x09, 0xCD, 
	0x09, 0xCD, 0x09, 0xCD, 0x09, 0xCD, 0x09, 0xCD, 0x09, 0xCD, 0x09, 0xCD, 0x09, 0xCD, 0x09, 0xCD, 
	0x09, 0xCD, 0x09, 0xCD, 0x09, 0xCD, 0x09, 0xCD, 0x09, 0xCD, 0x09, 0xCD, 0x09, 0xCD, 0x09, 0xCD, 
	0x09, 0xCD, 0x09, 0xCD, 0x00, 0x00, 0x00, 0x00, 0x00, 0x00, 0x00, 0x00, 0x00, 0x00, 0x00, 0x00, 
	0x00, 0x00, 0x00, 0x00, 0x00, 0x21, 0x09, 0xCD, 0x09, 0xCD, 0x09, 0xCD, 0x09, 0xCD, 0x09, 0xCD, 
	0x09, 0xCD, 0x09, 0xCD, 0x09, 0xCD, 0x09, 0xCD, 0x09, 0xCD, 0x09, 0xCD, 0x09, 0xCD, 0x09, 0xCD, 
	0x09, 0xCD, 0x09, 0xCD, 0x09, 0xCD, 0x09, 0xCD, 0x00, 0x21, 0x00, 0x00, 0x00, 0x00, 0x00, 0x00, 
	0x00, 0x00, 0x00, 0x00, 0x00, 0x00, 0x00, 0x00, 0x00, 0x00, 0x00, 0x00, 0x00, 0x00, 0x00, 0x00, 
	0x00, 0x00, 0x00, 0x00, 0x00, 0x00, 0x00, 0x00, 0x00, 0x00, 0x00, 0x00, 0x00, 0x00, 0x00, 0x00, 
	0x00, 0x00, 0x00, 0x00, 0x00, 0x00, 0x00, 0x00, 0x00, 0x00, 0x09, 0xCD, 0x09, 0xCD, 0x09, 0xCD, 
	0x09, 0xCD, 0x09, 0xCD, 0x09, 0xCD, 0x09, 0xCD, 0x09, 0xCD, 0x09, 0xCD, 0x09, 0xCD, 0x09, 0xCD, 
	0x09, 0xCD, 0x09, 0xCD, 0x09, 0xCD, 0x09, 0xCD, 0x09, 0xCD, 0x09, 0xCD, 0x00, 0xE7, 0x00, 0x00, 
	0x00, 0x00, 0x00, 0x00, 0x00, 0x00, 0x00, 0x00, 0x00, 0x00, 0x00, 0x00, 0x00, 0x00, 0x00, 0x00, 
	0x00, 0x00, 0x00, 0x00, 0x00, 0x00, 0x00, 0x00, 0x00, 0x00, 0x00, 0x00, 0x00, 0x00, 0x00, 0x00, 
	0x00, 0x00, 0x00, 0x00, 0x00, 0x00, 0x25, 0xBA, 0x25, 0xBA, 0x25, 0xBA, 0x25, 0xBA, 0x25, 0xBA, 
	0x25, 0xBA, 0x25, 0xBA, 0x25, 0xBA, 0x25, 0xBA, 0x25, 0xBA, 0x25, 0xBA, 0x25, 0xBA, 0x1C, 0xB5, 
	0x00, 0x00, 0x00, 0x00, 0x00, 0x00, 0x00, 0x00, 0x00, 0x00, 0x00, 0x00, 0x00, 0x00, 0x00, 0x00, 
	0x00, 0x00, 0x00, 0x00, 0x00, 0x00, 0x00, 0x00, 0x00, 0x00, 0x00, 0x00, 0x00, 0x00, 0x00, 0x00, 
	0x00, 0x00, 0x25, 0xBA, 0x25, 0xBA, 0x25, 0xBA, 0x25, 0xBA, 0x25, 0xBA, 0x25, 0xBA, 0x25, 0xBA, 
	0x25, 0xBA, 0x25, 0xBA, 0x25, 0xBA, 0x25, 0xBA, 0x00, 0x00, 0x00, 0x00, 0x00, 0x00, 0x00, 0x00, 
	0x00, 0x00, 0x00, 0x00, 0x00, 0x00, 0x00, 0x00, 0x00, 0x00, 0x00, 0x00, 0x00, 0x00, 0x00, 0x00, 
	0x00, 0x00, 0x00, 0x00, 0x00, 0x00, 0x00, 0x00, 0x00, 0x00, 0x25, 0xBA, 0x25, 0xBA, 0x25, 0xBA, 
	0x25, 0xBA, 0x25, 0xBA, 0x25, 0xBA, 0x25, 0xBA, 0x25, 0xBA, 0x25, 0xBA, 0x25, 0xBA, 0x25, 0xBA, 
	0x00, 0x00, 0x00, 0x00, 0x00, 0x00, 0x00, 0x00, 0x00, 0x00, 0x00, 0x00, 0x00, 0x00, 0x00, 0x00, 
	0x00, 0x00, 0x00, 0x00, 0x00, 0x00, 0x00, 0x00, 0x00, 0x00, 0x1D, 0x59, 0x25, 0xBA, 0x25, 0xBA, 
	0x25, 0xBA, 0x25, 0xBA, 0x25, 0xBA, 0x25, 0xBA, 0x25, 0xBA, 0x25, 0xBA, 0x25, 0xBA, 0x25, 0xBA, 
	0x25, 0xBA, 0x25, 0xBA, 0x00, 0x00, 0x00, 0x00, 0x00, 0x00, 0x00, 0x00, 0x00, 0x00, 0x00, 0x00, 
	0x00, 0x00, 0x00, 0x00, 0x00, 0x00, 0x00, 0x00, 0x00, 0x00, 0x00, 0x00, 0x00, 0x00, 0x00, 0x00, 
	0x00, 0x00, 0x00, 0x00, 0x25, 0xBA, 0x25, 0xBA, 0x25, 0xBA, 0x25, 0xBA, 0x25, 0xBA, 0x25, 0xBA, 
	0x25, 0xBA, 0x25, 0xBA, 0x25, 0xBA, 0x25, 0xBA, 0x00, 0x00, 0x00, 0x00, 0x00, 0x00, 0x00, 0x00, 
	0x00, 0x00, 0x00, 0x00, 0x00, 0x00, 0x00, 0x00, 0x00, 0x00, 0x00, 0x00, 0x00, 0x00, 0x00, 0x00, 
	0x00, 0x00, 0x00, 0x00, 0x00, 0x00, 0x00, 0x00, 0x00, 0x00, 0x00, 0x00, 0x25, 0xBA, 0x25, 0xBA, 
	0x25, 0xBA, 0x25, 0xBA, 0x25, 0xBA, 0x25, 0xBA, 0x25, 0xBA, 0x25, 0xBA, 0x25, 0xBA, 0x25, 0xBA, 
	0x00, 0x00, 0x00, 0x00, 0x00, 0x00, 0x00, 0x00, 0x00, 0x00, 0x00, 0x00, 0x09, 0xAC, 0x09, 0xCD, 
	0x09, 0xCD, 0x09, 0xCD, 0x09, 0xCD, 0x09, 0xCD, 0x09, 0xCD, 0x09, 0xCD, 0x09, 0xCD, 0x09, 0xCD, 
	0x09, 0xCD, 0x09, 0xCD, 0x09, 0xCD, 0x09, 0xCD, 0x09, 0xCD, 0x09, 0xCD, 0x09, 0xCD, 0x09, 0xCD, 
	0x09, 0xCD, 0x09, 0xCD, 0x09, 0xCD, 0x09, 0xCD, 0x09, 0xCD, 0x00, 0x00, 0x00, 0x00, 0x00, 0x00, 
	0x00, 0x00, 0x00, 0x00, 0x00, 0x00, 0x00, 0x00, 0x00, 0x00, 0x00, 0x00, 0x00, 0x00, 0x00, 0x00, 
	0x00, 0x00, 0x00, 0x00, 0x00, 0x00, 0x00, 0x00, 0x00, 0x00, 0x00, 0x00, 0x00, 0x00, 0x00, 0x00, 
	0x00, 0x00, 0x00, 0x00, 0x00, 0x00, 0x00, 0x00, 0x00, 0x00, 0x00, 0x00, 0x00, 0x00, 0x00, 0x00, 
	0x00, 0x00, 0x00, 0x00, 0x00, 0x00, 0x00, 0x00, 0x00, 0x00, 0x09, 0xCD, 0x09, 0xCD, 0x09, 0xCD, 
	0x09, 0xCD, 0x09, 0xCD, 0x09, 0xCD, 0x09, 0xCD, 0x09, 0xCD, 0x09, 0xCD, 0x09, 0xCD, 0x09, 0xCD, 
	0x09, 0xCD, 0x09, 0xCD, 0x09, 0xCD, 0x09, 0xCD, 0x09, 0xCD, 0x09, 0xCD, 0x09, 0xCD, 0x09, 0xCD, 
	0x09, 0xCD, 0x00, 0x00, 0x00, 0x00, 0x00, 0x00, 0x00, 0x00, 0x00, 0x00, 0x00, 0x00, 0x00, 0x00, 
	0x00, 0x00, 0x00, 0x00, 0x00, 0x00, 0x09, 0xCD, 0x09, 0xCD, 0x09, 0xCD, 0x09, 0xCD, 0x09, 0xCD, 
	0x09, 0xCD, 0x09, 0xCD, 0x09, 0xCD, 0x09, 0xCD, 0x09, 0xCD, 0x09, 0xCD, 0x09, 0xCD, 0x09, 0xCD, 
	0x09, 0xCD, 0x09, 0xCD, 0x09, 0xCD, 0x09, 0xCD, 0x09, 0xCD, 0x00, 0x00, 0x00, 0x00, 0x00, 0x00, 
	0x00, 0x00, 0x00, 0x00, 0x00, 0x00, 0x00, 0x00, 0x00, 0x00, 0x00, 0x00, 0x00, 0x00, 0x00, 0x00, 
	0x00, 0x00, 0x00, 0x00, 0x00, 0x00, 0x00, 0x00, 0x00, 0x00, 0x00, 0x00, 0x00, 0x00, 0x00, 0x00, 
	0x00, 0x00, 0x00, 0x00, 0x00, 0x00, 0x00, 0x00, 0x00, 0x63, 0x09, 0xCD, 0x09, 0xCD, 0x09, 0xCD, 
	0x09, 0xCD, 0x09, 0xCD, 0x09, 0xCD, 0x09, 0xCD, 0x09, 0xCD, 0x09, 0xCD, 0x09, 0xCD, 0x09, 0xCD, 
	0x09, 0xCD, 0x09, 0xCD, 0x09, 0xCD, 0x09, 0xCD, 0x09, 0xCD, 0x09, 0xCD, 0x00, 0x00, 0x00, 0x00, 
	0x00, 0x00, 0x00, 0x00, 0x00, 0x00, 0x00, 0x00, 0x00, 0x00, 0x00, 0x00, 0x00, 0x00, 0x00, 0x00, 
	0x00, 0x00, 0x00, 0x00, 0x00, 0x00, 0x00, 0x00, 0x00, 0x00, 0x00, 0x00, 0x00, 0x00, 0x00, 0x00, 
	0x00, 0x00, 0x00, 0x00, 0x25, 0xBA, 0x25, 0xBA, 0x25, 0xBA, 0x25, 0xBA, 0x25, 0xBA, 0x25, 0xBA, 
	0x25, 0xBA, 0x25, 0xBA, 0x25, 0xBA, 0x25, 0xBA, 0x25, 0xBA, 0x25, 0xBA, 0x1D, 0x59, 0x00, 0x00, 
	0x00, 0x00, 0x00, 0x00, 0x00, 0x00, 0x00, 0x00, 0x00, 0x00, 0x00, 0x00, 0x00, 0x00, 0x00, 0x00, 
	0x00, 0x00, 0x00, 0x00, 0x00, 0x00, 0x00, 0x00, 0x00, 0x00, 0x00, 0x00, 0x00, 0x00, 0x00, 0x00, 
	0x00, 0x00, 0x1C, 0xF7, 0x25, 0xBA, 0x25, 0xBA, 0x25, 0xBA, 0x25, 0xBA, 0x25, 0xBA, 0x25, 0xBA, 
	0x25, 0xBA, 0x25, 0xBA, 0x25, 0xBA, 0x25, 0xBA, 0x13, 0xF2, 0x00, 0x00, 0x00, 0x00, 0x00, 0x00, 
	0x00, 0x00, 0x00, 0x00, 0x00, 0x00, 0x00, 0x00, 0x00, 0x00, 0x00, 0x00, 0x00, 0x00, 0x00, 0x00, 
	0x00, 0x00, 0x00, 0x00, 0x00, 0x00, 0x00, 0x00, 0x09, 0xC8, 0x25, 0xBA, 0x25, 0xBA, 0x25, 0xBA, 
	0x25, 0xBA, 0x25, 0xBA, 0x25, 0xBA, 0x25, 0xBA, 0x25, 0xBA, 0x25, 0xBA, 0x25, 0xBA, 0x25, 0xBA, 
	0x00, 0x00, 0x00, 0x00, 0x00, 0x00, 0x00, 0x00, 0x00, 0x00, 0x00, 0x00, 0x00, 0x00, 0x00, 0x00, 
	0x00, 0x00, 0x00, 0x00, 0x00, 0x00, 0x00, 0x00, 0x00, 0x00, 0x25, 0xBA, 0x25, 0xBA, 0x25, 0xBA, 
	0x25, 0xBA, 0x25, 0xBA, 0x25, 0xBA, 0x25, 0xBA, 0x25, 0xBA, 0x25, 0xBA, 0x25, 0xBA, 0x25, 0xBA, 
	0x25, 0xBA, 0x00, 0x41, 0x00, 0x00, 0x00, 0x00, 0x00, 0x00, 0x00, 0x00, 0x00, 0x00, 0x00, 0x00, 
	0x00, 0x00, 0x00, 0x00, 0x00, 0x00, 0x00, 0x00, 0x00, 0x00, 0x00, 0x00, 0x00, 0x00, 0x00, 0x00, 
	0x00, 0x00, 0x00, 0x00, 0x25, 0xBA, 0x25, 0xBA, 0x25, 0xBA, 0x25, 0xBA, 0x25, 0xBA, 0x25, 0xBA, 
	0x25, 0xBA, 0x25, 0xBA, 0x25, 0xBA, 0x25, 0xBA, 0x00, 0x00, 0x00, 0x00, 0x00, 0x00, 0x00, 0x00, 
	0x00, 0x00, 0x00, 0x00, 0x00, 0x00, 0x00, 0x00, 0x00, 0x00, 0x00, 0x00, 0x00, 0x00, 0x00, 0x00, 
	0x00, 0x00, 0x00, 0x00, 0x00, 0x00, 0x00, 0x00, 0x00, 0x00, 0x00, 0x00, 0x25, 0xBA, 0x25, 0xBA, 
	0x25, 0xBA, 0x25, 0xBA, 0x25, 0xBA, 0x25, 0xBA, 0x25, 0xBA, 0x25, 0xBA, 0x25, 0xBA, 0x25, 0xBA, 
	0x00, 0x00, 0x00, 0x00, 0x00, 0x00, 0x00, 0x00, 0x00, 0x00, 0x00, 0x00, 0x00, 0x00, 0x09, 0xCD, 
	0x09, 0xCD, 0x09, 0xCD, 0x09, 0xCD, 0x09, 0xCD, 0x09, 0xCD, 0x09, 0xCD, 0x09, 0xCD, 0x09, 0xCD, 
	0x09, 0xCD, 0x09, 0xCD, 0x09, 0xCD, 0x09, 0xCD, 0x09, 0xCD, 0x09, 0xCD, 0x09, 0xCD, 0x09, 0xCD, 
	0x09, 0xCD, 0x09, 0xCD, 0x09, 0xCD, 0x09, 0xCD, 0x09, 0xCD, 0x09, 0xCD, 0x00, 0xC6, 0x00, 0x00, 
	0x00, 0x00, 0x00, 0x00, 0x00, 0x00, 0x00, 0x00, 0x00, 0x00, 0x00, 0x00, 0x00, 0x00, 0x00, 0x00, 
	0x00, 0x00, 0x00, 0x00, 0x00, 0x00, 0x00, 0x00, 0x00, 0x00, 0x00, 0x00, 0x00, 0x00, 0x00, 0x00, 
	0x00, 0x00, 0x00, 0x00, 0x00, 0x00, 0x00, 0x00, 0x00, 0x00, 0x00, 0x00, 0x00, 0x00, 0x00, 0x00, 
	0x00, 0x00, 0x00, 0x00, 0x00, 0x00, 0x00, 0xE7, 0x09, 0xCD, 0x09, 0xCD, 0x09, 0xCD, 0x09, 0xCD, 
	0x09, 0xCD, 0x09, 0xCD, 0x09, 0xCD, 0x09, 0xCD, 0x09, 0xCD, 0x09, 0xCD, 0x09, 0xCD, 0x09, 0xCD, 
	0x09, 0xCD, 0x09, 0xCD, 0x09, 0xCD, 0x09, 0xCD, 0x09, 0xCD, 0x09, 0xCD, 0x09, 0xCD, 0x09, 0xCD, 
	0x09, 0xCD, 0x00, 0x00, 0x00, 0x00, 0x00, 0x00, 0x00, 0x00, 0x00, 0x00, 0x00, 0x00, 0x00, 0x00, 
	0x00, 0x00, 0x00, 0x00, 0x00, 0x00, 0x09, 0xCD, 0x09, 0xCD, 0x09, 0xCD, 0x09, 0xCD, 0x09, 0xCD, 
	0x09, 0xCD, 0x09, 0xCD, 0x09, 0xCD, 0x09, 0xCD, 0x09, 0xCD, 0x09, 0xCD, 0x09, 0xCD, 0x09, 0xCD, 
	0x09, 0xCD, 0x09, 0xCD, 0x09, 0xCD, 0x09, 0xCD, 0x09, 0xCD, 0x01, 0x08, 0x00, 0x00, 0x00, 0x00, 
	0x00, 0x00, 0x00, 0x00, 0x00, 0x00, 0x00, 0x00, 0x00, 0x00, 0x00, 0x00, 0x00, 0x00, 0x00, 0x00, 
	0x00, 0x00, 0x00, 0x00, 0x00, 0x00, 0x00, 0x00, 0x00, 0x00, 0x00, 0x00, 0x00, 0x00, 0x00, 0x00, 
	0x00, 0x00, 0x00, 0x00, 0x00, 0x00, 0x00, 0x00, 0x09, 0xCD, 0x09, 0xCD, 0x09, 0xCD, 0x09, 0xCD, 
	0x09, 0xCD, 0x09, 0xCD, 0x09, 0xCD, 0x09, 0xCD, 0x09, 0xCD, 0x09, 0xCD, 0x09, 0xCD, 0x09, 0xCD, 
	0x09, 0xCD, 0x09, 0xCD, 0x09, 0xCD, 0x09, 0xCD, 0x09, 0xCD, 0x09, 0xCD, 0x00, 0x00, 0x00, 0x00, 
	0x00, 0x00, 0x00, 0x00, 0x00, 0x00, 0x00, 0x00, 0x00, 0x00, 0x00, 0x00, 0x00, 0x00, 0x00, 0x00, 
	0x00, 0x00, 0x00, 0x00, 0x00, 0x00, 0x00, 0x00, 0x00, 0x00, 0x00, 0x00, 0x00, 0x00, 0x00, 0x00, 
	0x00, 0x00, 0x25, 0xBA, 0x25, 0xBA, 0x25, 0xBA, 0x25, 0xBA, 0x25, 0xBA, 0x25, 0xBA, 0x25, 0xBA, 
	0x25, 0xBA, 0x25, 0xBA, 0x25, 0xBA, 0x25, 0xBA, 0x25, 0xBA, 0x25, 0xBA, 0x00, 0x00, 0x00, 0x00, 
	0x00, 0x00, 0x00, 0x00, 0x00, 0x00, 0x00, 0x00, 0x00, 0x00, 0x00, 0x00, 0x00, 0x00, 0x00, 0x00, 
	0x00, 0x00, 0x00, 0x00, 0x00, 0x00, 0x00, 0x00, 0x00, 0x00, 0x00, 0x00, 0x00, 0x00, 0x00, 0x00, 
	0x00, 0x00, 0x00, 0x00, 0x25, 0xBA, 0x25, 0xBA, 0x25, 0xBA, 0x25, 0xBA, 0x25, 0xBA, 0x25, 0xBA, 
	0x25, 0xBA, 0x25, 0xBA, 0x25, 0xBA, 0x25, 0xBA, 0x25, 0xBA, 0x00, 0x00, 0x00, 0x00, 0x00, 0x00, 
	0x00, 0x00, 0x00, 0x00, 0x00, 0x00, 0x00, 0x00, 0x00, 0x00, 0x00, 0x00, 0x00, 0x00, 0x00, 0x00, 
	0x00, 0x00, 0x00, 0x00, 0x00, 0x00, 0x00, 0x00, 0x25, 0xBA, 0x25, 0xBA, 0x25, 0xBA, 0x25, 0xBA, 
	0x25, 0xBA, 0x25, 0xBA, 0x25, 0xBA, 0x25, 0xBA, 0x25, 0xBA, 0x25, 0xBA, 0x25, 0xBA, 0x25, 0xBA, 
	0x00, 0x00, 0x00, 0x00, 0x00, 0x00, 0x00, 0x00, 0x00, 0x00, 0x00, 0x00, 0x00, 0x00, 0x00, 0x00, 
	0x00, 0x00, 0x00, 0x00, 0x00, 0x00, 0x09, 0xC8, 0x25, 0xBA, 0x25, 0xBA, 0x25, 0xBA, 0x25, 0xBA, 
	0x25, 0xBA, 0x25, 0xBA, 0x25, 0xBA, 0x25, 0xBA, 0x25, 0xBA, 0x25, 0xBA, 0x25, 0xBA, 0x25, 0xBA, 
	0x00, 0x00, 0x00, 0x00, 0x00, 0x00, 0x00, 0x00, 0x00, 0x00, 0x00, 0x00, 0x00, 0x00, 0x00, 0x00, 
	0x00, 0x00, 0x00, 0x00, 0x00, 0x00, 0x00, 0x00, 0x00, 0x00, 0x00, 0x00, 0x00, 0x00, 0x00, 0x00, 
	0x00, 0x00, 0x00, 0x00, 0x25, 0xBA, 0x25, 0xBA, 0x25, 0xBA, 0x25, 0xBA, 0x25, 0xBA, 0x25, 0xBA, 
	0x25, 0xBA, 0x25, 0xBA, 0x25, 0xBA, 0x25, 0xBA, 0x00, 0x00, 0x00, 0x00, 0x00, 0x00, 0x00, 0x00, 
	0x00, 0x00, 0x00, 0x00, 0x00, 0x00, 0x00, 0x00, 0x00, 0x00, 0x00, 0x00, 0x00, 0x00, 0x00, 0x00, 
	0x00, 0x00, 0x00, 0x00, 0x00, 0x00, 0x00, 0x00, 0x00, 0x00, 0x0A, 0x2A, 0x25, 0xBA, 0x25, 0xBA, 
	0x25, 0xBA, 0x25, 0xBA, 0x25, 0xBA, 0x25, 0xBA, 0x25, 0xBA, 0x25, 0xBA, 0x25, 0xBA, 0x25, 0xBA, 
	0x00, 0x00, 0x00, 0x00, 0x00, 0x00, 0x00, 0x00, 0x00, 0x00, 0x00, 0x00, 0x00, 0x00, 0x00, 0x00, 
	0x09, 0xCD, 0x09, 0xCD, 0x09, 0xCD, 0x09, 0xCD, 0x09, 0xCD, 0x09, 0xCD, 0x09, 0xCD, 0x09, 0xCD, 
	0x09, 0xCD, 0x09, 0xCD, 0x09, 0xCD, 0x09, 0xCD, 0x09, 0xCD, 0x09, 0xCD, 0x09, 0xCD, 0x09, 0xCD, 
	0x09, 0xCD, 0x09, 0xCD, 0x09, 0xCD, 0x09, 0xCD, 0x09, 0xCD, 0x09, 0xCD, 0x09, 0xCD, 0x09, 0x6B, 
	0x00, 0x00, 0x00, 0x00, 0x00, 0x00, 0x00, 0x00, 0x00, 0x00, 0x00, 0x00, 0x00, 0x00, 0x00, 0x00, 
	0x00, 0x00, 0x00, 0x00, 0x00, 0x00, 0x00, 0x00, 0x00, 0x00, 0x00, 0x00, 0x00, 0x00, 0x00, 0x00, 
	0x00, 0x00, 0x00, 0x00, 0x00, 0x00, 0x00, 0x00, 0x00, 0x00, 0x00, 0x00, 0x00, 0x00, 0x00, 0x00, 
	0x00, 0x00, 0x00, 0x00, 0x09, 0xCD, 0x09, 0xCD, 0x09, 0xCD, 0x09, 0xCD, 0x09, 0xCD, 0x09, 0xCD, 
	0x09, 0xCD, 0x09, 0xCD, 0x09, 0xCD, 0x09, 0xCD, 0x09, 0xCD, 0x09, 0xCD, 0x09, 0xCD, 0x09, 0xCD, 
	0x09, 0xCD, 0x09, 0xCD, 0x09, 0xCD, 0x09, 0xCD, 0x09, 0xCD, 0x09, 0xCD, 0x09, 0xCD, 0x09, 0xCD, 
	0x00, 0x00, 0x00, 0x00, 0x00, 0x00, 0x00, 0x00, 0x00, 0x00, 0x00, 0x00, 0x00, 0x00, 0x00, 0x00, 
	0x00, 0x00, 0x00, 0x00, 0x00, 0x00, 0x09, 0xCD, 0x09, 0xCD, 0x09, 0xCD, 0x09, 0xCD, 0x09, 0xCD, 
	0x09, 0xCD, 0x09, 0xCD, 0x09, 0xCD, 0x09, 0xCD, 0x09, 0xCD, 0x09, 0xCD, 0x09, 0xCD, 0x09, 0xCD, 
	0x09, 0xCD, 0x09, 0xCD, 0x09, 0xCD, 0x09, 0xCD, 0x09, 0xCD, 0x09, 0xCD, 0x00, 0x00, 0x00, 0x00, 
	0x00, 0x00, 0x00, 0x00, 0x00, 0x00, 0x00, 0x00, 0x00, 0x00, 0x00, 0x00, 0x00, 0x00, 0x00, 0x00, 
	0x00, 0x00, 0x00, 0x00, 0x00, 0x00, 0x00, 0x00, 0x00, 0x00, 0x00, 0x00, 0x00, 0x00, 0x00, 0x00, 
	0x00, 0x00, 0x00, 0x00, 0x00, 0x00, 0x09, 0xCD, 0x09, 0xCD, 0x09, 0xCD, 0x09, 0xCD, 0x09, 0xCD, 
	0x09, 0xCD, 0x09, 0xCD, 0x09, 0xCD, 0x09, 0xCD, 0x09, 0xCD, 0x09, 0xCD, 0x09, 0xCD, 0x09, 0xCD, 
	0x09, 0xCD, 0x09, 0xCD, 0x09, 0xCD, 0x09, 0xCD, 0x09, 0xCD, 0x09, 0xCD, 0x00, 0x00, 0x00, 0x00, 
	0x00, 0x00, 0x00, 0x00, 0x00, 0x00, 0x00, 0x00, 0x00, 0x00, 0x00, 0x00, 0x00, 0x00, 0x00, 0x00, 
	0x00, 0x00, 0x00, 0x00, 0x00, 0x00, 0x00, 0x00, 0x00, 0x00, 0x00, 0x00, 0x00, 0x00, 0x00, 0x00, 
	0x1C, 0x54, 0x25, 0xBA, 0x25, 0xBA, 0x25, 0xBA, 0x25, 0xBA, 0x25, 0xBA, 0x25, 0xBA, 0x25, 0xBA, 
	0x25, 0xBA, 0x25, 0xBA, 0x25, 0xBA, 0x25, 0xBA, 0x25, 0xBA, 0x00, 0x00, 0x00, 0x00, 0x00, 0x00, 
	0x00, 0x00, 0x00, 0x00, 0x00, 0x00, 0x00, 0x00, 0x00, 0x00, 0x00, 0x00, 0x00, 0x00, 0x00, 0x00, 
	0x00, 0x00, 0x00, 0x00, 0x00, 0x00, 0x00, 0x00, 0x00, 0x00, 0x00, 0x00, 0x00, 0x00, 0x00, 0x00, 
	0x00, 0x00, 0x00, 0x00, 0x25, 0xBA, 0x25, 0xBA, 0x25, 0xBA, 0x25, 0xBA, 0x25, 0xBA, 0x25, 0xBA, 
	0x25, 0xBA, 0x25, 0xBA, 0x25, 0xBA, 0x25, 0xBA, 0x25, 0xBA, 0x0A, 0x2A, 0x00, 0x00, 0x00, 0x00, 
	0x00, 0x00, 0x00, 0x00, 0x00, 0x00, 0x00, 0x00, 0x00, 0x00, 0x00, 0x00, 0x00, 0x00, 0x00, 0x00, 
	0x00, 0x00, 0x00, 0x00, 0x00, 0x00, 0x00, 0x00, 0x25, 0xBA, 0x25, 0xBA, 0x25, 0xBA, 0x25, 0xBA, 
	0x25, 0xBA, 0x25, 0xBA, 0x25, 0xBA, 0x25, 0xBA, 0x25, 0xBA, 0x25, 0xBA, 0x25, 0xBA, 0x01, 0x05, 
	0x00, 0x00, 0x00, 0x00, 0x00, 0x00, 0x00, 0x00, 0x00, 0x00, 0x00, 0x00, 0x00, 0x00, 0x00, 0x00, 
	0x00, 0x00, 0x00, 0x00, 0x00, 0x00, 0x25, 0xBA, 0x25, 0xBA, 0x25, 0xBA, 0x25, 0xBA, 0x25, 0xBA, 
	0x25, 0xBA, 0x25, 0xBA, 0x25, 0xBA, 0x25, 0xBA, 0x25, 0xBA, 0x25, 0xBA, 0x25, 0xBA, 0x1C, 0xB5, 
	0x00, 0x00, 0x00, 0x00, 0x00, 0x00, 0x00, 0x00, 0x00, 0x00, 0x00, 0x00, 0x00, 0x00, 0x00, 0x00, 
	0x00, 0x00, 0x00, 0x00, 0x00, 0x00, 0x00, 0x00, 0x00, 0x00, 0x00, 0x00, 0x00, 0x00, 0x00, 0x00, 
	0x00, 0x00, 0x00, 0x00, 0x25, 0xBA, 0x25, 0xBA, 0x25, 0xBA, 0x25, 0xBA, 0x25, 0xBA, 0x25, 0xBA, 
	0x25, 0xBA, 0x25, 0xBA, 0x25, 0xBA, 0x25, 0xBA, 0x00, 0x00, 0x00, 0x00, 0x00, 0x00, 0x00, 0x00, 
	0x00, 0x00, 0x00, 0x00, 0x00, 0x00, 0x00, 0x00, 0x00, 0x00, 0x00, 0x00, 0x00, 0x00, 0x00, 0x00, 
	0x00, 0x00, 0x00, 0x00, 0x00, 0x00, 0x00, 0x00, 0x00, 0x00, 0x25, 0xBA, 0x25, 0xBA, 0x25, 0xBA, 
	0x25, 0xBA, 0x25, 0xBA, 0x25, 0xBA, 0x25, 0xBA, 0x25, 0xBA, 0x25, 0xBA, 0x25, 0xBA, 0x25, 0xBA, 
	0x00, 0x00, 0x00, 0x00, 0x00, 0x00, 0x00, 0x00, 0x00, 0x00, 0x00, 0x00, 0x00, 0x00, 0x00, 0x00, 
	0x09, 0xCD, 0x09, 0xCD, 0x09, 0xCD, 0x09, 0xCD, 0x09, 0xCD, 0x09, 0xCD, 0x09, 0xCD, 0x09, 0xCD, 
	0x09, 0xCD, 0x09, 0xCD, 0x09, 0xCD, 0x09, 0xCD, 0x09, 0xCD, 0x09, 0xCD, 0x09, 0xCD, 0x09, 0xCD, 
	0x09, 0xCD, 0x09, 0xCD, 0x09, 0xCD, 0x09, 0xCD, 0x09, 0xCD, 0x09, 0xCD, 0x09, 0xCD, 0x09, 0xCD, 
	0x09, 0xCD, 0x00, 0x00, 0x00, 0x00, 0x00, 0x00, 0x00, 0x00, 0x00, 0x00, 0x00, 0x00, 0x00, 0x00, 
	0x00, 0x00, 0x00, 0x00, 0x00, 0x00, 0x00, 0x00, 0x00, 0x00, 0x00, 0x00, 0x00, 0x00, 0x00, 0x00, 
	0x00, 0x00, 0x00, 0x00, 0x00, 0x00, 0x00, 0x00, 0x00, 0x00, 0x00, 0x00, 0x00, 0x00, 0x00, 0x00, 
	0x00, 0x00, 0x09, 0xCD, 0x09, 0xCD, 0x09, 0xCD, 0x09, 0xCD, 0x09, 0xCD, 0x09, 0xCD, 0x09, 0xCD, 
	0x09, 0xCD, 0x09, 0xCD, 0x09, 0xCD, 0x09, 0xCD, 0x09, 0xCD, 0x09, 0xCD, 0x09, 0xCD, 0x09, 0xCD, 
	0x09, 0xCD, 0x09, 0xCD, 0x09, 0xCD, 0x09, 0xCD, 0x09, 0xCD, 0x09, 0xCD, 0x09, 0xCD, 0x09, 0xCD, 
	0x00, 0x00, 0x00, 0x00, 0x00, 0x00, 0x00, 0x00, 0x00, 0x00, 0x00, 0x00, 0x00, 0x00, 0x00, 0x00, 
	0x00, 0x00, 0x00, 0x00, 0x00, 0x00, 0x00, 0x00, 0x09, 0xCD, 0x09, 0xCD, 0x09, 0xCD, 0x09, 0xCD, 
	0x09, 0xCD, 0x09, 0xCD, 0x09, 0xCD, 0x09, 0xCD, 0x09, 0xCD, 0x09, 0xCD, 0x09, 0xCD, 0x09, 0xCD, 
	0x09, 0xCD, 0x09, 0xCD, 0x09, 0xCD, 0x09, 0xCD, 0x09, 0xCD, 0x09, 0xCD, 0x09, 0xCD, 0x00, 0x00, 
	0x00, 0x00, 0x00, 0x00, 0x00, 0x00, 0x00, 0x00, 0x00, 0x00, 0x00, 0x00, 0x00, 0x00, 0x00, 0x00, 
	0x00, 0x00, 0x00, 0x00, 0x00, 0x00, 0x00, 0x00, 0x00, 0x00, 0x00, 0x00, 0x00, 0x00, 0x00, 0x00, 
	0x00, 0x00, 0x00, 0x00, 0x09, 0xCD, 0x09, 0xCD, 0x09, 0xCD, 0x09, 0xCD, 0x09, 0xCD, 0x09, 0xCD, 
	0x09, 0xCD, 0x09, 0xCD, 0x09, 0xCD, 0x09, 0xCD, 0x09, 0xCD, 0x09, 0xCD, 0x09, 0xCD, 0x09, 0xCD, 
	0x09, 0xCD, 0x09, 0xCD, 0x09, 0xCD, 0x09, 0xCD, 0x09, 0xCD, 0x00, 0xC6, 0x00, 0x00, 0x00, 0x00, 
	0x00, 0x00, 0x00, 0x00, 0x00, 0x00, 0x00, 0x00, 0x00, 0x00, 0x00, 0x00, 0x00, 0x00, 0x00, 0x00, 
	0x00, 0x00, 0x00, 0x00, 0x00, 0x00, 0x00, 0x00, 0x00, 0x00, 0x00, 0x00, 0x00, 0x00, 0x00, 0x00, 
	0x25, 0xBA, 0x25, 0xBA, 0x25, 0xBA, 0x25, 0xBA, 0x25, 0xBA, 0x25, 0xBA, 0x25, 0xBA, 0x25, 0xBA, 
	0x25, 0xBA, 0x25, 0xBA, 0x25, 0xBA, 0x25, 0xBA, 0x09, 0xC8, 0x00, 0x00, 0x00, 0x00, 0x00, 0x00, 
	0x00, 0x00, 0x00, 0x00, 0x00, 0x00, 0x00, 0x00, 0x00, 0x00, 0x00, 0x00, 0x00, 0x00, 0x00, 0x00, 
	0x00, 0x00, 0x00, 0x00, 0x00, 0x00, 0x00, 0x00, 0x00, 0x00, 0x00, 0x00, 0x00, 0x00, 0x00, 0x00, 
	0x00, 0x00, 0x00, 0x00, 0x25, 0xBA, 0x25, 0xBA, 0x25, 0xBA, 0x25, 0xBA, 0x25, 0xBA, 0x25, 0xBA, 
	0x25, 0xBA, 0x25, 0xBA, 0x25, 0xBA, 0x25, 0xBA, 0x25, 0xBA, 0x25, 0xBA, 0x00, 0x00, 0x00, 0x00, 
	0x00, 0x00, 0x00, 0x00, 0x00, 0x00, 0x00, 0x00, 0x00, 0x00, 0x00, 0x00, 0x00, 0x00, 0x00, 0x00, 
	0x00, 0x00, 0x00, 0x00, 0x00, 0x00, 0x12, 0xCD, 0x25, 0xBA, 0x25, 0xBA, 0x25, 0xBA, 0x25, 0xBA, 
	0x25, 0xBA, 0x25, 0xBA, 0x25, 0xBA, 0x25, 0xBA, 0x25, 0xBA, 0x25, 0xBA, 0x25, 0xBA, 0x00, 0x00, 
	0x00, 0x00, 0x00, 0x00, 0x00, 0x00, 0x00, 0x00, 0x00, 0x00, 0x00, 0x00, 0x00, 0x00, 0x00, 0x00, 
	0x00, 0x00, 0x00, 0x00, 0x25, 0xBA, 0x25, 0xBA, 0x25, 0xBA, 0x25, 0xBA, 0x25, 0xBA, 0x25, 0xBA, 
	0x25, 0xBA, 0x25, 0xBA, 0x25, 0xBA, 0x25, 0xBA, 0x25, 0xBA, 0x25, 0xBA, 0x25, 0xBA, 0x00, 0x00, 
	0x00, 0x00, 0x00, 0x00, 0x00, 0x00, 0x00, 0x00, 0x00, 0x00, 0x00, 0x00, 0x00, 0x00, 0x00, 0x00, 
	0x00, 0x00, 0x00, 0x00, 0x00, 0x00, 0x00, 0x00, 0x00, 0x00, 0x00, 0x00, 0x00, 0x00, 0x00, 0x00, 
	0x00, 0x00, 0x00, 0x00, 0x25, 0xBA, 0x25, 0xBA, 0x25, 0xBA, 0x25, 0xBA, 0x25, 0xBA, 0x25, 0xBA, 
	0x25, 0xBA, 0x25, 0xBA, 0x25, 0xBA, 0x25, 0xBA, 0x13, 0x2F, 0x00, 0x00, 0x00, 0x00, 0x00, 0x00, 
	0x00, 0x00, 0x00, 0x00, 0x00, 0x00, 0x00, 0x00, 0x00, 0x00, 0x00, 0x00, 0x00, 0x00, 0x00, 0x00, 
	0x00, 0x00, 0x00, 0x00, 0x00, 0x00, 0x00, 0x00, 0x00, 0x00, 0x25, 0xBA, 0x25, 0xBA, 0x25, 0xBA, 
	0x25, 0xBA, 0x25, 0xBA, 0x25, 0xBA, 0x25, 0xBA, 0x25, 0xBA, 0x25, 0xBA, 0x25, 0xBA, 0x25, 0xBA, 
	0x00, 0x00, 0x00, 0x00, 0x00, 0x00, 0x00, 0x00, 0x00, 0x00, 0x00, 0x00, 0x00, 0x00, 0x00, 0x00, 
	0x00, 0x00, 0x09, 0xCD, 0x09, 0xCD, 0x09, 0xCD, 0x09, 0xCD, 0x09, 0xCD, 0x09, 0xCD, 0x09, 0xCD, 
	0x09, 0xCD, 0x09, 0xCD, 0x09, 0xCD, 0x09, 0xCD, 0x09, 0xCD, 0x09, 0xCD, 0x09, 0xCD, 0x09, 0xCD, 
	0x09, 0xCD, 0x09, 0xCD, 0x09, 0xCD, 0x09, 0xCD, 0x09, 0xCD, 0x09, 0xCD, 0x09, 0xCD, 0x09, 0xCD, 
	0x09, 0xCD, 0x09, 0xCD, 0x09, 0xAC, 0x00, 0x00, 0x00, 0x00, 0x00, 0x00, 0x00, 0x00, 0x00, 0x00, 
	0x00, 0x00, 0x00, 0x00, 0x00, 0x00, 0x00, 0x00, 0x00, 0x00, 0x00, 0x00, 0x00, 0x00, 0x00, 0x00, 
	0x00, 0x00, 0x00, 0x00, 0x00, 0x00, 0x00, 0x00, 0x00, 0x00, 0x00, 0x00, 0x00, 0x00, 0x09, 0xCD, 
	0x09, 0xCD, 0x09, 0xCD, 0x09, 0xCD, 0x09, 0xCD, 0x09, 0xCD, 0x09, 0xCD, 0x09, 0xCD, 0x09, 0xCD, 
	0x09, 0xCD, 0x09, 0xCD, 0x09, 0xCD, 0x09, 0xCD, 0x09, 0xCD, 0x09, 0xCD, 0x09, 0xCD, 0x09, 0xCD, 
	0x09, 0xCD, 0x09, 0xCD, 0x09, 0xCD, 0x09, 0xCD, 0x09, 0xCD, 0x09, 0xCD, 0x09, 0xCD, 0x00, 0x00, 
	0x00, 0x00, 0x00, 0x00, 0x00, 0x00, 0x00, 0x00, 0x00, 0x00, 0x00, 0x00, 0x00, 0x00, 0x00, 0x00, 
	0x00, 0x00, 0x00, 0x00, 0x00, 0x00, 0x00, 0x00, 0x09, 0xCD, 0x09, 0xCD, 0x09, 0xCD, 0x09, 0xCD, 
	0x09, 0xCD, 0x09, 0xCD, 0x09, 0xCD, 0x09, 0xCD, 0x09, 0xCD, 0x09, 0xCD, 0x09, 0xCD, 0x09, 0xCD, 
	0x09, 0xCD, 0x09, 0xCD, 0x09, 0xCD, 0x09, 0xCD, 0x09, 0xCD, 0x09, 0xCD, 0x09, 0xCD, 0x09, 0xCD, 
	0x00, 0x00, 0x00, 0x00, 0x00, 0x00, 0x00, 0x00, 0x00, 0x00, 0x00, 0x00, 0x00, 0x00, 0x00, 0x00, 
	0x00, 0x00, 0x00, 0x00, 0x00, 0x00, 0x00, 0x00, 0x00, 0x00, 0x00, 0x00, 0x00, 0x00, 0x00, 0x00, 
	0x00, 0x00, 0x09, 0xAC, 0x09, 0xCD, 0x09, 0xCD, 0x09, 0xCD, 0x09, 0xCD, 0x09, 0xCD, 0x09, 0xCD, 
	0x09, 0xCD, 0x09, 0xCD, 0x09, 0xCD, 0x09, 0xCD, 0x09, 0xCD, 0x09, 0xCD, 0x09, 0xCD, 0x09, 0xCD, 
	0x09, 0xCD, 0x09, 0xCD, 0x09, 0xCD, 0x09, 0xCD, 0x09, 0xCD, 0x00, 0x00, 0x00, 0x00, 0x00, 0x00, 
	0x00, 0x00, 0x00, 0x00, 0x00, 0x00, 0x00, 0x00, 0x00, 0x00, 0x00, 0x00, 0x00, 0x00, 0x00, 0x00, 
	0x00, 0x00, 0x00, 0x00, 0x00, 0x00, 0x00, 0x00, 0x00, 0x00, 0x00, 0x00, 0x00, 0x00, 0x25, 0xBA, 
	0x25, 0xBA, 0x25, 0xBA, 0x25, 0xBA, 0x25, 0xBA, 0x25, 0xBA, 0x25, 0xBA, 0x25, 0xBA, 0x25, 0xBA, 
	0x25, 0xBA, 0x25, 0xBA, 0x25, 0xBA, 0x13, 0x90, 0x00, 0x00, 0x00, 0x00, 0x00, 0x00, 0x00, 0x00, 
	0x00, 0x00, 0x00, 0x00, 0x00, 0x00, 0x00, 0x00, 0x00, 0x00, 0x00, 0x00, 0x00, 0x00, 0x00, 0x00, 
	0x00, 0x00, 0x00, 0x00, 0x00, 0x00, 0x00, 0x00, 0x00, 0x00, 0x00, 0x00, 0x00, 0x00, 0x00, 0x00, 
	0x00, 0x00, 0x00, 0x00, 0x1C, 0xF7, 0x25, 0xBA, 0x25, 0xBA, 0x25, 0xBA, 0x25, 0xBA, 0x25, 0xBA, 
	0x25, 0xBA, 0x25, 0xBA, 0x25, 0xBA, 0x25, 0xBA, 0x25, 0xBA, 0x25, 0xBA, 0x00, 0x00, 0x00, 0x00, 
	0x00, 0x00, 0x00, 0x00, 0x00, 0x00, 0x00, 0x00, 0x00, 0x00, 0x00, 0x00, 0x00, 0x00, 0x00, 0x00, 
	0x00, 0x00, 0x00, 0x00, 0x00, 0x00, 0x25, 0xBA, 0x25, 0xBA, 0x25, 0xBA, 0x25, 0xBA, 0x25, 0xBA, 
	0x25, 0xBA, 0x25, 0xBA, 0x25, 0xBA, 0x25, 0xBA, 0x25, 0xBA, 0x25, 0xBA, 0x25, 0xBA, 0x00, 0x00, 
	0x00, 0x00, 0x00, 0x00, 0x00, 0x00, 0x00, 0x00, 0x00, 0x00, 0x00, 0x00, 0x00, 0x00, 0x00, 0x00, 
	0x00, 0x00, 0x01, 0x05, 0x25, 0xBA, 0x25, 0xBA, 0x25, 0xBA, 0x25, 0xBA, 0x25, 0xBA, 0x25, 0xBA, 
	0x25, 0xBA, 0x25, 0xBA, 0x25, 0xBA, 0x25, 0xBA, 0x25, 0xBA, 0x25, 0xBA, 0x00, 0x00, 0x00, 0x00, 
	0x00, 0x00, 0x00, 0x00, 0x00, 0x00, 0x00, 0x00, 0x00, 0x00, 0x00, 0x00, 0x00, 0x00, 0x00, 0x00, 
	0x00, 0x00, 0x00, 0x00, 0x00, 0x00, 0x00, 0x00, 0x00, 0x00, 0x00, 0x00, 0x00, 0x00, 0x00, 0x00, 
	0x00, 0x00, 0x00, 0x00, 0x25, 0xBA, 0x25, 0xBA, 0x25, 0xBA, 0x25, 0xBA, 0x25, 0xBA, 0x25, 0xBA, 
	0x25, 0xBA, 0x25, 0xBA, 0x25, 0xBA, 0x25, 0xBA, 0x25, 0xBA, 0x00, 0x00, 0x00, 0x00, 0x00, 0x00, 
	0x00, 0x00, 0x00, 0x00, 0x00, 0x00, 0x00, 0x00, 0x00, 0x00, 0x00, 0x00, 0x00, 0x00, 0x00, 0x00, 
	0x00, 0x00, 0x00, 0x00, 0x00, 0x00, 0x00, 0x00, 0x00, 0x00, 0x25, 0xBA, 0x25, 0xBA, 0x25, 0xBA, 
	0x25, 0xBA, 0x25, 0xBA, 0x25, 0xBA, 0x25, 0xBA, 0x25, 0xBA, 0x25, 0xBA, 0x25, 0xBA, 0x25, 0xBA, 
	0x00, 0x00, 0x00, 0x00, 0x00, 0x00, 0x00, 0x00, 0x00, 0x00, 0x00, 0x00, 0x00, 0x00, 0x00, 0x00, 
	0x00, 0x00, 0x09, 0xCD, 0x09, 0xCD, 0x09, 0xCD, 0x09, 0xCD, 0x09, 0xCD, 0x09, 0xCD, 0x09, 0xCD, 
	0x09, 0xCD, 0x09, 0xCD, 0x09, 0xCD, 0x09, 0xCD, 0x09, 0xCD, 0x09, 0xCD, 0x09, 0xCD, 0x09, 0xCD, 
	0x09, 0xCD, 0x09, 0xCD, 0x09, 0xCD, 0x09, 0xCD, 0x09, 0xCD, 0x09, 0xCD, 0x09, 0xCD, 0x09, 0xCD, 
	0x09, 0xCD, 0x09, 0xCD, 0x09, 0xCD, 0x09, 0xCD, 0x09, 0xCD, 0x00, 0x00, 0x00, 0x00, 0x00, 0x00, 
	0x00, 0x00, 0x00, 0x00, 0x00, 0x00, 0x00, 0x00, 0x00, 0x00, 0x00, 0x00, 0x00, 0x00, 0x00, 0x00, 
	0x00, 0x00, 0x00, 0x00, 0x00, 0x00, 0x00, 0x00, 0x00, 0x42, 0x09, 0xCD, 0x09, 0xCD, 0x09, 0xCD, 
	0x09, 0xCD, 0x09, 0xCD, 0x09, 0xCD, 0x09, 0xCD, 0x09, 0xCD, 0x09, 0xCD, 0x09, 0xCD, 0x09, 0xCD, 
	0x09, 0xCD, 0x09, 0xCD, 0x09, 0xCD, 0x09, 0xCD, 0x09, 0xCD, 0x09, 0xCD, 0x09, 0xCD, 0x09, 0xCD, 
	0x09, 0xCD, 0x09, 0xCD, 0x09, 0xCD, 0x09, 0xCD, 0x09, 0xCD, 0x09, 0xCD, 0x01, 0x29, 0x00, 0x00, 
	0x00, 0x00, 0x00, 0x00, 0x00, 0x00, 0x00, 0x00, 0x00, 0x00, 0x00, 0x00, 0x00, 0x00, 0x00, 0x00, 
	0x00, 0x00, 0x00, 0x00, 0x00, 0x00, 0x00, 0x00, 0x00, 0xA5, 0x09, 0xCD, 0x09, 0xCD, 0x09, 0xCD, 
	0x09, 0xCD, 0x09, 0xCD, 0x09, 0xCD, 0x09, 0xCD, 0x09, 0xCD, 0x09, 0xCD, 0x09, 0xCD, 0x09, 0xCD, 
	0x09, 0xCD, 0x09, 0xCD, 0x09, 0xCD, 0x09, 0xCD, 0x09, 0xCD, 0x09, 0xCD, 0x09, 0xCD, 0x09, 0xCD, 
	0x09, 0xCD, 0x00, 0x00, 0x00, 0x00, 0x00, 0x00, 0x00, 0x00, 0x00, 0x00, 0x00, 0x00, 0x00, 0x00, 
	0x00, 0x00, 0x00, 0x00, 0x00, 0x00, 0x00, 0x00, 0x00, 0x00, 0x00, 0x00, 0x00, 0x00, 0x00, 0x00, 
	0x09, 0xAC, 0x09, 0xCD, 0x09, 0xCD, 0x09, 0xCD, 0x09, 0xCD, 0x09, 0xCD, 0x09, 0xCD, 0x09, 0xCD, 
	0x09, 0xCD, 0x09, 0xCD, 0x09, 0xCD, 0x09, 0xCD, 0x09, 0xCD, 0x09, 0xCD, 0x09, 0xCD, 0x09, 0xCD, 
	0x09, 0xCD, 0x09, 0xCD, 0x09, 0xCD, 0x09, 0xCD, 0x09, 0xCD, 0x00, 0x00, 0x00, 0x00, 0x00, 0x00, 
	0x00, 0x00, 0x00, 0x00, 0x00, 0x00, 0x00, 0x00, 0x00, 0x00, 0x00, 0x00, 0x00, 0x00, 0x00, 0x00, 
	0x00, 0x00, 0x00, 0x00, 0x00, 0x00, 0x00, 0x00, 0x00, 0x00, 0x00, 0x00, 0x25, 0xBA, 0x25, 0xBA, 
	0x25, 0xBA, 0x25, 0xBA, 0x25, 0xBA, 0x25, 0xBA, 0x25, 0xBA, 0x25, 0xBA, 0x25, 0xBA, 0x25, 0xBA, 
	0x25, 0xBA, 0x25, 0xBA, 0x25, 0xBA, 0x00, 0x00, 0x00, 0x00, 0x00, 0x00, 0x00, 0x00, 0x00, 0x00, 
	0x00, 0x00, 0x00, 0x00, 0x00, 0x00, 0x00, 0x00, 0x00, 0x00, 0x00, 0x00, 0x00, 0x00, 0x00, 0x00, 
	0x00, 0x00, 0x00, 0x00, 0x00, 0x00, 0x00, 0x00, 0x00, 0x00, 0x00, 0x00, 0x00, 0x00, 0x00, 0x00, 
	0x00, 0x00, 0x00, 0x00, 0x00, 0x00, 0x25, 0xBA, 0x25, 0xBA, 0x25, 0xBA, 0x25, 0xBA, 0x25, 0xBA, 
	0x25, 0xBA, 0x25, 0xBA, 0x25, 0xBA, 0x25, 0xBA, 0x25, 0xBA, 0x25, 0xBA, 0x25, 0xBA, 0x00, 0x00, 
	0x00, 0x00, 0x00, 0x00, 0x00, 0x00, 0x00, 0x00, 0x00, 0x00, 0x00, 0x00, 0x00, 0x00, 0x00, 0x00, 
	0x00, 0x00, 0x00, 0x00, 0x09, 0x66, 0x25, 0xBA, 0x25, 0xBA, 0x25, 0xBA, 0x25, 0xBA, 0x25, 0xBA, 
	0x25, 0xBA, 0x25, 0xBA, 0x25, 0xBA, 0x25, 0xBA, 0x25, 0xBA, 0x25, 0xBA, 0x00, 0x41, 0x00, 0x00, 
	0x00, 0x00, 0x00, 0x00, 0x00, 0x00, 0x00, 0x00, 0x00, 0x00, 0x00, 0x00, 0x00, 0x00, 0x00, 0x00, 
	0x00, 0x41, 0x25, 0xBA, 0x25, 0xBA, 0x25, 0xBA, 0x25, 0xBA, 0x25, 0xBA, 0x25, 0xBA, 0x25, 0xBA, 
	0x25, 0xBA, 0x25, 0xBA, 0x25, 0xBA, 0x25, 0xBA, 0x25, 0xBA, 0x00, 0x41, 0x00, 0x00, 0x00, 0x00, 
	0x00, 0x00, 0x00, 0x00, 0x00, 0x00, 0x00, 0x00, 0x00, 0x00, 0x00, 0x00, 0x00, 0x00, 0x00, 0x00, 
	0x00, 0x00, 0x00, 0x00, 0x00, 0x00, 0x00, 0x00, 0x00, 0x00, 0x00, 0x00, 0x00, 0x00, 0x00, 0x00, 
	0x00, 0x00, 0x00, 0x00, 0x13, 0xF2, 0x25, 0xBA, 0x25, 0xBA, 0x25, 0xBA, 0x25, 0xBA, 0x25, 0xBA, 
	0x25, 0xBA, 0x25, 0xBA, 0x25, 0xBA, 0x25, 0xBA, 0x25, 0xBA, 0x00, 0x00, 0x00, 0x00, 0x00, 0x00, 
	0x00, 0x00, 0x00, 0x00, 0x00, 0x00, 0x00, 0x00, 0x00, 0x00, 0x00, 0x00, 0x00, 0x00, 0x00, 0x00, 
	0x00, 0x00, 0x00, 0x00, 0x00, 0x00, 0x00, 0x00, 0x1D, 0x59, 0x25, 0xBA, 0x25, 0xBA, 0x25, 0xBA, 
	0x25, 0xBA, 0x25, 0xBA, 0x25, 0xBA, 0x25, 0xBA, 0x25, 0xBA, 0x25, 0xBA, 0x25, 0xBA, 0x0A, 0x8B, 
	0x00, 0x00, 0x00, 0x00, 0x00, 0x00, 0x00, 0x00, 0x00, 0x00, 0x00, 0x00, 0x00, 0x00, 0x00, 0x00, 
	0x00, 0x00, 0x00, 0x00, 0x09, 0xCD, 0x09, 0xCD, 0x09, 0xCD, 0x09, 0xCD, 0x09, 0xCD, 0x09, 0xCD, 
	0x09, 0xCD, 0x09, 0xCD, 0x09, 0xCD, 0x09, 0xCD, 0x09, 0xCD, 0x09, 0xCD, 0x09, 0xCD, 0x09, 0xCD, 
	0x09, 0xCD, 0x09, 0xCD, 0x09, 0xCD, 0x09, 0xCD, 0x09, 0xCD, 0x09, 0xCD, 0x09, 0xCD, 0x09, 0xCD, 
	0x09, 0xCD, 0x09, 0xCD, 0x09, 0xCD, 0x09, 0xCD, 0x09, 0xCD, 0x09, 0xCD, 0x09, 0xCD, 0x09, 0xCD, 
	0x00, 0xC6, 0x00, 0x00, 0x00, 0x00, 0x00, 0x00, 0x00, 0x00, 0x00, 0x00, 0x00, 0x00, 0x00, 0x00, 
	0x00, 0x00, 0x00, 0x84, 0x09, 0xCD, 0x09, 0xCD, 0x09, 0xCD, 0x09, 0xCD, 0x09, 0xCD, 0x09, 0xCD, 
	0x09, 0xCD, 0x09, 0xCD, 0x09, 0xCD, 0x09, 0xCD, 0x09, 0xCD, 0x09, 0xCD, 0x09, 0xCD, 0x09, 0xCD, 
	0x09, 0xCD, 0x09, 0xCD, 0x09, 0xCD, 0x09, 0xCD, 0x09, 0xCD, 0x09, 0xCD, 0x09, 0xCD, 0x09, 0xCD, 
	0x09, 0xCD, 0x09, 0xCD, 0x09, 0xCD, 0x09, 0xCD, 0x09, 0xCD, 0x09, 0xCD, 0x00, 0x00, 0x00, 0x00, 
	0x00, 0x00, 0x00, 0x00, 0x00, 0x00, 0x00, 0x00, 0x00, 0x00, 0x00, 0x00, 0x00, 0x00, 0x00, 0x00, 
	0x00, 0x00, 0x00, 0x00, 0x00, 0x00, 0x00, 0x00, 0x00, 0x00, 0x09, 0xCD, 0x09, 0xCD, 0x09, 0xCD, 
	0x09, 0xCD, 0x09, 0xCD, 0x09, 0xCD, 0x09, 0xCD, 0x09, 0xCD, 0x09, 0xCD, 0x09, 0xCD, 0x09, 0xCD, 
	0x09, 0xCD, 0x09, 0xCD, 0x09, 0xCD, 0x09, 0xCD, 0x09, 0xCD, 0x09, 0xCD, 0x09, 0xCD, 0x09, 0xCD, 
	0x09, 0xCD, 0x09, 0xCD, 0x00, 0xA5, 0x00, 0x00, 0x00, 0x00, 0x00, 0x00, 0x00, 0x00, 0x00, 0x00, 
	0x00, 0x00, 0x00, 0x00, 0x00, 0x00, 0x00, 0x00, 0x00, 0x00, 0x00, 0x00, 0x00, 0x63, 0x09, 0xCD, 
	0x09, 0xCD, 0x09, 0xCD, 0x09, 0xCD, 0x09, 0xCD, 0x09, 0xCD, 0x09, 0xCD, 0x09, 0xCD, 0x09, 0xCD, 
	0x09, 0xCD, 0x09, 0xCD, 0x09, 0xCD, 0x09, 0xCD, 0x09, 0xCD, 0x09, 0xCD, 0x09, 0xCD, 0x09, 0xCD, 
	0x09, 0xCD, 0x09, 0xCD, 0x09, 0xCD, 0x09, 0xCD, 0x00, 0xE6, 0x00, 0x00, 0x00, 0x00, 0x00, 0x00, 
	0x00, 0x00, 0x00, 0x00, 0x00, 0x00, 0x00, 0x00, 0x00, 0x00, 0x00, 0x00, 0x00, 0x00, 0x00, 0x00, 
	0x00, 0x00, 0x00, 0x00, 0x00, 0x00, 0x00, 0x00, 0x00, 0x00, 0x0A, 0x2A, 0x25, 0xBA, 0x25, 0xBA, 
	0x25, 0xBA, 0x25, 0xBA, 0x25, 0xBA, 0x25, 0xBA, 0x25, 0xBA, 0x25, 0xBA, 0x25, 0xBA, 0x25, 0xBA, 
	0x25, 0xBA, 0x25, 0xBA, 0x00, 0x00, 0x00, 0x00, 0x00, 0x00, 0x00, 0x00, 0x00, 0x00, 0x00, 0x00, 
	0x00, 0x00, 0x00, 0x00, 0x00, 0x00, 0x00, 0x00, 0x00, 0x00, 0x00, 0x00, 0x00, 0x00, 0x00, 0x00, 
	0x00, 0x00, 0x00, 0x00, 0x00, 0x00, 0x00, 0x00, 0x00, 0x00, 0x00, 0x00, 0x00, 0x00, 0x00, 0x00, 
	0x00, 0x00, 0x00, 0x00, 0x00, 0x00, 0x25, 0xBA, 0x25, 0xBA, 0x25, 0xBA, 0x25, 0xBA, 0x25, 0xBA, 
	0x25, 0xBA, 0x25, 0xBA, 0x25, 0xBA, 0x25, 0xBA, 0x25, 0xBA, 0x25, 0xBA, 0x25, 0xBA, 0x01, 0x05, 
	0x00, 0x00, 0x00, 0x00, 0x00, 0x00, 0x00, 0x00, 0x00, 0x00, 0x00, 0x00, 0x00, 0x00, 0x00, 0x00, 
	0x00, 0x00, 0x00, 0x41, 0x25, 0xBA, 0x25, 0xBA, 0x25, 0xBA, 0x25, 0xBA, 0x25, 0xBA, 0x25, 0xBA, 
	0x25, 0xBA, 0x25, 0xBA, 0x25, 0xBA, 0x25, 0xBA, 0x25, 0xBA, 0x25, 0xBA, 0x00, 0x00, 0x00, 0x00, 
	0x00, 0x00, 0x00, 0x00, 0x00, 0x00, 0x00, 0x00, 0x00, 0x00, 0x00, 0x00, 0x00, 0x00, 0x00, 0x00, 
	0x25, 0xBA, 0x25, 0xBA, 0x25, 0xBA, 0x25, 0xBA, 0x25, 0xBA, 0x25, 0xBA, 0x25, 0xBA, 0x25, 0xBA, 
	0x25, 0xBA, 0x25, 0xBA, 0x25, 0xBA, 0x25, 0xBA, 0x1D, 0x59, 0x00, 0x00, 0x00, 0x00, 0x00, 0x00, 
	0x00, 0x00, 0x00, 0x00, 0x00, 0x00, 0x00, 0x00, 0x00, 0x00, 0x00, 0x00, 0x00, 0x00, 0x00, 0x00, 
	0x00, 0x00, 0x00, 0x00, 0x00, 0x00, 0x00, 0x00, 0x00, 0x00, 0x00, 0x00, 0x00, 0x00, 0x00, 0x00, 
	0x00, 0x00, 0x00, 0x00, 0x00, 0x00, 0x25, 0xBA, 0x25, 0xBA, 0x25, 0xBA, 0x25, 0xBA, 0x25, 0xBA, 
	0x25, 0xBA, 0x25, 0xBA, 0x25, 0xBA, 0x25, 0xBA, 0x25, 0xBA, 0x25, 0xBA, 0x00, 0x00, 0x00, 0x00, 
	0x00, 0x00, 0x00, 0x00, 0x00, 0x00, 0x00, 0x00, 0x00, 0x00, 0x00, 0x00, 0x00, 0x00, 0x00, 0x00, 
	0x00, 0x00, 0x00, 0x00, 0x00, 0x00, 0x00, 0x00, 0x25, 0xBA, 0x25, 0xBA, 0x25, 0xBA, 0x25, 0xBA, 
	0x25, 0xBA, 0x25, 0xBA, 0x25, 0xBA, 0x25, 0xBA, 0x25, 0xBA, 0x25, 0xBA, 0x25, 0xBA, 0x00, 0x00, 
	0x00, 0x00, 0x00, 0x00, 0x00, 0x00, 0x00, 0x00, 0x00, 0x00, 0x00, 0x00, 0x00, 0x00, 0x00, 0x00, 
	0x00, 0x00, 0x00, 0x00, 0x00, 0x00, 0x09, 0xCD, 0x09, 0xCD, 0x09, 0xCD, 0x09, 0xCD, 0x09, 0xCD, 
	0x09, 0xCD, 0x09, 0xCD, 0x09, 0xCD, 0x09, 0xCD, 0x09, 0xCD, 0x09, 0xCD, 0x09, 0xCD, 0x09, 0xCD, 
	0x09, 0xCD, 0x09, 0xCD, 0x09, 0xCD, 0x09, 0xCD, 0x09, 0xCD, 0x09, 0xCD, 0x09, 0xCD, 0x09, 0xCD, 
	0x09, 0xCD, 0x09, 0xCD, 0x09, 0xCD, 0x09, 0xCD, 0x09, 0xCD, 0x09, 0xCD, 0x09, 0xCD, 0x09, 0xCD, 
	0x09, 0xCD, 0x09, 0xCD, 0x09, 0xCD, 0x09, 0xCD, 0x09, 0xCD, 0x09, 0xCD, 0x09, 0xCD, 0x09, 0xCD, 
	0x09, 0xCD, 0x09, 0xCD, 0x09, 0xCD, 0x09, 0xCD, 0x09, 0xCD, 0x09, 0xCD, 0x09, 0xCD, 0x09, 0xCD, 
	0x09, 0xCD, 0x09, 0xCD, 0x09, 0xCD, 0x09, 0xCD, 0x09, 0xCD, 0x09, 0xCD, 0x09, 0xCD, 0x09, 0xCD, 
	0x09, 0xCD, 0x09, 0xCD, 0x09, 0xCD, 0x09, 0xCD, 0x09, 0xCD, 0x09, 0xCD, 0x09, 0xCD, 0x09, 0xCD, 
	0x09, 0xCD, 0x09, 0xCD, 0x09, 0xCD, 0x09, 0xCD, 0x09, 0xCD, 0x00, 0x00, 0x00, 0x00, 0x00, 0x00, 
	0x00, 0x00, 0x00, 0x00, 0x00, 0x00, 0x00, 0x00, 0x00, 0x00, 0x00, 0x00, 0x00, 0x00, 0x00, 0x00, 
	0x00, 0x00, 0x00, 0x00, 0x00, 0x00, 0x00, 0x00, 0x00, 0x00, 0x09, 0x8B, 0x09, 0xCD, 0x09, 0xCD, 
	0x09, 0xCD, 0x09, 0xCD, 0x09, 0xCD, 0x09, 0xCD, 0x09, 0xCD, 0x09, 0xCD, 0x09, 0xCD, 0x09, 0xCD, 
	0x09, 0xCD, 0x09, 0xCD, 0x09, 0xCD, 0x09, 0xCD, 0x09, 0xCD, 0x09, 0xCD, 0x09, 0xCD, 0x09, 0xCD, 
	0x09, 0xCD, 0x09, 0xCD, 0x09, 0xCD, 0x09, 0xCD, 0x09, 0xCD, 0x09, 0x6B, 0x00, 0x63, 0x00, 0x00, 
	0x00, 0x00, 0x00, 0x00, 0x00, 0x00, 0x09, 0x4A, 0x09, 0xCD, 0x09, 0xCD, 0x09, 0xCD, 0x09, 0xCD, 
	0x09, 0xCD, 0x09, 0xCD, 0x09, 0xCD, 0x09, 0xCD, 0x09, 0xCD, 0x09, 0xCD, 0x09, 0xCD, 0x09, 0xCD, 
	0x09, 0xCD, 0x09, 0xCD, 0x09, 0xCD, 0x09, 0xCD, 0x09, 0xCD, 0x09, 0xCD, 0x09, 0xCD, 0x09, 0xCD, 
	0x09, 0xCD, 0x09, 0xCD, 0x09, 0xCD, 0x09, 0xCD, 0x00, 0x00, 0x00, 0x00, 0x00, 0x00, 0x00, 0x00, 
	0x00, 0x00, 0x00, 0x00, 0x00, 0x00, 0x00, 0x00, 0x00, 0x00, 0x00, 0x00, 0x00, 0x00, 0x00, 0x00, 
	0x00, 0x00, 0x00, 0x00, 0x00, 0x00, 0x00, 0x00, 0x00, 0x41, 0x25, 0xBA, 0x25, 0xBA, 0x25, 0xBA, 
	0x25, 0xBA, 0x25, 0xBA, 0x25, 0xBA, 0x25, 0xBA, 0x25, 0xBA, 0x25, 0xBA, 0x25, 0xBA, 0x25, 0xBA, 
	0x25, 0xBA, 0x00, 0x41, 0x00, 0x00, 0x00, 0x00, 0x00, 0x00, 0x00, 0x00, 0x00, 0x00, 0x00, 0x00, 
	0x00, 0x00, 0x00, 0x00, 0x00, 0x00, 0x00, 0x00, 0x00, 0x00, 0x00, 0x00, 0x00, 0x00, 0x00, 0x00, 
	0x00, 0x00, 0x00, 0x00, 0x00, 0x00, 0x00, 0x00, 0x00, 0x00, 0x00, 0x00, 0x00, 0x00, 0x00, 0x00, 
	0x00, 0x00, 0x00, 0x00, 0x00, 0x00, 0x00, 0x00, 0x25, 0xBA, 0x25, 0xBA, 0x25, 0xBA, 0x25, 0xBA, 
	0x25, 0xBA, 0x25, 0xBA, 0x25, 0xBA, 0x25, 0xBA, 0x25, 0xBA, 0x25, 0xBA, 0x25, 0xBA, 0x25, 0xBA, 
	0x25, 0xBA, 0x00, 0x00, 0x00, 0x00, 0x00, 0x00, 0x00, 0x00, 0x00, 0x00, 0x00, 0x00, 0x00, 0x00, 
	0x0A, 0x2A, 0x25, 0xBA, 0x25, 0xBA, 0x25, 0xBA, 0x25, 0xBA, 0x25, 0xBA, 0x25, 0xBA, 0x25, 0xBA, 
	0x25, 0xBA, 0x25, 0xBA, 0x25, 0xBA, 0x25, 0xBA, 0x25, 0xBA, 0x1C, 0xF7, 0x00, 0x00, 0x00, 0x00, 
	0x00, 0x00, 0x00, 0x00, 0x00, 0x00, 0x00, 0x00, 0x00, 0x00, 0x00, 0x00, 0x00, 0x00, 0x25, 0xBA, 
	0x25, 0xBA, 0x25, 0xBA, 0x25, 0xBA, 0x25, 0xBA, 0x25, 0xBA, 0x25, 0xBA, 0x25, 0xBA, 0x25, 0xBA, 
	0x25, 0xBA, 0x25, 0xBA, 0x25, 0xBA, 0x25, 0xBA, 0x00, 0x00, 0x00, 0x00, 0x00, 0x00, 0x00, 0x00, 
	0x00, 0x00, 0x00, 0x00, 0x00, 0x00, 0x00, 0x00, 0x00, 0x00, 0x00, 0x00, 0x00, 0x00, 0x00, 0x00, 
	0x00, 0x00, 0x00, 0x00, 0x00, 0x00, 0x00, 0x00, 0x00, 0x00, 0x00, 0x00, 0x00, 0x00, 0x00, 0x00, 
	0x00, 0x00, 0x00, 0x00, 0x00, 0x00, 0x25, 0xBA, 0x25, 0xBA, 0x25, 0xBA, 0x25, 0xBA, 0x25, 0xBA, 
	0x25, 0xBA, 0x25, 0xBA, 0x25, 0xBA, 0x25, 0xBA, 0x25, 0xBA, 0x25, 0xBA, 0x25, 0xBA, 0x00, 0x00, 
	0x00, 0x00, 0x00, 0x00, 0x00, 0x00, 0x00, 0x00, 0x00, 0x00, 0x00, 0x00, 0x00, 0x00, 0x00, 0x00, 
	0x00, 0x00, 0x00, 0x00, 0x09, 0x66, 0x25, 0xBA, 0x25, 0xBA, 0x25, 0xBA, 0x25, 0xBA, 0x25, 0xBA, 
	0x25, 0xBA, 0x25, 0xBA, 0x25, 0xBA, 0x25, 0xBA, 0x25, 0xBA, 0x25, 0xBA, 0x25, 0xBA, 0x00, 0x00, 
	0x00, 0x00, 0x00, 0x00, 0x00, 0x00, 0x00, 0x00, 0x00, 0x00, 0x00, 0x00, 0x00, 0x00, 0x00, 0x00, 
	0x00, 0x00, 0x00, 0x00, 0x00, 0x00, 0x00, 0x63, 0x09, 0xCD, 0x09, 0xCD, 0x09, 0xCD, 0x09, 0xCD, 
	0x09, 0xCD, 0x09, 0xCD, 0x09, 0xCD, 0x09, 0xCD, 0x09, 0xCD, 0x09, 0xCD, 0x09, 0xCD, 0x09, 0xCD, 
	0x09, 0xCD, 0x09, 0xCD, 0x09, 0xCD, 0x09, 0xCD, 0x09, 0xCD, 0x09, 0xCD, 0x09, 0xCD, 0x09, 0xCD, 
	0x09, 0xCD, 0x09, 0xCD, 0x09, 0xCD, 0x09, 0xCD, 0x09, 0xCD, 0x09, 0xCD, 0x09, 0xCD, 0x09, 0xCD, 
	0x09, 0xCD, 0x09, 0xCD, 0x09, 0xCD, 0x09, 0xCD, 0x09, 0xCD, 0x09, 0xCD, 0x09, 0xCD, 0x09, 0xCD, 
	0x09, 0xCD, 0x09, 0xCD, 0x09, 0xCD, 0x09, 0xCD, 0x09, 0xCD, 0x09, 0xCD, 0x09, 0xCD, 0x09, 0xCD, 
	0x09, 0xCD, 0x09, 0xCD, 0x09, 0xCD, 0x09, 0xCD, 0x09, 0xCD, 0x09, 0xCD, 0x09, 0xCD, 0x09, 0xCD, 
	0x09, 0xCD, 0x09, 0xCD, 0x09, 0xCD, 0x09, 0xCD, 0x09, 0xCD, 0x09, 0xCD, 0x09, 0xCD, 0x09, 0xCD, 
	0x09, 0xCD, 0x09, 0xCD, 0x09, 0xCD, 0x09, 0xCD, 0x09, 0xAC, 0x00, 0x00, 0x00, 0x00, 0x00, 0x00, 
	0x00, 0x00, 0x00, 0x00, 0x00, 0x00, 0x00, 0x00, 0x00, 0x00, 0x00, 0x00, 0x00, 0x00, 0x00, 0x00, 
	0x00, 0x00, 0x00, 0x00, 0x00, 0x00, 0x00, 0x00, 0x00, 0x00, 0x00, 0x00, 0x09, 0xCD, 0x09, 0xCD, 
	0x09, 0xCD, 0x09, 0xCD, 0x09, 0xCD, 0x09, 0xCD, 0x09, 0xCD, 0x09, 0xCD, 0x09, 0xCD, 0x09, 0xCD, 
	0x09, 0xCD, 0x09, 0xCD, 0x09, 0xCD, 0x09, 0xCD, 0x09, 0xCD, 0x09, 0xCD, 0x09, 0xCD, 0x09, 0xCD, 
	0x09, 0xCD, 0x09, 0xCD, 0x09, 0xCD, 0x09, 0xCD, 0x09, 0xCD, 0x09, 0xCD, 0x09, 0xCD, 0x09, 0xCD, 
	0x09, 0xCD, 0x09, 0xCD, 0x09, 0xCD, 0x09, 0xCD, 0x09, 0xCD, 0x09, 0xCD, 0x09, 0xCD, 0x09, 0xCD, 
	0x09, 0xCD, 0x09, 0xCD, 0x09, 0xCD, 0x09, 0xCD, 0x09, 0xCD, 0x09, 0xCD, 0x09, 0xCD, 0x09, 0xCD, 
	0x09, 0xCD, 0x09, 0xCD, 0x09, 0xCD, 0x09, 0xCD, 0x09, 0xCD, 0x09, 0xCD, 0x09, 0xCD, 0x09, 0xCD, 
	0x09, 0xCD, 0x09, 0xCD, 0x09, 0xCD, 0x09, 0x4A, 0x00, 0x00, 0x00, 0x00, 0x00, 0x00, 0x00, 0x00, 
	0x00, 0x00, 0x00, 0x00, 0x00, 0x00, 0x00, 0x00, 0x00, 0x00, 0x00, 0x00, 0x00, 0x00, 0x00, 0x00, 
	0x00, 0x00, 0x00, 0x00, 0x00, 0x00, 0x00, 0x00, 0x25, 0xBA, 0x25, 0xBA, 0x25, 0xBA, 0x25, 0xBA, 
	0x25, 0xBA, 0x25, 0xBA, 0x25, 0xBA, 0x25, 0xBA, 0x25, 0xBA, 0x25, 0xBA, 0x25, 0xBA, 0x25, 0xBA, 
	0x01, 0x05, 0x00, 0x00, 0x00, 0x00, 0x00, 0x00, 0x00, 0x00, 0x00, 0x00, 0x00, 0x00, 0x00, 0x00, 
	0x00, 0x00, 0x00, 0x00, 0x00, 0x00, 0x00, 0x00, 0x00, 0x00, 0x00, 0x00, 0x00, 0x00, 0x00, 0x00, 
	0x00, 0x00, 0x00, 0x00, 0x00, 0x00, 0x00, 0x00, 0x00, 0x00, 0x00, 0x00, 0x00, 0x00, 0x00, 0x00, 
	0x00, 0x00, 0x00, 0x00, 0x00, 0x00, 0x00, 0x00, 0x25, 0xBA, 0x25, 0xBA, 0x25, 0xBA, 0x25, 0xBA, 
	0x25, 0xBA, 0x25, 0xBA, 0x25, 0xBA, 0x25, 0xBA, 0x25, 0xBA, 0x25, 0xBA, 0x25, 0xBA, 0x25, 0xBA, 
	0x25, 0xBA, 0x25, 0xBA, 0x00, 0x41, 0x00, 0x00, 0x00, 0x00, 0x00, 0x00, 0x00, 0x00, 0x25, 0xBA, 
	0x25, 0xBA, 0x25, 0xBA, 0x25, 0xBA, 0x25, 0xBA, 0x25, 0xBA, 0x25, 0xBA, 0x25, 0xBA, 0x25, 0xBA, 
	0x25, 0xBA, 0x25, 0xBA, 0x25, 0xBA, 0x25, 0xBA, 0x25, 0xBA, 0x00, 0x00, 0x00, 0x00, 0x00, 0x00, 
	0x00, 0x00, 0x00, 0x00, 0x00, 0x00, 0x00, 0x00, 0x00, 0x00, 0x00, 0x00, 0x13, 0x90, 0x25, 0xBA, 
	0x25, 0xBA, 0x25, 0xBA, 0x25, 0xBA, 0x25, 0xBA, 0x25, 0xBA, 0x25, 0xBA, 0x25, 0xBA, 0x25, 0xBA, 
	0x25, 0xBA, 0x25, 0xBA, 0x25, 0xBA, 0x00, 0x00, 0x00, 0x00, 0x00, 0x00, 0x00, 0x00, 0x00, 0x00, 
	0x00, 0x00, 0x00, 0x00, 0x00, 0x00, 0x00, 0x00, 0x00, 0x00, 0x00, 0x00, 0x00, 0x00, 0x00, 0x00, 
	0x00, 0x00, 0x00, 0x00, 0x00, 0x00, 0x00, 0x00, 0x00, 0x00, 0x00, 0x00, 0x00, 0x00, 0x00, 0x00, 
	0x00, 0x00, 0x00, 0x00, 0x00, 0x00, 0x1C, 0xF7, 0x25, 0xBA, 0x25, 0xBA, 0x25, 0xBA, 0x25, 0xBA, 
	0x25, 0xBA, 0x25, 0xBA, 0x25, 0xBA, 0x25, 0xBA, 0x25, 0xBA, 0x25, 0xBA, 0x25, 0xBA, 0x25, 0xBA, 
	0x00, 0x00, 0x00, 0x00, 0x00, 0x00, 0x00, 0x00, 0x00, 0x00, 0x00, 0x00, 0x00, 0x00, 0x00, 0x00, 
	0x00, 0x00, 0x12, 0xCD, 0x25, 0xBA, 0x25, 0xBA, 0x25, 0xBA, 0x25, 0xBA, 0x25, 0xBA, 0x25, 0xBA, 
	0x25, 0xBA, 0x25, 0xBA, 0x25, 0xBA, 0x25, 0xBA, 0x25, 0xBA, 0x25, 0xBA, 0x12, 0xCD, 0x00, 0x00, 
	0x00, 0x00, 0x00, 0x00, 0x00, 0x00, 0x00, 0x00, 0x00, 0x00, 0x00, 0x00, 0x00, 0x00, 0x00, 0x00, 
	0x00, 0x00, 0x00, 0x00, 0x00, 0x00, 0x00, 0x00, 0x09, 0xCD, 0x09, 0xCD, 0x09, 0xCD, 0x09, 0xCD, 
	0x09, 0xCD, 0x09, 0xCD, 0x09, 0xCD, 0x09, 0xCD, 0x09, 0xCD, 0x09, 0xCD, 0x09, 0xCD, 0x09, 0xCD, 
	0x09, 0xCD, 0x09, 0xCD, 0x09, 0xCD, 0x09, 0xCD, 0x09, 0xCD, 0x09, 0xCD, 0x09, 0xCD, 0x09, 0xCD, 
	0x09, 0xCD, 0x09, 0xCD, 0x09, 0xCD, 0x09, 0xCD, 0x09, 0xCD, 0x09, 0xCD, 0x09, 0xCD, 0x09, 0xCD, 
	0x09, 0xCD, 0x09, 0xCD, 0x09, 0xCD, 0x09, 0xCD, 0x09, 0xCD, 0x09, 0xCD, 0x09, 0xCD, 0x09, 0xCD, 
	0x09, 0xCD, 0x09, 0xCD, 0x09, 0xCD, 0x09, 0xCD, 0x09, 0xCD, 0x09, 0xCD, 0x09, 0xCD, 0x09, 0xCD, 
	0x09, 0xCD, 0x09, 0xCD, 0x09, 0xCD, 0x09, 0xCD, 0x09, 0xCD, 0x09, 0xCD, 0x09, 0xCD, 0x09, 0xCD, 
	0x09, 0xCD, 0x09, 0xCD, 0x09, 0xCD, 0x09, 0xCD, 0x09, 0xCD, 0x09, 0xCD, 0x09, 0xCD, 0x09, 0xCD, 
	0x09, 0xCD, 0x09, 0xCD, 0x09, 0xCD, 0x09, 0xCD, 0x00, 0x00, 0x00, 0x00, 0x00, 0x00, 0x00, 0x00, 
	0x00, 0x00, 0x00, 0x00, 0x00, 0x00, 0x00, 0x00, 0x00, 0x00, 0x00, 0x00, 0x00, 0x00, 0x00, 0x00, 
	0x00, 0x00, 0x00, 0x00, 0x00, 0x00, 0x00, 0x00, 0x00, 0x00, 0x00, 0x00, 0x09, 0xCD, 0x09, 0xCD, 
	0x09, 0xCD, 0x09, 0xCD, 0x09, 0xCD, 0x09, 0xCD, 0x09, 0xCD, 0x09, 0xCD, 0x09, 0xCD, 0x09, 0xCD, 
	0x09, 0xCD, 0x09, 0xCD, 0x09, 0xCD, 0x09, 0xCD, 0x09, 0xCD, 0x09, 0xCD, 0x09, 0xCD, 0x09, 0xCD, 
	0x09, 0xCD, 0x09, 0xCD, 0x09, 0xCD, 0x09, 0xCD, 0x09, 0xCD, 0x09, 0xCD, 0x09, 0xCD, 0x09, 0xCD, 
	0x09, 0xCD, 0x09, 0xCD, 0x09, 0xCD, 0x09, 0xCD, 0x09, 0xCD, 0x09, 0xCD, 0x09, 0xCD, 0x09, 0xCD, 
	0x09, 0xCD, 0x09, 0xCD, 0x09, 0xCD, 0x09, 0xCD, 0x09, 0xCD, 0x09, 0xCD, 0x09, 0xCD, 0x09, 0xCD, 
	0x09, 0xCD, 0x09, 0xCD, 0x09, 0xCD, 0x09, 0xCD, 0x09, 0xCD, 0x09, 0xCD, 0x09, 0xCD, 0x09, 0xCD, 
	0x09, 0xCD, 0x09, 0xCD, 0x09, 0xCD, 0x00, 0x00, 0x00, 0x00, 0x00, 0x00, 0x00, 0x00, 0x00, 0x00, 
	0x00, 0x00, 0x00, 0x00, 0x00, 0x00, 0x00, 0x00, 0x00, 0x00, 0x00, 0x00, 0x00, 0x00, 0x00, 0x00, 
	0x00, 0x00, 0x00, 0x00, 0x00, 0x00, 0x25, 0xBA, 0x25, 0xBA, 0x25, 0xBA, 0x25, 0xBA, 0x25, 0xBA, 
	0x25, 0xBA, 0x25, 0xBA, 0x25, 0xBA, 0x25, 0xBA, 0x25, 0xBA, 0x25, 0xBA, 0x25, 0xBA, 0x25, 0xBA, 
	0x25, 0xBA, 0x25, 0xBA, 0x25, 0xBA, 0x25, 0xBA, 0x25, 0xBA, 0x25, 0xBA, 0x25, 0xBA, 0x25, 0xBA, 
	0x25, 0xBA, 0x25, 0xBA, 0x25, 0xBA, 0x25, 0xBA, 0x25, 0xBA, 0x25, 0xBA, 0x25, 0xBA, 0x25, 0xBA, 
	0x25, 0xBA, 0x25, 0xBA, 0x25, 0xBA, 0x25, 0xBA, 0x25, 0xBA, 0x00, 0x00, 0x00, 0x00, 0x00, 0x00, 
	0x00, 0x00, 0x00, 0x00, 0x00, 0x00, 0x00, 0x00, 0x09, 0x66, 0x25, 0xBA, 0x25, 0xBA, 0x25, 0xBA, 
	0x25, 0xBA, 0x25, 0xBA, 0x25, 0xBA, 0x25, 0xBA, 0x25, 0xBA, 0x25, 0xBA, 0x25, 0xBA, 0x25, 0xBA, 
	0x25, 0xBA, 0x25, 0xBA, 0x25, 0xBA, 0x25, 0xBA, 0x25, 0xBA, 0x25, 0xBA, 0x25, 0xBA, 0x25, 0xBA, 
	0x25, 0xBA, 0x25, 0xBA, 0x25, 0xBA, 0x25, 0xBA, 0x25, 0xBA, 0x25, 0xBA, 0x25, 0xBA, 0x25, 0xBA, 
	0x25, 0xBA, 0x25, 0xBA, 0x25, 0xBA, 0x25, 0xBA, 0x25, 0xBA, 0x00, 0x00, 0x00, 0x00, 0x00, 0x00, 
	0x00, 0x00, 0x00, 0x00, 0x00, 0x00, 0x00, 0x00, 0x00, 0x00, 0x00, 0x00, 0x25, 0xBA, 0x25, 0xBA, 
	0x25, 0xBA, 0x25, 0xBA, 0x25, 0xBA, 0x25, 0xBA, 0x25, 0xBA, 0x25, 0xBA, 0x25, 0xBA, 0x25, 0xBA, 
	0x25, 0xBA, 0x25, 0xBA, 0x25, 0xBA, 0x25, 0xBA, 0x25, 0xBA, 0x25, 0xBA, 0x25, 0xBA, 0x25, 0xBA, 
	0x25, 0xBA, 0x25, 0xBA, 0x25, 0xBA, 0x25, 0xBA, 0x25, 0xBA, 0x25, 0xBA, 0x25, 0xBA, 0x25, 0xBA, 
	0x25, 0xBA, 0x25, 0xBA, 0x25, 0xBA, 0x25, 0xBA, 0x25, 0xBA, 0x25, 0xBA, 0x25, 0xBA, 0x25, 0xBA, 
	0x00, 0x00, 0x00, 0x00, 0x00, 0x00, 0x00, 0x00, 0x25, 0xBA, 0x25, 0xBA, 0x25, 0xBA, 0x25, 0xBA, 
	0x25, 0xBA, 0x25, 0xBA, 0x25, 0xBA, 0x25, 0xBA, 0x25, 0xBA, 0x25, 0xBA, 0x25, 0xBA, 0x25, 0xBA, 
	0x25, 0xBA, 0x1D, 0x59, 0x00, 0x41, 0x00, 0x00, 0x00, 0x00, 0x00, 0x00, 0x00, 0x00, 0x0A, 0x8B, 
	0x25, 0xBA, 0x25, 0xBA, 0x25, 0xBA, 0x25, 0xBA, 0x25, 0xBA, 0x25, 0xBA, 0x25, 0xBA, 0x25, 0xBA, 
	0x25, 0xBA, 0x25, 0xBA, 0x25, 0xBA, 0x25, 0xBA, 0x25, 0xBA, 0x25, 0xBA, 0x00, 0x00, 0x00, 0x00, 
	0x00, 0x00, 0x00, 0x00, 0x00, 0x00, 0x00, 0x00, 0x00, 0x00, 0x00, 0x00, 0x00, 0x00, 0x00, 0x00, 
	0x00, 0x00, 0x00, 0x00, 0x00, 0x00, 0x00, 0x00, 0x00, 0x00, 0x09, 0xCD, 0x09, 0xCD, 0x09, 0xCD, 
	0x09, 0xCD, 0x09, 0xCD, 0x09, 0xCD, 0x09, 0xCD, 0x09, 0xCD, 0x09, 0xCD, 0x09, 0xCD, 0x09, 0xCD, 
	0x09, 0xCD, 0x09, 0xCD, 0x09, 0xCD, 0x09, 0xCD, 0x09, 0xCD, 0x09, 0xCD, 0x09, 0xCD, 0x09, 0xCD, 
	0x09, 0xCD, 0x09, 0xCD, 0x09, 0xCD, 0x09, 0xCD, 0x09, 0xCD, 0x09, 0xCD, 0x09, 0xCD, 0x09, 0xCD, 
	0x09, 0xCD, 0x09, 0xCD, 0x09, 0xCD, 0x09, 0xCD, 0x09, 0xCD, 0x09, 0xCD, 0x09, 0xCD, 0x09, 0xCD, 
	0x09, 0xCD, 0x09, 0xCD, 0x09, 0xCD, 0x09, 0xCD, 0x09, 0xCD, 0x09, 0xCD, 0x09, 0xCD, 0x09, 0xCD, 
	0x09, 0xCD, 0x09, 0xCD, 0x09, 0xCD, 0x09, 0xCD, 0x09, 0xCD, 0x09, 0xCD, 0x09, 0xCD, 0x09, 0xCD, 
	0x09, 0xCD, 0x09, 0xCD, 0x09, 0xCD, 0x09, 0xCD, 0x09, 0xCD, 0x09, 0xCD, 0x09, 0xCD, 0x09, 0xCD, 
	0x09, 0xCD, 0x09, 0xCD, 0x09, 0xCD, 0x00, 0x00, 0x00, 0x00, 0x00, 0x00, 0x00, 0x00, 0x00, 0x00, 
	0x00, 0x00, 0x00, 0x00, 0x00, 0x00, 0x00, 0x00, 0x00, 0x00, 0x00, 0x00, 0x00, 0x00, 0x00, 0x00, 
	0x00, 0x00, 0x00, 0x00, 0x00, 0x00, 0x00, 0x00, 0x00, 0x00, 0x00, 0x00, 0x00, 0x00, 0x09, 0xCD, 
	0x09, 0xCD, 0x09, 0xCD, 0x09, 0xCD, 0x09, 0xCD, 0x09, 0xCD, 0x09, 0xCD, 0x09, 0xCD, 0x09, 0xCD, 
	0x09, 0xCD, 0x09, 0xCD, 0x09, 0xCD, 0x09, 0xCD, 0x09, 0xCD, 0x09, 0xCD, 0x09, 0xCD, 0x09, 0xCD, 
	0x09, 0xCD, 0x09, 0xCD, 0x09, 0xCD, 0x09, 0xCD, 0x09, 0xCD, 0x09, 0xCD, 0x09, 0xCD, 0x09, 0xCD, 
	0x09, 0xCD, 0x09, 0xCD, 0x09, 0xCD, 0x09, 0xCD, 0x09, 0xCD, 0x09, 0xCD, 0x09, 0xCD, 0x09, 0xCD, 
	0x09, 0xCD, 0x09, 0xCD, 0x09, 0xCD, 0x09, 0xCD, 0x09, 0xCD, 0x09, 0xCD, 0x09, 0xCD, 0x09, 0xCD, 
	0x09, 0xCD, 0x09, 0xCD, 0x09, 0xCD, 0x09, 0xCD, 0x09, 0xCD, 0x09, 0xCD, 0x09, 0xCD, 0x09, 0xCD, 
	0x09, 0xCD, 0x09, 0xCD, 0x00, 0x00, 0x00, 0x00, 0x00, 0x00, 0x00, 0x00, 0x00, 0x00, 0x00, 0x00, 
	0x00, 0x00, 0x00, 0x00, 0x00, 0x00, 0x00, 0x00, 0x00, 0x00, 0x00, 0x00, 0x00, 0x00, 0x00, 0x00, 
	0x00, 0x00, 0x00, 0x00, 0x1C, 0xB5, 0x25, 0xBA, 0x25, 0xBA, 0x25, 0xBA, 0x25, 0xBA, 0x25, 0xBA, 
	0x25, 0xBA, 0x25, 0xBA, 0x25, 0xBA, 0x25, 0xBA, 0x25, 0xBA, 0x25, 0xBA, 0x25, 0xBA, 0x25, 0xBA, 
	0x25, 0xBA, 0x25, 0xBA, 0x25, 0xBA, 0x25, 0xBA, 0x25, 0xBA, 0x25, 0xBA, 0x25, 0xBA, 0x25, 0xBA, 
	0x25, 0xBA, 0x25, 0xBA, 0x25, 0xBA, 0x25, 0xBA, 0x25, 0xBA, 0x25, 0xBA, 0x25, 0xBA, 0x25, 0xBA, 
	0x25, 0xBA, 0x25, 0xBA, 0x25, 0xBA, 0x25, 0xBA, 0x25, 0xBA, 0x00, 0x00, 0x00, 0x00, 0x00, 0x00, 
	0x00, 0x00, 0x00, 0x00, 0x00, 0x00, 0x00, 0x00, 0x00, 0x00, 0x25, 0xBA, 0x25, 0xBA, 0x25, 0xBA, 
	0x25, 0xBA, 0x25, 0xBA, 0x25, 0xBA, 0x25, 0xBA, 0x25, 0xBA, 0x25, 0xBA, 0x25, 0xBA, 0x25, 0xBA, 
	0x25, 0xBA, 0x25, 0xBA, 0x25, 0xBA, 0x25, 0xBA, 0x25, 0xBA, 0x25, 0xBA, 0x25, 0xBA, 0x25, 0xBA, 
	0x25, 0xBA, 0x25, 0xBA, 0x25, 0xBA, 0x25, 0xBA, 0x25, 0xBA, 0x25, 0xBA, 0x25, 0xBA, 0x25, 0xBA, 
	0x25, 0xBA, 0x25, 0xBA, 0x25, 0xBA, 0x25, 0xBA, 0x00, 0x00, 0x00, 0x00, 0x00, 0x00, 0x00, 0x00, 
	0x00, 0x00, 0x00, 0x00, 0x00, 0x00, 0x00, 0x00, 0x00, 0x00, 0x25, 0xBA, 0x25, 0xBA, 0x25, 0xBA, 
	0x25, 0xBA, 0x25, 0xBA, 0x25, 0xBA, 0x25, 0xBA, 0x25, 0xBA, 0x25, 0xBA, 0x25, 0xBA, 0x25, 0xBA, 
	0x25, 0xBA, 0x25, 0xBA, 0x25, 0xBA, 0x25, 0xBA, 0x25, 0xBA, 0x25, 0xBA, 0x25, 0xBA, 0x25, 0xBA, 
	0x25, 0xBA, 0x25, 0xBA, 0x25, 0xBA, 0x25, 0xBA, 0x25, 0xBA, 0x25, 0xBA, 0x25, 0xBA, 0x25, 0xBA, 
	0x25, 0xBA, 0x25, 0xBA, 0x25, 0xBA, 0x25, 0xBA, 0x25, 0xBA, 0x25, 0xBA, 0x25, 0xBA, 0x25, 0xBA, 
	0x00, 0x00, 0x00, 0x00, 0x00, 0x00, 0x00, 0x00, 0x25, 0xBA, 0x25, 0xBA, 0x25, 0xBA, 0x25, 0xBA, 
	0x25, 0xBA, 0x25, 0xBA, 0x25, 0xBA, 0x25, 0xBA, 0x25, 0xBA, 0x25, 0xBA, 0x25, 0xBA, 0x25, 0xBA, 
	0x25, 0xBA, 0x25, 0xBA, 0x25, 0xBA, 0x25, 0xBA, 0x25, 0xBA, 0x25, 0xBA, 0x25, 0xBA, 0x25, 0xBA, 
	0x25, 0xBA, 0x25, 0xBA, 0x25, 0xBA, 0x25, 0xBA, 0x25, 0xBA, 0x25, 0xBA, 0x25, 0xBA, 0x25, 0xBA, 
	0x25, 0xBA, 0x25, 0xBA, 0x25, 0xBA, 0x25, 0xBA, 0x25, 0xBA, 0x1D, 0x59, 0x00, 0x00, 0x00, 0x00, 
	0x00, 0x00, 0x00, 0x00, 0x00, 0x00, 0x00, 0x00, 0x00, 0x00, 0x00, 0x00, 0x00, 0x00, 0x00, 0x00, 
	0x00, 0x00, 0x00, 0x00, 0x00, 0x00, 0x00, 0x00, 0x00, 0x00, 0x00, 0x00, 0x09, 0xCD, 0x09, 0xCD, 
	0x09, 0xCD, 0x09, 0xCD, 0x09, 0xCD, 0x09, 0xCD, 0x09, 0xCD, 0x09, 0xCD, 0x09, 0xCD, 0x09, 0xCD, 
	0x09, 0xCD, 0x09, 0xCD, 0x09, 0xCD, 0x09, 0xCD, 0x09, 0xCD, 0x09, 0xCD, 0x09, 0xCD, 0x09, 0xCD, 
	0x09, 0xCD, 0x09, 0xCD, 0x09, 0xCD, 0x09, 0xCD, 0x09, 0xCD, 0x09, 0xCD, 0x09, 0xCD, 0x09, 0xCD, 
	0x09, 0xCD, 0x09, 0xCD, 0x09, 0xCD, 0x09, 0xCD, 0x09, 0xCD, 0x09, 0xCD, 0x09, 0xCD, 0x09, 0xCD, 
	0x09, 0xCD, 0x09, 0xCD, 0x09, 0xCD, 0x09, 0xCD, 0x09, 0xCD, 0x09, 0xCD, 0x09, 0xCD, 0x09, 0xCD, 
	0x09, 0xCD, 0x09, 0xCD, 0x09, 0xCD, 0x09, 0xCD, 0x09, 0xCD, 0x09, 0xCD, 0x09, 0xCD, 0x09, 0xCD, 
	0x09, 0xCD, 0x09, 0xCD, 0x09, 0xCD, 0x09, 0xCD, 0x09, 0xCD, 0x09, 0xCD, 0x09, 0xCD, 0x09, 0xCD, 
	0x09, 0xCD, 0x09, 0xCD, 0x00, 0x00, 0x00, 0x00, 0x00, 0x00, 0x00, 0x00, 0x00, 0x00, 0x00, 0x00, 
	0x00, 0x00, 0x00, 0x00, 0x00, 0x00, 0x00, 0x00, 0x00, 0x00, 0x00, 0x00, 0x00, 0x00, 0x00, 0x00, 
	0x00, 0x00, 0x00, 0x00, 0x00, 0x00, 0x00, 0x00, 0x00, 0x00, 0x00, 0x00, 0x00, 0x00, 0x00, 0x42, 
	0x09, 0xCD, 0x09, 0xCD, 0x09, 0xCD, 0x09, 0xCD, 0x09, 0xCD, 0x09, 0xCD, 0x09, 0xCD, 0x09, 0xCD, 
	0x09, 0xCD, 0x09, 0xCD, 0x09, 0xCD, 0x09, 0xCD, 0x09, 0xCD, 0x09, 0xCD, 0x09, 0xCD, 0x09, 0xCD, 
	0x09, 0xCD, 0x09, 0xCD, 0x09, 0xCD, 0x09, 0xCD, 0x09, 0xCD, 0x09, 0xCD, 0x09, 0xCD, 0x09, 0xCD, 
	0x09, 0xCD, 0x09, 0xCD, 0x09, 0xCD, 0x09, 0xCD, 0x09, 0xCD, 0x09, 0xCD, 0x09, 0xCD, 0x09, 0xCD, 
	0x09, 0xCD, 0x09, 0xCD, 0x09, 0xCD, 0x09, 0xCD, 0x09, 0xCD, 0x09, 0xCD, 0x09, 0xCD, 0x09, 0xCD, 
	0x09, 0xCD, 0x09, 0xCD, 0x09, 0xCD, 0x09, 0xCD, 0x09, 0xCD, 0x09, 0xCD, 0x09, 0xCD, 0x09, 0xCD, 
	0x09, 0xCD, 0x09, 0xCD, 0x00, 0x00, 0x00, 0x00, 0x00, 0x00, 0x00, 0x00, 0x00, 0x00, 0x00, 0x00, 
	0x00, 0x00, 0x00, 0x00, 0x00, 0x00, 0x00, 0x00, 0x00, 0x00, 0x00, 0x00, 0x00, 0x00, 0x00, 0x00, 
	0x00, 0x00, 0x00, 0x00, 0x25, 0xBA, 0x25, 0xBA, 0x25, 0xBA, 0x25, 0xBA, 0x25, 0xBA, 0x25, 0xBA, 
	0x25, 0xBA, 0x25, 0xBA, 0x25, 0xBA, 0x25, 0xBA, 0x25, 0xBA, 0x25, 0xBA, 0x25, 0xBA, 0x25, 0xBA, 
	0x25, 0xBA, 0x25, 0xBA, 0x25, 0xBA, 0x25, 0xBA, 0x25, 0xBA, 0x25, 0xBA, 0x25, 0xBA, 0x25, 0xBA, 
	0x25, 0xBA, 0x25, 0xBA, 0x25, 0xBA, 0x25, 0xBA, 0x25, 0xBA, 0x25, 0xBA, 0x25, 0xBA, 0x25, 0xBA, 
	0x25, 0xBA, 0x25, 0xBA, 0x25, 0xBA, 0x25, 0xBA, 0x25, 0xBA, 0x00, 0x00, 0x00, 0x00, 0x00, 0x00, 
	0x00, 0x00, 0x00, 0x00, 0x00, 0x00, 0x00, 0x00, 0x00, 0x00, 0x09, 0x66, 0x25, 0xBA, 0x25, 0xBA, 
	0x25, 0xBA, 0x25, 0xBA, 0x25, 0xBA, 0x25, 0xBA, 0x25, 0xBA, 0x25, 0xBA, 0x25, 0xBA, 0x25, 0xBA, 
	0x25, 0xBA, 0x25, 0xBA, 0x25, 0xBA, 0x25, 0xBA, 0x25, 0xBA, 0x25, 0xBA, 0x25, 0xBA, 0x25, 0xBA, 
	0x25, 0xBA, 0x25, 0xBA, 0x25, 0xBA, 0x25, 0xBA, 0x25, 0xBA, 0x25, 0xBA, 0x25, 0xBA, 0x25, 0xBA, 
	0x25, 0xBA, 0x25, 0xBA, 0x25, 0xBA, 0x13, 0x2F, 0x00, 0x00, 0x00, 0x00, 0x00, 0x00, 0x00, 0x00, 
	0x00, 0x00, 0x00, 0x00, 0x00, 0x00, 0x00, 0x00, 0x00, 0x00, 0x25, 0xBA, 0x25, 0xBA, 0x25, 0xBA, 
	0x25, 0xBA, 0x25, 0xBA, 0x25, 0xBA, 0x25, 0xBA, 0x25, 0xBA, 0x25, 0xBA, 0x25, 0xBA, 0x25, 0xBA, 
	0x25, 0xBA, 0x25, 0xBA, 0x25, 0xBA, 0x25, 0xBA, 0x25, 0xBA, 0x25, 0xBA, 0x25, 0xBA, 0x25, 0xBA, 
	0x25, 0xBA, 0x25, 0xBA, 0x25, 0xBA, 0x25, 0xBA, 0x25, 0xBA, 0x25, 0xBA, 0x25, 0xBA, 0x25, 0xBA, 
	0x25, 0xBA, 0x25, 0xBA, 0x25, 0xBA, 0x25, 0xBA, 0x25, 0xBA, 0x25, 0xBA, 0x25, 0xBA, 0x25, 0xBA, 
	0x00, 0x00, 0x00, 0x00, 0x00, 0x00, 0x00, 0x00, 0x00, 0x00, 0x25, 0xBA, 0x25, 0xBA, 0x25, 0xBA, 
	0x25, 0xBA, 0x25, 0xBA, 0x25, 0xBA, 0x25, 0xBA, 0x25, 0xBA, 0x25, 0xBA, 0x25, 0xBA, 0x25, 0xBA, 
	0x25, 0xBA, 0x25, 0xBA, 0x25, 0xBA, 0x25, 0xBA, 0x25, 0xBA, 0x25, 0xBA, 0x25, 0xBA, 0x25, 0xBA, 
	0x25, 0xBA, 0x25, 0xBA, 0x25, 0xBA, 0x25, 0xBA, 0x25, 0xBA, 0x25, 0xBA, 0x25, 0xBA, 0x25, 0xBA, 
	0x25, 0xBA, 0x25, 0xBA, 0x25, 0xBA, 0x25, 0xBA, 0x25, 0xBA, 0x00, 0x00, 0x00, 0x00, 0x00, 0x00, 
	0x00, 0x00, 0x00, 0x00, 0x00, 0x00, 0x00, 0x00, 0x00, 0x00, 0x00, 0x00, 0x00, 0x00, 0x00, 0x00, 
	0x00, 0x00, 0x00, 0x00, 0x00, 0x00, 0x00, 0x00, 0x00, 0x00, 0x00, 0x00, 0x00, 0x00, 0x09, 0xCD, 
	0x09, 0xCD, 0x09, 0xCD, 0x09, 0xCD, 0x09, 0xCD, 0x09, 0xCD, 0x09, 0xCD, 0x09, 0xCD, 0x09, 0xCD, 
	0x09, 0xCD, 0x09, 0xCD, 0x09, 0xCD, 0x09, 0xCD, 0x09, 0xCD, 0x09, 0xCD, 0x09, 0xCD, 0x09, 0xCD, 
	0x09, 0xCD, 0x09, 0xCD, 0x09, 0xCD, 0x09, 0xCD, 0x09, 0xCD, 0x09, 0xCD, 0x09, 0xCD, 0x09, 0xCD, 
	0x09, 0xCD, 0x09, 0xCD, 0x09, 0xCD, 0x09, 0xCD, 0x09, 0xCD, 0x09, 0xCD, 0x09, 0xCD, 0x09, 0xCD, 
	0x09, 0xCD, 0x09, 0xCD, 0x09, 0xCD, 0x09, 0xCD, 0x09, 0xCD, 0x09, 0xCD, 0x09, 0xCD, 0x09, 0xCD, 
	0x09, 0xCD, 0x09, 0xCD, 0x09, 0xCD, 0x09, 0xCD, 0x09, 0xCD, 0x09, 0xCD, 0x09, 0xCD, 0x09, 0xCD, 
	0x09, 0xCD, 0x09, 0xCD, 0x09, 0xCD, 0x09, 0xCD, 0x09, 0xCD, 0x09, 0xCD, 0x09, 0xCD, 0x09, 0xCD, 
	0x09, 0xCD, 0x09, 0x6B, 0x00, 0x00, 0x00, 0x00, 0x00, 0x00, 0x00, 0x00, 0x00, 0x00, 0x00, 0x00, 
	0x00, 0x00, 0x00, 0x00, 0x00, 0x00, 0x00, 0x00, 0x00, 0x00, 0x00, 0x00, 0x00, 0x00, 0x00, 0x00, 
	0x00, 0x00, 0x00, 0x00, 0x00, 0x00, 0x00, 0x00, 0x00, 0x00, 0x00, 0x00, 0x00, 0x00, 0x00, 0x00, 
	0x09, 0xCD, 0x09, 0xCD, 0x09, 0xCD, 0x09, 0xCD, 0x09, 0xCD, 0x09, 0xCD, 0x09, 0xCD, 0x09, 0xCD, 
	0x09, 0xCD, 0x09, 0xCD, 0x09, 0xCD, 0x09, 0xCD, 0x09, 0xCD, 0x09, 0xCD, 0x09, 0xCD, 0x09, 0xCD, 
	0x09, 0xCD, 0x09, 0xCD, 0x09, 0xCD, 0x09, 0xCD, 0x09, 0xCD, 0x09, 0xCD, 0x09, 0xCD, 0x09, 0xCD, 
	0x09, 0xCD, 0x09, 0xCD, 0x09, 0xCD, 0x09, 0xCD, 0x09, 0xCD, 0x09, 0xCD, 0x09, 0xCD, 0x09, 0xCD, 
	0x09, 0xCD, 0x09, 0xCD, 0x09, 0xCD, 0x09, 0xCD, 0x09, 0xCD, 0x09, 0xCD, 0x09, 0xCD, 0x09, 0xCD, 
	0x09, 0xCD, 0x09, 0xCD, 0x09, 0xCD, 0x09, 0xCD, 0x09, 0xCD, 0x09, 0xCD, 0x09, 0xCD, 0x09, 0xCD, 
	0x09, 0xCD, 0x00, 0x00, 0x00, 0x00, 0x00, 0x00, 0x00, 0x00, 0x00, 0x00, 0x00, 0x00, 0x00, 0x00, 
	0x00, 0x00, 0x00, 0x00, 0x00, 0x00, 0x00, 0x00, 0x00, 0x00, 0x00, 0x00, 0x00, 0x00, 0x00, 0x00, 
	0x00, 0x00, 0x00, 0x00, 0x25, 0xBA, 0x25, 0xBA, 0x25, 0xBA, 0x25, 0xBA, 0x25, 0xBA, 0x25, 0xBA, 
	0x25, 0xBA, 0x25, 0xBA, 0x25, 0xBA, 0x25, 0xBA, 0x25, 0xBA, 0x25, 0xBA, 0x25, 0xBA, 0x25, 0xBA, 
	0x25, 0xBA, 0x25, 0xBA, 0x25, 0xBA, 0x25, 0xBA, 0x25, 0xBA, 0x25, 0xBA, 0x25, 0xBA, 0x25, 0xBA, 
	0x25, 0xBA, 0x25, 0xBA, 0x25, 0xBA, 0x25, 0xBA, 0x25, 0xBA, 0x25, 0xBA, 0x25, 0xBA, 0x25, 0xBA, 
	0x25, 0xBA, 0x25, 0xBA, 0x25, 0xBA, 0x25, 0xBA, 0x25, 0xBA, 0x00, 0x00, 0x00, 0x00, 0x00, 0x00, 
	0x00, 0x00, 0x00, 0x00, 0x00, 0x00, 0x00, 0x00, 0x00, 0x00, 0x00, 0x00, 0x1D, 0x59, 0x25, 0xBA, 
	0x25, 0xBA, 0x25, 0xBA, 0x25, 0xBA, 0x25, 0xBA, 0x25, 0xBA, 0x25, 0xBA, 0x25, 0xBA, 0x25, 0xBA, 
	0x25, 0xBA, 0x25, 0xBA, 0x25, 0xBA, 0x25, 0xBA, 0x25, 0xBA, 0x25, 0xBA, 0x25, 0xBA, 0x25, 0xBA, 
	0x25, 0xBA, 0x25, 0xBA, 0x25, 0xBA, 0x25, 0xBA, 0x25, 0xBA, 0x25, 0xBA, 0x25, 0xBA, 0x25, 0xBA, 
	0x25, 0xBA, 0x25, 0xBA, 0x25, 0xBA, 0x00, 0x00, 0x00, 0x00, 0x00, 0x00, 0x00, 0x00, 0x00, 0x00, 
	0x00, 0x00, 0x00, 0x00, 0x00, 0x00, 0x00, 0x00, 0x00, 0x00, 0x25, 0xBA, 0x25, 0xBA, 0x25, 0xBA, 
	0x25, 0xBA, 0x25, 0xBA, 0x25, 0xBA, 0x25, 0xBA, 0x25, 0xBA, 0x25, 0xBA, 0x25, 0xBA, 0x25, 0xBA, 
	0x25, 0xBA, 0x25, 0xBA, 0x25, 0xBA, 0x25, 0xBA, 0x25, 0xBA, 0x25, 0xBA, 0x25, 0xBA, 0x25, 0xBA, 
	0x25, 0xBA, 0x25, 0xBA, 0x25, 0xBA, 0x25, 0xBA, 0x25, 0xBA, 0x25, 0xBA, 0x25, 0xBA, 0x25, 0xBA, 
	0x25, 0xBA, 0x25, 0xBA, 0x25, 0xBA, 0x25, 0xBA, 0x25, 0xBA, 0x25, 0xBA, 0x25, 0xBA, 0x25, 0xBA, 
	0x00, 0x00, 0x00, 0x00, 0x00, 0x00, 0x00, 0x00, 0x00, 0x00, 0x0A, 0x8B, 0x25, 0xBA, 0x25, 0xBA, 
	0x25, 0xBA, 0x25, 0xBA, 0x25, 0xBA, 0x25, 0xBA, 0x25, 0xBA, 0x25, 0xBA, 0x25, 0xBA, 0x25, 0xBA, 
	0x25, 0xBA, 0x25, 0xBA, 0x25, 0xBA, 0x25, 0xBA, 0x25, 0xBA, 0x25, 0xBA, 0x25, 0xBA, 0x25, 0xBA, 
	0x25, 0xBA, 0x25, 0xBA, 0x25, 0xBA, 0x25, 0xBA, 0x25, 0xBA, 0x25, 0xBA, 0x25, 0xBA, 0x25, 0xBA, 
	0x25, 0xBA, 0x25, 0xBA, 0x25, 0xBA, 0x25, 0xBA, 0x00, 0x00, 0x00, 0x00, 0x00, 0x00, 0x00, 0x00, 
	0x00, 0x00, 0x00, 0x00, 0x00, 0x00, 0x00, 0x00, 0x00, 0x00, 0x00, 0x00, 0x00, 0x00, 0x00, 0x00, 
	0x00, 0x00, 0x00, 0x00, 0x00, 0x00, 0x00, 0x00, 0x00, 0x00, 0x00, 0x00, 0x00, 0x00, 0x00, 0x00, 
	0x09, 0xCD, 0x09, 0xCD, 0x09, 0xCD, 0x09, 0xCD, 0x09, 0xCD, 0x09, 0xCD, 0x09, 0xCD, 0x09, 0xCD, 
	0x09, 0xCD, 0x09, 0xCD, 0x09, 0xCD, 0x09, 0xCD, 0x09, 0xCD, 0x09, 0xCD, 0x09, 0xCD, 0x09, 0xCD, 
	0x09, 0xCD, 0x09, 0xCD, 0x09, 0xCD, 0x09, 0xCD, 0x09, 0xCD, 0x09, 0xCD, 0x09, 0xCD, 0x09, 0xCD, 
	0x09, 0xCD, 0x09, 0xCD, 0x09, 0xCD, 0x09, 0xCD, 0x09, 0xCD, 0x09, 0xCD, 0x09, 0xCD, 0x09, 0xCD, 
	0x09, 0xCD, 0x09, 0xCD, 0x09, 0xCD, 0x09, 0xCD, 0x09, 0xCD, 0x09, 0xCD, 0x09, 0xCD, 0x09, 0xCD, 
	0x09, 0xCD, 0x09, 0xCD, 0x09, 0xCD, 0x09, 0xCD, 0x09, 0xCD, 0x09, 0xCD, 0x09, 0xCD, 0x09, 0xCD, 
	0x09, 0xCD, 0x09, 0xCD, 0x09, 0xCD, 0x09, 0xCD, 0x09, 0xCD, 0x09, 0xCD, 0x09, 0xCD, 0x09, 0xCD, 
	0x00, 0xC6, 0x00, 0x00, 0x00, 0x00, 0x00, 0x00, 0x00, 0x00, 0x00, 0x00, 0x00, 0x00, 0x00, 0x00, 
	0x00, 0x00, 0x00, 0x00, 0x00, 0x00, 0x00, 0x00, 0x00, 0x00, 0x00, 0x00, 0x00, 0x00, 0x00, 0x00, 
	0x00, 0x00, 0x00, 0x00, 0x00, 0x00, 0x00, 0x00, 0x00, 0x00, 0x00, 0x00, 0x00, 0x00, 0x00, 0x00, 
	0x00, 0x00, 0x09, 0xCD, 0x09, 0xCD, 0x09, 0xCD, 0x09, 0xCD, 0x09, 0xCD, 0x09, 0xCD, 0x09, 0xCD, 
	0x09, 0xCD, 0x09, 0xCD, 0x09, 0xCD, 0x09, 0xCD, 0x09, 0xCD, 0x09, 0xCD, 0x09, 0xCD, 0x09, 0xCD, 
	0x09, 0xCD, 0x09, 0xCD, 0x09, 0xCD, 0x09, 0xCD, 0x09, 0xCD, 0x09, 0xCD, 0x09, 0xCD, 0x09, 0xCD, 
	0x09, 0xCD, 0x09, 0xCD, 0x09, 0xCD, 0x09, 0xCD, 0x09, 0xCD, 0x09, 0xCD, 0x09, 0xCD, 0x09, 0xCD, 
	0x09, 0xCD, 0x09, 0xCD, 0x09, 0xCD, 0x09, 0xCD, 0x09, 0xCD, 0x09, 0xCD, 0x09, 0xCD, 0x09, 0xCD, 
	0x09, 0xCD, 0x09, 0xCD, 0x09, 0xCD, 0x09, 0xCD, 0x09, 0xCD, 0x09, 0xCD, 0x09, 0xCD, 0x09, 0xCD, 
	0x00, 0x42, 0x00, 0x00, 0x00, 0x00, 0x00, 0x00, 0x00, 0x00, 0x00, 0x00, 0x00, 0x00, 0x00, 0x00, 
	0x00, 0x00, 0x00, 0x00, 0x00, 0x00, 0x00, 0x00, 0x00, 0x00, 0x00, 0x00, 0x00, 0x00, 0x00, 0x00, 
	0x00, 0x00, 0x00, 0x00, 0x25, 0xBA, 0x25, 0xBA, 0x25, 0xBA, 0x25, 0xBA, 0x25, 0xBA, 0x25, 0xBA, 
	0x25, 0xBA, 0x25, 0xBA, 0x25, 0xBA, 0x25, 0xBA, 0x25, 0xBA, 0x25, 0xBA, 0x25, 0xBA, 0x25, 0xBA, 
	0x25, 0xBA, 0x25, 0xBA, 0x25, 0xBA, 0x25, 0xBA, 0x25, 0xBA, 0x25, 0xBA, 0x25, 0xBA, 0x25, 0xBA, 
	0x25, 0xBA, 0x25, 0xBA, 0x25, 0xBA, 0x25, 0xBA, 0x25, 0xBA, 0x25, 0xBA, 0x25, 0xBA, 0x25, 0xBA, 
	0x25, 0xBA, 0x25, 0xBA, 0x25, 0xBA, 0x25, 0xBA, 0x25, 0xBA, 0x00, 0x00, 0x00, 0x00, 0x00, 0x00, 
	0x00, 0x00, 0x00, 0x00, 0x00, 0x00, 0x00, 0x00, 0x00, 0x00, 0x00, 0x00, 0x00, 0x00, 0x25, 0xBA, 
	0x25, 0xBA, 0x25, 0xBA, 0x25, 0xBA, 0x25, 0xBA, 0x25, 0xBA, 0x25, 0xBA, 0x25, 0xBA, 0x25, 0xBA, 
	0x25, 0xBA, 0x25, 0xBA, 0x25, 0xBA, 0x25, 0xBA, 0x25, 0xBA, 0x25, 0xBA, 0x25, 0xBA, 0x25, 0xBA, 
	0x25, 0xBA, 0x25, 0xBA, 0x25, 0xBA, 0x25, 0xBA, 0x25, 0xBA, 0x25, 0xBA, 0x25, 0xBA, 0x25, 0xBA, 
	0x25, 0xBA, 0x25, 0xBA, 0x00, 0x00, 0x00, 0x00, 0x00, 0x00, 0x00, 0x00, 0x00, 0x00, 0x00, 0x00, 
	0x00, 0x00, 0x00, 0x00, 0x00, 0x00, 0x00, 0x00, 0x00, 0x00, 0x25, 0xBA, 0x25, 0xBA, 0x25, 0xBA, 
	0x25, 0xBA, 0x25, 0xBA, 0x25, 0xBA, 0x25, 0xBA, 0x25, 0xBA, 0x25, 0xBA, 0x25, 0xBA, 0x25, 0xBA, 
	0x25, 0xBA, 0x25, 0xBA, 0x25, 0xBA, 0x25, 0xBA, 0x25, 0xBA, 0x25, 0xBA, 0x25, 0xBA, 0x25, 0xBA, 
	0x25, 0xBA, 0x25, 0xBA, 0x25, 0xBA, 0x25, 0xBA, 0x25, 0xBA, 0x25, 0xBA, 0x25, 0xBA, 0x25, 0xBA, 
	0x25, 0xBA, 0x25, 0xBA, 0x25, 0xBA, 0x25, 0xBA, 0x25, 0xBA, 0x25, 0xBA, 0x25, 0xBA, 0x25, 0xBA, 
	0x00, 0x00, 0x00, 0x00, 0x00, 0x00, 0x00, 0x00, 0x00, 0x00, 0x00, 0x00, 0x1D, 0x59, 0x25, 0xBA, 
	0x25, 0xBA, 0x25, 0xBA, 0x25, 0xBA, 0x25, 0xBA, 0x25, 0xBA, 0x25, 0xBA, 0x25, 0xBA, 0x25, 0xBA, 
	0x25, 0xBA, 0x25, 0xBA, 0x25, 0xBA, 0x25, 0xBA, 0x25, 0xBA, 0x25, 0xBA, 0x25, 0xBA, 0x25, 0xBA, 
	0x25, 0xBA, 0x25, 0xBA, 0x25, 0xBA, 0x25, 0xBA, 0x25, 0xBA, 0x25, 0xBA, 0x25, 0xBA, 0x25, 0xBA, 
	0x25, 0xBA, 0x25, 0xBA, 0x25, 0xBA, 0x01, 0x05, 0x00, 0x00, 0x00, 0x00, 0x00, 0x00, 0x00, 0x00, 
	0x00, 0x00, 0x00, 0x00, 0x00, 0x00, 0x00, 0x00, 0x00, 0x00, 0x00, 0x00, 0x00, 0x00, 0x00, 0x00, 
	0x00, 0x00, 0x00, 0x00, 0x00, 0x00, 0x00, 0x00, 0x00, 0x00, 0x00, 0x00, 0x00, 0x00, 0x00, 0x00, 
	0x00, 0x00, 0x09, 0xCD, 0x09, 0xCD, 0x09, 0xCD, 0x09, 0xCD, 0x09, 0xCD, 0x09, 0xCD, 0x09, 0xCD, 
	0x09, 0xCD, 0x09, 0xCD, 0x09, 0xCD, 0x09, 0xCD, 0x09, 0xCD, 0x09, 0xCD, 0x09, 0xCD, 0x09, 0xCD, 
	0x09, 0xCD, 0x09, 0xCD, 0x09, 0xCD, 0x09, 0xCD, 0x09, 0xCD, 0x09, 0xCD, 0x09, 0xCD, 0x09, 0xCD, 
	0x09, 0xCD, 0x09, 0xCD, 0x09, 0xCD, 0x09, 0xCD, 0x09, 0xCD, 0x09, 0xCD, 0x09, 0xCD, 0x09, 0xCD, 
	0x09, 0xCD, 0x09, 0xCD, 0x09, 0xCD, 0x09, 0xCD, 0x09, 0xCD, 0x09, 0xCD, 0x09, 0xCD, 0x09, 0xCD, 
	0x09, 0xCD, 0x09, 0xCD, 0x09, 0xCD, 0x09, 0xCD, 0x09, 0xCD, 0x09, 0xCD, 0x09, 0xCD, 0x09, 0xCD, 
	0x09, 0xCD, 0x09, 0xCD, 0x09, 0xCD, 0x09, 0xCD, 0x09, 0xCD, 0x09, 0xCD, 0x09, 0xCD, 0x00, 0x21, 
	0x00, 0x00, 0x00, 0x00, 0x00, 0x00, 0x00, 0x00, 0x00, 0x00, 0x00, 0x00, 0x00, 0x00, 0x00, 0x00, 
	0x00, 0x00, 0x00, 0x00, 0x00, 0x00, 0x00, 0x00, 0x00, 0x00, 0x00, 0x00, 0x00, 0x00, 0x00, 0x00, 
	0x00, 0x00, 0x00, 0x00, 0x00, 0x00, 0x00, 0x00, 0x00, 0x00, 0x00, 0x00, 0x00, 0x00, 0x00, 0x00, 
	0x00, 0x00, 0x00, 0x00, 0x09, 0xCD, 0x09, 0xCD, 0x09, 0xCD, 0x09, 0xCD, 0x09, 0xCD, 0x09, 0xCD, 
	0x09, 0xCD, 0x09, 0xCD, 0x09, 0xCD, 0x09, 0xCD, 0x09, 0xCD, 0x09, 0xCD, 0x09, 0xCD, 0x09, 0xCD, 
	0x09, 0xCD, 0x09, 0xCD, 0x09, 0xCD, 0x09, 0xCD, 0x09, 0xCD, 0x09, 0xCD, 0x09, 0xCD, 0x09, 0xCD, 
	0x09, 0xCD, 0x09, 0xCD, 0x09, 0xCD, 0x09, 0xCD, 0x09, 0xCD, 0x09, 0xCD, 0x09, 0xCD, 0x09, 0xCD, 
	0x09, 0xCD, 0x09, 0xCD, 0x09, 0xCD, 0x09, 0xCD, 0x09, 0xCD, 0x09, 0xCD, 0x09, 0xCD, 0x09, 0xCD, 
	0x09, 0xCD, 0x09, 0xCD, 0x09, 0xCD, 0x09, 0xCD, 0x09, 0xCD, 0x09, 0xCD, 0x09, 0xCD, 0x00, 0xA5, 
	0x00, 0x00, 0x00, 0x00, 0x00, 0x00, 0x00, 0x00, 0x00, 0x00, 0x00, 0x00, 0x00, 0x00, 0x00, 0x00, 
	0x00, 0x00, 0x00, 0x00, 0x00, 0x00, 0x00, 0x00, 0x00, 0x00, 0x00, 0x00, 0x00, 0x00, 0x00, 0x00, 
	0x00, 0x00, 0x00, 0x00, 0x25, 0xBA, 0x25, 0xBA, 0x25, 0xBA, 0x25, 0xBA, 0x25, 0xBA, 0x25, 0xBA, 
	0x25, 0xBA, 0x25, 0xBA, 0x25, 0xBA, 0x25, 0xBA, 0x25, 0xBA, 0x25, 0xBA, 0x25, 0xBA, 0x25, 0xBA, 
	0x25, 0xBA, 0x25, 0xBA, 0x25, 0xBA, 0x25, 0xBA, 0x25, 0xBA, 0x25, 0xBA, 0x25, 0xBA, 0x25, 0xBA, 
	0x25, 0xBA, 0x25, 0xBA, 0x25, 0xBA, 0x25, 0xBA, 0x25, 0xBA, 0x25, 0xBA, 0x25, 0xBA, 0x25, 0xBA, 
	0x25, 0xBA, 0x25, 0xBA, 0x25, 0xBA, 0x25, 0xBA, 0x25, 0xBA, 0x00, 0x00, 0x00, 0x00, 0x00, 0x00, 
	0x00, 0x00, 0x00, 0x00, 0x00, 0x00, 0x00, 0x00, 0x00, 0x00, 0x00, 0x00, 0x00, 0x00, 0x00, 0x00, 
	0x25, 0xBA, 0x25, 0xBA, 0x25, 0xBA, 0x25, 0xBA, 0x25, 0xBA, 0x25, 0xBA, 0x25, 0xBA, 0x25, 0xBA, 
	0x25, 0xBA, 0x25, 0xBA, 0x25, 0xBA, 0x25, 0xBA, 0x25, 0xBA, 0x25, 0xBA, 0x25, 0xBA, 0x25, 0xBA, 
	0x25, 0xBA, 0x25, 0xBA, 0x25, 0xBA, 0x25, 0xBA, 0x25, 0xBA, 0x25, 0xBA, 0x25, 0xBA, 0x25, 0xBA, 
	0x25, 0xBA, 0x01, 0x05, 0x00, 0x00, 0x00, 0x00, 0x00, 0x00, 0x00, 0x00, 0x00, 0x00, 0x00, 0x00, 
	0x00, 0x00, 0x00, 0x00, 0x00, 0x00, 0x00, 0x00, 0x00, 0x00, 0x25, 0xBA, 0x25, 0xBA, 0x25, 0xBA, 
	0x25, 0xBA, 0x25, 0xBA, 0x25, 0xBA, 0x25, 0xBA, 0x25, 0xBA, 0x25, 0xBA, 0x25, 0xBA, 0x25, 0xBA, 
	0x25, 0xBA, 0x25, 0xBA, 0x25, 0xBA, 0x25, 0xBA, 0x25, 0xBA, 0x25, 0xBA, 0x25, 0xBA, 0x25, 0xBA, 
	0x25, 0xBA, 0x25, 0xBA, 0x25, 0xBA, 0x25, 0xBA, 0x25, 0xBA, 0x25, 0xBA, 0x25, 0xBA, 0x25, 0xBA, 
	0x25, 0xBA, 0x25, 0xBA, 0x25, 0xBA, 0x25, 0xBA, 0x25, 0xBA, 0x25, 0xBA, 0x25, 0xBA, 0x25, 0xBA, 
	0x00, 0x00, 0x00, 0x00, 0x00, 0x00, 0x00, 0x00, 0x00, 0x00, 0x00, 0x00, 0x00, 0x00, 0x25, 0xBA, 
	0x25, 0xBA, 0x25, 0xBA, 0x25, 0xBA, 0x25, 0xBA, 0x25, 0xBA, 0x25, 0xBA, 0x25, 0xBA, 0x25, 0xBA, 
	0x25, 0xBA, 0x25, 0xBA, 0x25, 0xBA, 0x25, 0xBA, 0x25, 0xBA, 0x25, 0xBA, 0x25, 0xBA, 0x25, 0xBA, 
	0x25, 0xBA, 0x25, 0xBA, 0x25, 0xBA, 0x25, 0xBA, 0x25, 0xBA, 0x25, 0xBA, 0x25, 0xBA, 0x25, 0xBA, 
	0x25, 0xBA, 0x25, 0xBA, 0x1D, 0x59, 0x00, 0x00, 0x00, 0x00, 0x00, 0x00, 0x00, 0x00, 0x00, 0x00, 
	0x00, 0x00, 0x00, 0x00, 0x00, 0x00, 0x00, 0x00, 0x00, 0x00, 0x00, 0x00, 0x00, 0x00, 0x00, 0x00, 
	0x00, 0x00, 0x00, 0x00, 0x00, 0x00, 0x00, 0x00, 0x00, 0x00, 0x00, 0x00, 0x00, 0x00, 0x00, 0x00, 
	0x00, 0x00, 0x00, 0x00, 0x09, 0xCD, 0x09, 0xCD, 0x09, 0xCD, 0x09, 0xCD, 0x09, 0xCD, 0x09, 0xCD, 
	0x09, 0xCD, 0x09, 0xCD, 0x09, 0xCD, 0x09, 0xCD, 0x09, 0xCD, 0x09, 0xCD, 0x09, 0xCD, 0x09, 0xCD, 
	0x09, 0xCD, 0x09, 0xCD, 0x09, 0xCD, 0x09, 0xCD, 0x09, 0xCD, 0x09, 0xCD, 0x09, 0xCD, 0x09, 0xCD, 
	0x09, 0xCD, 0x09, 0xCD, 0x09, 0xCD, 0x09, 0xCD, 0x09, 0xCD, 0x09, 0xCD, 0x09, 0xCD, 0x09, 0xCD, 
	0x09, 0xCD, 0x09, 0xCD, 0x09, 0xCD, 0x09, 0xCD, 0x09, 0xCD, 0x09, 0xCD, 0x09, 0xCD, 0x09, 0xCD, 
	0x09, 0xCD, 0x09, 0xCD, 0x09, 0xCD, 0x09, 0xCD, 0x09, 0xCD, 0x09, 0xCD, 0x09, 0xCD, 0x09, 0xCD, 
	0x09, 0xCD, 0x09, 0xCD, 0x09, 0xCD, 0x09, 0xCD, 0x09, 0xCD, 0x09, 0xCD, 0x00, 0x84, 0x00, 0x00, 
	0x00, 0x00, 0x00, 0x00, 0x00, 0x00, 0x00, 0x00, 0x00, 0x00, 0x00, 0x00, 0x00, 0x00, 0x00, 0x00, 
	0x00, 0x00, 0x00, 0x00, 0x00, 0x00, 0x00, 0x00, 0x00, 0x00, 0x00, 0x00, 0x00, 0x00, 0x00, 0x00, 
	0x00, 0x00, 0x00, 0x00, 0x00, 0x00, 0x00, 0x00, 0x00, 0x00, 0x00, 0x00, 0x00, 0x00, 0x00, 0x00, 
	0x00, 0x00, 0x00, 0x00, 0x00, 0x00, 0x09, 0xCD, 0x09, 0xCD, 0x09, 0xCD, 0x09, 0xCD, 0x09, 0xCD, 
	0x09, 0xCD, 0x09, 0xCD, 0x09, 0xCD, 0x09, 0xCD, 0x09, 0xCD, 0x09, 0xCD, 0x09, 0xCD, 0x09, 0xCD, 
	0x09, 0xCD, 0x09, 0xCD, 0x09, 0xCD, 0x09, 0xCD, 0x09, 0xCD, 0x09, 0xCD, 0x09, 0xCD, 0x09, 0xCD, 
	0x09, 0xCD, 0x09, 0xCD, 0x09, 0xCD, 0x09, 0xCD, 0x09, 0xCD, 0x09, 0xCD, 0x09, 0xCD, 0x09, 0xCD, 
	0x09, 0xCD, 0x09, 0xCD, 0x09, 0xCD, 0x09, 0xCD, 0x09, 0xCD, 0x09, 0xCD, 0x09, 0xCD, 0x09, 0xCD, 
	0x09, 0xCD, 0x09, 0xCD, 0x09, 0xCD, 0x09, 0xCD, 0x09, 0xCD, 0x09, 0xCD, 0x09, 0xCD, 0x00, 0x00, 
	0x00, 0x00, 0x00, 0x00, 0x00, 0x00, 0x00, 0x00, 0x00, 0x00, 0x00, 0x00, 0x00, 0x00, 0x00, 0x00, 
	0x00, 0x00, 0x00, 0x00, 0x00, 0x00, 0x00, 0x00, 0x00, 0x00, 0x00, 0x00, 0x00, 0x00, 0x00, 0x00, 
	0x00, 0x00, 0x00, 0x00, 0x25, 0xBA, 0x25, 0xBA, 0x25, 0xBA, 0x25, 0xBA, 0x25, 0xBA, 0x25, 0xBA, 
	0x25, 0xBA, 0x25, 0xBA, 0x25, 0xBA, 0x25, 0xBA, 0x25, 0xBA, 0x25, 0xBA, 0x25, 0xBA, 0x25, 0xBA, 
	0x25, 0xBA, 0x25, 0xBA, 0x25, 0xBA, 0x25, 0xBA, 0x25, 0xBA, 0x25, 0xBA, 0x25, 0xBA, 0x25, 0xBA, 
	0x25, 0xBA, 0x25, 0xBA, 0x25, 0xBA, 0x25, 0xBA, 0x25, 0xBA, 0x25, 0xBA, 0x25, 0xBA, 0x25, 0xBA, 
	0x25, 0xBA, 0x25, 0xBA, 0x25, 0xBA, 0x25, 0xBA, 0x25, 0xBA, 0x00, 0x00, 0x00, 0x00, 0x00, 0x00, 
	0x00, 0x00, 0x00, 0x00, 0x00, 0x00, 0x00, 0x00, 0x00, 0x00, 0x00, 0x00, 0x00, 0x00, 0x00, 0x00, 
	0x00, 0x00, 0x25, 0xBA, 0x25, 0xBA, 0x25, 0xBA, 0x25, 0xBA, 0x25, 0xBA, 0x25, 0xBA, 0x25, 0xBA, 
	0x25, 0xBA, 0x25, 0xBA, 0x25, 0xBA, 0x25, 0xBA, 0x25, 0xBA, 0x25, 0xBA, 0x25, 0xBA, 0x25, 0xBA, 
	0x25, 0xBA, 0x25, 0xBA, 0x25, 0xBA, 0x25, 0xBA, 0x25, 0xBA, 0x25, 0xBA, 0x25, 0xBA, 0x25, 0xBA, 
	0x1C, 0x54, 0x00, 0x00, 0x00, 0x00, 0x00, 0x00, 0x00, 0x00, 0x00, 0x00, 0x00, 0x00, 0x00, 0x00, 
	0x00, 0x00, 0x00, 0x00, 0x00, 0x00, 0x00, 0x00, 0x00, 0x00, 0x25, 0xBA, 0x25, 0xBA, 0x25, 0xBA, 
	0x25, 0xBA, 0x25, 0xBA, 0x25, 0xBA, 0x25, 0xBA, 0x25, 0xBA, 0x25, 0xBA, 0x25, 0xBA, 0x25, 0xBA, 
	0x25, 0xBA, 0x25, 0xBA, 0x25, 0xBA, 0x25, 0xBA, 0x25, 0xBA, 0x25, 0xBA, 0x25, 0xBA, 0x25, 0xBA, 
	0x25, 0xBA, 0x25, 0xBA, 0x25, 0xBA, 0x25, 0xBA, 0x25, 0xBA, 0x25, 0xBA, 0x25, 0xBA, 0x25, 0xBA, 
	0x25, 0xBA, 0x25, 0xBA, 0x25, 0xBA, 0x25, 0xBA, 0x25, 0xBA, 0x25, 0xBA, 0x25, 0xBA, 0x25, 0xBA, 
	0x00, 0x00, 0x00, 0x00, 0x00, 0x00, 0x00, 0x00, 0x00, 0x00, 0x00, 0x00, 0x00, 0x00, 0x00, 0x00, 
	0x25, 0xBA, 0x25, 0xBA, 0x25, 0xBA, 0x25, 0xBA, 0x25, 0xBA, 0x25, 0xBA, 0x25, 0xBA, 0x25, 0xBA, 
	0x25, 0xBA, 0x25, 0xBA, 0x25, 0xBA, 0x25, 0xBA, 0x25, 0xBA, 0x25, 0xBA, 0x25, 0xBA, 0x25, 0xBA, 
	0x25, 0xBA, 0x25, 0xBA, 0x25, 0xBA, 0x25, 0xBA, 0x25, 0xBA, 0x25, 0xBA, 0x25, 0xBA, 0x25, 0xBA, 
	0x25, 0xBA, 0x13, 0x90, 0x00, 0x00, 0x00, 0x00, 0x00, 0x00, 0x00, 0x00, 0x00, 0x00, 0x00, 0x00, 
	0x00, 0x00, 0x00, 0x00, 0x00, 0x00, 0x00, 0x00, 0x00, 0x00, 0x00, 0x00, 0x00, 0x00, 0x00, 0x00, 
	0x00, 0x00, 0x00, 0x00, 0x00, 0x00, 0x00, 0x00, 0x00, 0x00, 0x00, 0x00, 0x00, 0x00, 0x00, 0x00, 
	0x00, 0x00, 0x00, 0x00, 0x00, 0x00, 0x09, 0xCD, 0x09, 0xCD, 0x09, 0xCD, 0x09, 0xCD, 0x09, 0xCD, 
	0x09, 0xCD, 0x09, 0xCD, 0x09, 0xCD, 0x09, 0xCD, 0x09, 0xCD, 0x09, 0xCD, 0x09, 0xCD, 0x09, 0xCD, 
	0x09, 0xCD, 0x09, 0xCD, 0x09, 0xCD, 0x09, 0xCD, 0x09, 0xCD, 0x09, 0xCD, 0x09, 0xCD, 0x09, 0xCD, 
	0x09, 0xCD, 0x09, 0xCD, 0x09, 0xCD, 0x09, 0xCD, 0x09, 0xCD, 0x09, 0xCD, 0x09, 0xCD, 0x09, 0xCD, 
	0x09, 0xCD, 0x09, 0xCD, 0x09, 0xCD, 0x09, 0xCD, 0x09, 0xCD, 0x09, 0xCD, 0x09, 0xCD, 0x09, 0xCD, 
	0x09, 0xCD, 0x09, 0xCD, 0x09, 0xCD, 0x09, 0xCD, 0x09, 0xCD, 0x09, 0xCD, 0x09, 0xCD, 0x09, 0xCD, 
	0x09, 0xCD, 0x09, 0xCD, 0x09, 0xCD, 0x09, 0xCD, 0x09, 0xCD, 0x00, 0x84, 0x00, 0x00, 0x00, 0x00, 
	0x00, 0x00, 0x00, 0x00, 0x00, 0x00, 0x00, 0x00, 0x00, 0x00, 0x00, 0x00, 0x00, 0x00, 0x00, 0x00, 
	0x00, 0x00, 0x00, 0x00, 0x00, 0x00, 0x00, 0x00, 0x00, 0x00, 0x00, 0x00, 0x00, 0x00, 0x00, 0x00, 
	0x00, 0x00, 0x00, 0x00, 0x00, 0x00, 0x00, 0x00, 0x00, 0x00, 0x00, 0x00, 0x00, 0x00, 0x00, 0x00, 
	0x00, 0x00, 0x00, 0x00, 0x00, 0x00, 0x01, 0x08, 0x09, 0xCD, 0x09, 0xCD, 0x09, 0xCD, 0x09, 0xCD, 
	0x09, 0xCD, 0x09, 0xCD, 0x09, 0xCD, 0x09, 0xCD, 0x09, 0xCD, 0x09, 0xCD, 0x09, 0xCD, 0x09, 0xCD, 
	0x09, 0xCD, 0x09, 0xCD, 0x09, 0xCD, 0x09, 0xCD, 0x09, 0xCD, 0x09, 0xCD, 0x09, 0xCD, 0x09, 0xCD, 
	0x09, 0xCD, 0x09, 0xCD, 0x09, 0xCD, 0x09, 0xCD, 0x09, 0xCD, 0x09, 0xCD, 0x09, 0xCD, 0x09, 0xCD, 
	0x09, 0xCD, 0x09, 0xCD, 0x09, 0xCD, 0x09, 0xCD, 0x09, 0xCD, 0x09, 0xCD, 0x09, 0xCD, 0x09, 0xCD, 
	0x09, 0xCD, 0x09, 0xCD, 0x09, 0xCD, 0x09, 0xCD, 0x09, 0xCD, 0x09, 0xCD, 0x00, 0x00, 0x00, 0x00, 
	0x00, 0x00, 0x00, 0x00, 0x00, 0x00, 0x00, 0x00, 0x00, 0x00, 0x00, 0x00, 0x00, 0x00, 0x00, 0x00, 
	0x00, 0x00, 0x00, 0x00, 0x00, 0x00, 0x00, 0x00, 0x00, 0x00, 0x00, 0x00, 0x00, 0x00, 0x00, 0x00, 
	0x00, 0x00, 0x00, 0x00, 0x25, 0xBA, 0x25, 0xBA, 0x25, 0xBA, 0x25, 0xBA, 0x25, 0xBA, 0x25, 0xBA, 
	0x25, 0xBA, 0x25, 0xBA, 0x25, 0xBA, 0x25, 0xBA, 0x25, 0xBA, 0x25, 0xBA, 0x25, 0xBA, 0x25, 0xBA, 
	0x25, 0xBA, 0x25, 0xBA, 0x25, 0xBA, 0x25, 0xBA, 0x25, 0xBA, 0x25, 0xBA, 0x25, 0xBA, 0x25, 0xBA, 
	0x25, 0xBA, 0x25, 0xBA, 0x25, 0xBA, 0x25, 0xBA, 0x25, 0xBA, 0x25, 0xBA, 0x25, 0xBA, 0x25, 0xBA, 
	0x25, 0xBA, 0x25, 0xBA, 0x25, 0xBA, 0x25, 0xBA, 0x25, 0xBA, 0x00, 0x00, 0x00, 0x00, 0x00, 0x00, 
	0x00, 0x00, 0x00, 0x00, 0x00, 0x00, 0x00, 0x00, 0x00, 0x00, 0x00, 0x00, 0x00, 0x00, 0x00, 0x00, 
	0x00, 0x00, 0x00, 0x00, 0x25, 0xBA, 0x25, 0xBA, 0x25, 0xBA, 0x25, 0xBA, 0x25, 0xBA, 0x25, 0xBA, 
	0x25, 0xBA, 0x25, 0xBA, 0x25, 0xBA, 0x25, 0xBA, 0x25, 0xBA, 0x25, 0xBA, 0x25, 0xBA, 0x25, 0xBA, 
	0x25, 0xBA, 0x25, 0xBA, 0x25, 0xBA, 0x25, 0xBA, 0x25, 0xBA, 0x25, 0xBA, 0x25, 0xBA, 0x01, 0x05, 
	0x00, 0x00, 0x00, 0x00, 0x00, 0x00, 0x00, 0x00, 0x00, 0x00, 0x00, 0x00, 0x00, 0x00, 0x00, 0x00, 
	0x00, 0x00, 0x00, 0x00, 0x00, 0x00, 0x00, 0x00, 0x00, 0x00, 0x25, 0xBA, 0x25, 0xBA, 0x25, 0xBA, 
	0x25, 0xBA, 0x25, 0xBA, 0x25, 0xBA, 0x25, 0xBA, 0x25, 0xBA, 0x25, 0xBA, 0x25, 0xBA, 0x25, 0xBA, 
	0x25, 0xBA, 0x25, 0xBA, 0x25, 0xBA, 0x25, 0xBA, 0x25, 0xBA, 0x25, 0xBA, 0x25, 0xBA, 0x25, 0xBA, 
	0x25, 0xBA, 0x25, 0xBA, 0x25, 0xBA, 0x25, 0xBA, 0x25, 0xBA, 0x25, 0xBA, 0x25, 0xBA, 0x25, 0xBA, 
	0x25, 0xBA, 0x25, 0xBA, 0x25, 0xBA, 0x25, 0xBA, 0x25, 0xBA, 0x25, 0xBA, 0x25, 0xBA, 0x25, 0xBA, 
	0x00, 0x00, 0x00, 0x00, 0x00, 0x00, 0x00, 0x00, 0x00, 0x00, 0x00, 0x00, 0x00, 0x00, 0x00, 0x00, 
	0x00, 0x00, 0x25, 0xBA, 0x25, 0xBA, 0x25, 0xBA, 0x25, 0xBA, 0x25, 0xBA, 0x25, 0xBA, 0x25, 0xBA, 
	0x25, 0xBA, 0x25, 0xBA, 0x25, 0xBA, 0x25, 0xBA, 0x25, 0xBA, 0x25, 0xBA, 0x25, 0xBA, 0x25, 0xBA, 
	0x25, 0xBA, 0x25, 0xBA, 0x25, 0xBA, 0x25, 0xBA, 0x25, 0xBA, 0x25, 0xBA, 0x25, 0xBA, 0x25, 0xBA, 
	0x13, 0x2F, 0x00, 0x00, 0x00, 0x00, 0x00, 0x00, 0x00, 0x00, 0x00, 0x00, 0x00, 0x00, 0x00, 0x00, 
	0x00, 0x00, 0x00, 0x00, 0x00, 0x00, 0x00, 0x00, 0x00, 0x00, 0x00, 0x00, 0x00, 0x00, 0x00, 0x00, 
	0x00, 0x00, 0x00, 0x00, 0x00, 0x00, 0x00, 0x00, 0x00, 0x00, 0x00, 0x00, 0x00, 0x00, 0x00, 0x00, 
	0x00, 0x00, 0x00, 0x00, 0x00, 0x00, 0x00, 0x00, 0x00, 0x84, 0x09, 0xCD, 0x09, 0xCD, 0x09, 0xCD, 
	0x09, 0xCD, 0x09, 0xCD, 0x09, 0xCD, 0x09, 0xCD, 0x09, 0xCD, 0x09, 0xCD, 0x09, 0xCD, 0x09, 0xCD, 
	0x09, 0xCD, 0x09, 0xCD, 0x09, 0xCD, 0x09, 0xCD, 0x09, 0xCD, 0x09, 0xCD, 0x09, 0xCD, 0x09, 0xCD, 
	0x09, 0xCD, 0x09, 0xCD, 0x09, 0xCD, 0x09, 0xCD, 0x09, 0xCD, 0x09, 0xCD, 0x09, 0xCD, 0x09, 0xCD, 
	0x09, 0xCD, 0x09, 0xCD, 0x09, 0xCD, 0x09, 0xCD, 0x09, 0xCD, 0x09, 0xCD, 0x09, 0xCD, 0x09, 0xCD, 
	0x09, 0xCD, 0x09, 0xCD, 0x09, 0xCD, 0x09, 0xCD, 0x09, 0xCD, 0x09, 0xCD, 0x09, 0xCD, 0x09, 0xCD, 
	0x09, 0xCD, 0x09, 0xCD, 0x09, 0xCD, 0x09, 0xCD, 0x00, 0x00, 0x00, 0x00, 0x00, 0x00, 0x00, 0x00, 
	0x00, 0x00, 0x00, 0x00, 0x00, 0x00, 0x00, 0x00, 0x00, 0x00, 0x00, 0x00, 0x00, 0x00, 0x00, 0x00, 
	0x00, 0x00, 0x00, 0x00, 0x00, 0x00, 0x00, 0x00, 0x00, 0x00, 0x00, 0x00, 0x00, 0x00, 0x00, 0x00, 
	0x00, 0x00, 0x00, 0x00, 0x00, 0x00, 0x00, 0x00, 0x00, 0x00, 0x00, 0x00, 0x00, 0x00, 0x00, 0x00, 
	0x00, 0x00, 0x00, 0x00, 0x00, 0x00, 0x00, 0x00, 0x09, 0xAC, 0x09, 0xCD, 0x09, 0xCD, 0x09, 0xCD, 
	0x09, 0xCD, 0x09, 0xCD, 0x09, 0xCD, 0x09, 0xCD, 0x09, 0xCD, 0x09, 0xCD, 0x09, 0xCD, 0x09, 0xCD, 
	0x09, 0xCD, 0x09, 0xCD, 0x09, 0xCD, 0x09, 0xCD, 0x09, 0xCD, 0x09, 0xCD, 0x09, 0xCD, 0x09, 0xCD, 
	0x09, 0xCD, 0x09, 0xCD, 0x09, 0xCD, 0x09, 0xCD, 0x09, 0xCD, 0x09, 0xCD, 0x09, 0xCD, 0x09, 0xCD, 
	0x09, 0xCD, 0x09, 0xCD, 0x09, 0xCD, 0x09, 0xCD, 0x09, 0xCD, 0x09, 0xCD, 0x09, 0xCD, 0x09, 0xCD, 
	0x09, 0xCD, 0x09, 0xCD, 0x09, 0xCD, 0x09, 0xCD, 0x09, 0xCD, 0x00, 0x00, 0x00, 0x00, 0x00, 0x00, 
	0x00, 0x00, 0x00, 0x00, 0x00, 0x00, 0x00, 0x00, 0x00, 0x00, 0x00, 0x00, 0x00, 0x00, 0x00, 0x00, 
	0x00, 0x00, 0x00, 0x00, 0x00, 0x00, 0x00, 0x00, 0x00, 0x00, 0x00, 0x00, 0x00, 0x00, 0x00, 0x00, 
	0x00, 0x00, 0x00, 0x00, 0x25, 0xBA, 0x25, 0xBA, 0x25, 0xBA, 0x25, 0xBA, 0x25, 0xBA, 0x25, 0xBA, 
	0x25, 0xBA, 0x25, 0xBA, 0x25, 0xBA, 0x25, 0xBA, 0x25, 0xBA, 0x25, 0xBA, 0x25, 0xBA, 0x25, 0xBA, 
	0x25, 0xBA, 0x25, 0xBA, 0x25, 0xBA, 0x25, 0xBA, 0x25, 0xBA, 0x25, 0xBA, 0x25, 0xBA, 0x25, 0xBA, 
	0x25, 0xBA, 0x25, 0xBA, 0x25, 0xBA, 0x25, 0xBA, 0x25, 0xBA, 0x25, 0xBA, 0x25, 0xBA, 0x25, 0xBA, 
	0x25, 0xBA, 0x25, 0xBA, 0x25, 0xBA, 0x25, 0xBA, 0x25, 0xBA, 0x00, 0x00, 0x00, 0x00, 0x00, 0x00, 
	0x00, 0x00, 0x00, 0x00, 0x00, 0x00, 0x00, 0x00, 0x00, 0x00, 0x00, 0x00, 0x00, 0x00, 0x00, 0x00, 
	0x00, 0x00, 0x00, 0x00, 0x00, 0x00, 0x25, 0xBA, 0x25, 0xBA, 0x25, 0xBA, 0x25, 0xBA, 0x25, 0xBA, 
	0x25, 0xBA, 0x25, 0xBA, 0x25, 0xBA, 0x25, 0xBA, 0x25, 0xBA, 0x25, 0xBA, 0x25, 0xBA, 0x25, 0xBA, 
	0x25, 0xBA, 0x25, 0xBA, 0x25, 0xBA, 0x25, 0xBA, 0x25, 0xBA, 0x25, 0xBA, 0x00, 0x41, 0x00, 0x00, 
	0x00, 0x00, 0x00, 0x00, 0x00, 0x00, 0x00, 0x00, 0x00, 0x00, 0x00, 0x00, 0x00, 0x00, 0x00, 0x00, 
	0x00, 0x00, 0x00, 0x00, 0x00, 0x00, 0x00, 0x00, 0x00, 0x00, 0x25, 0xBA, 0x25, 0xBA, 0x25, 0xBA, 
	0x25, 0xBA, 0x25, 0xBA, 0x25, 0xBA, 0x25, 0xBA, 0x25, 0xBA, 0x25, 0xBA, 0x25, 0xBA, 0x25, 0xBA, 
	0x25, 0xBA, 0x25, 0xBA, 0x25, 0xBA, 0x25, 0xBA, 0x25, 0xBA, 0x25, 0xBA, 0x25, 0xBA, 0x25, 0xBA, 
	0x25, 0xBA, 0x25, 0xBA, 0x25, 0xBA, 0x25, 0xBA, 0x25, 0xBA, 0x25, 0xBA, 0x25, 0xBA, 0x25, 0xBA, 
	0x25, 0xBA, 0x25, 0xBA, 0x25, 0xBA, 0x25, 0xBA, 0x25, 0xBA, 0x25, 0xBA, 0x25, 0xBA, 0x25, 0xBA, 
	0x00, 0x00, 0x00, 0x00, 0x00, 0x00, 0x00, 0x00, 0x00, 0x00, 0x00, 0x00, 0x00, 0x00, 0x00, 0x00, 
	0x00, 0x00, 0x00, 0x00, 0x1C, 0xB5, 0x25, 0xBA, 0x25, 0xBA, 0x25, 0xBA, 0x25, 0xBA, 0x25, 0xBA, 
	0x25, 0xBA, 0x25, 0xBA, 0x25, 0xBA, 0x25, 0xBA, 0x25, 0xBA, 0x25, 0xBA, 0x25, 0xBA, 0x25, 0xBA, 
	0x25, 0xBA, 0x25, 0xBA, 0x25, 0xBA, 0x25, 0xBA, 0x25, 0xBA, 0x25, 0xBA, 0x25, 0xBA, 0x00, 0xA3, 
	0x00, 0x00, 0x00, 0x00, 0x00, 0x00, 0x00, 0x00, 0x00, 0x00, 0x00, 0x00, 0x00, 0x00, 0x00, 0x00, 
	0x00, 0x00, 0x00, 0x00, 0x00, 0x00, 0x00, 0x00, 0x00, 0x00, 0x00, 0x00, 0x00, 0x00, 0x00, 0x00, 
	0x00, 0x00, 0x00, 0x00, 0x00, 0x00, 0x00, 0x00, 0x00, 0x00, 0x00, 0x00, 0x00, 0x00, 0x00, 0x00, 
	0x00, 0x00, 0x00, 0x00, 0x00, 0x00, 0x00, 0x00, 0x00, 0x00, 0x00, 0x00, 0x09, 0xCD, 0x09, 0xCD, 
	0x09, 0xCD, 0x09, 0xCD, 0x09, 0xCD, 0x09, 0xCD, 0x09, 0xCD, 0x09, 0xCD, 0x09, 0xCD, 0x09, 0xCD, 
	0x09, 0xCD, 0x09, 0xCD, 0x09, 0xCD, 0x09, 0xCD, 0x09, 0xCD, 0x09, 0xCD, 0x09, 0xCD, 0x09, 0xCD, 
	0x09, 0xCD, 0x09, 0xCD, 0x09, 0xCD, 0x09, 0xCD, 0x09, 0xCD, 0x09, 0xCD, 0x09, 0xCD, 0x09, 0xCD, 
	0x09, 0xCD, 0x09, 0xCD, 0x09, 0xCD, 0x09, 0xCD, 0x09, 0xCD, 0x09, 0xCD, 0x09, 0xCD, 0x09, 0xCD, 
	0x09, 0xCD, 0x09, 0xCD, 0x09, 0xCD, 0x09, 0xCD, 0x09, 0xCD, 0x09, 0xCD, 0x09, 0xCD, 0x09, 0xCD, 
	0x09, 0xCD, 0x09, 0xCD, 0x09, 0xCD, 0x00, 0x00, 0x00, 0x00, 0x00, 0x00, 0x00, 0x00, 0x00, 0x00, 
	0x00, 0x00, 0x00, 0x00, 0x00, 0x00, 0x00, 0x00, 0x00, 0x00, 0x00, 0x00, 0x00, 0x00, 0x00, 0x00, 
	0x00, 0x00, 0x00, 0x00, 0x00, 0x00, 0x00, 0x00, 0x00, 0x00, 0x00, 0x00, 0x00, 0x00, 0x00, 0x00, 
	0x00, 0x00, 0x00, 0x00, 0x00, 0x00, 0x00, 0x00, 0x00, 0x00, 0x00, 0x00, 0x00, 0x00, 0x00, 0x00, 
	0x00, 0x00, 0x00, 0x00, 0x00, 0x00, 0x00, 0x00, 0x00, 0x00, 0x09, 0xAC, 0x09, 0xCD, 0x09, 0xCD, 
	0x09, 0xCD, 0x09, 0xCD, 0x09, 0xCD, 0x09, 0xCD, 0x09, 0xCD, 0x09, 0xCD, 0x09, 0xCD, 0x09, 0xCD, 
	0x09, 0xCD, 0x09, 0xCD, 0x09, 0xCD, 0x09, 0xCD, 0x09, 0xCD, 0x09, 0xCD, 0x09, 0xCD, 0x09, 0xCD, 
	0x09, 0xCD, 0x09, 0xCD, 0x09, 0xCD, 0x09, 0xCD, 0x09, 0xCD, 0x09, 0xCD, 0x09, 0xCD, 0x09, 0xCD, 
	0x09, 0xCD, 0x09, 0xCD, 0x09, 0xCD, 0x09, 0xCD, 0x09, 0xCD, 0x09, 0xCD, 0x09, 0xCD, 0x09, 0xCD, 
	0x09, 0xCD, 0x09, 0xCD, 0x09, 0xCD, 0x09, 0xCD, 0x00, 0x00, 0x00, 0x00, 0x00, 0x00, 0x00, 0x00, 
	0x00, 0x00, 0x00, 0x00, 0x00, 0x00, 0x00, 0x00, 0x00, 0x00, 0x00, 0x00, 0x00, 0x00, 0x00, 0x00, 
	0x00, 0x00, 0x00, 0x00, 0x00, 0x00, 0x00, 0x00, 0x00, 0x00, 0x00, 0x00, 0x00, 0x00, 0x00, 0x00, 
	0x00, 0x00, 0x00, 0x00, 0x25, 0xBA, 0x25, 0xBA, 0x25, 0xBA, 0x25, 0xBA, 0x25, 0xBA, 0x25, 0xBA, 
	0x25, 0xBA, 0x25, 0xBA, 0x25, 0xBA, 0x25, 0xBA, 0x25, 0xBA, 0x25, 0xBA, 0x25, 0xBA, 0x25, 0xBA, 
	0x25, 0xBA, 0x25, 0xBA, 0x25, 0xBA, 0x25, 0xBA, 0x25, 0xBA, 0x25, 0xBA, 0x25, 0xBA, 0x25, 0xBA, 
	0x25, 0xBA, 0x25, 0xBA, 0x25, 0xBA, 0x25, 0xBA, 0x25, 0xBA, 0x25, 0xBA, 0x25, 0xBA, 0x25, 0xBA, 
	0x25, 0xBA, 0x25, 0xBA, 0x25, 0xBA, 0x25, 0xBA, 0x25, 0xBA, 0x00, 0x00, 0x00, 0x00, 0x00, 0x00, 
	0x00, 0x00, 0x00, 0x00, 0x00, 0x00, 0x00, 0x00, 0x00, 0x00, 0x00, 0x00, 0x00, 0x00, 0x00, 0x00, 
	0x00, 0x00, 0x00, 0x00, 0x00, 0x00, 0x00, 0x00, 0x1C, 0x54, 0x25, 0xBA, 0x25, 0xBA, 0x25, 0xBA, 
	0x25, 0xBA, 0x25, 0xBA, 0x25, 0xBA, 0x25, 0xBA, 0x25, 0xBA, 0x25, 0xBA, 0x25, 0xBA, 0x25, 0xBA, 
	0x25, 0xBA, 0x25, 0xBA, 0x25, 0xBA, 0x25, 0xBA, 0x1D, 0x59, 0x00, 0x00, 0x00, 0x00, 0x00, 0x00, 
	0x00, 0x00, 0x00, 0x00, 0x00, 0x00, 0x00, 0x00, 0x00, 0x00, 0x00, 0x00, 0x00, 0x00, 0x00, 0x00, 
	0x00, 0x00, 0x00, 0x00, 0x00, 0x00, 0x00, 0x00, 0x00, 0x00, 0x25, 0xBA, 0x25, 0xBA, 0x25, 0xBA, 
	0x25, 0xBA, 0x25, 0xBA, 0x25, 0xBA, 0x25, 0xBA, 0x25, 0xBA, 0x25, 0xBA, 0x25, 0xBA, 0x25, 0xBA, 
	0x25, 0xBA, 0x25, 0xBA, 0x25, 0xBA, 0x25, 0xBA, 0x25, 0xBA, 0x25, 0xBA, 0x25, 0xBA, 0x25, 0xBA, 
	0x25, 0xBA, 0x25, 0xBA, 0x25, 0xBA, 0x25, 0xBA, 0x25, 0xBA, 0x25, 0xBA, 0x25, 0xBA, 0x25, 0xBA, 
	0x25, 0xBA, 0x25, 0xBA, 0x25, 0xBA, 0x25, 0xBA, 0x25, 0xBA, 0x25, 0xBA, 0x25, 0xBA, 0x25, 0xBA, 
	0x00, 0x00, 0x00, 0x00, 0x00, 0x00, 0x00, 0x00, 0x00, 0x00, 0x00, 0x00, 0x00, 0x00, 0x00, 0x00, 
	0x00, 0x00, 0x00, 0x00, 0x00, 0x00, 0x00, 0x00, 0x25, 0xBA, 0x25, 0xBA, 0x25, 0xBA, 0x25, 0xBA, 
	0x25, 0xBA, 0x25, 0xBA, 0x25, 0xBA, 0x25, 0xBA, 0x25, 0xBA, 0x25, 0xBA, 0x25, 0xBA, 0x25, 0xBA, 
	0x25, 0xBA, 0x25, 0xBA, 0x25, 0xBA, 0x25, 0xBA, 0x25, 0xBA, 0x1C, 0x54, 0x00, 0x00, 0x00, 0x00, 
	0x00, 0x00, 0x00, 0x00, 0x00, 0x00, 0x00, 0x00, 0x00, 0x00, 0x00, 0x00, 0x00, 0x00, 0x00, 0x00, 
	0x00, 0x00, 0x00, 0x00, 0x00, 0x00, 0x00, 0x00, 0x00, 0x00, 0x00, 0x00, 0x00, 0x00, 0x00, 0x00, 
	0x00, 0x00, 0x00, 0x00, 0x00, 0x00, 0x00, 0x00, 0x00, 0x00, 0x00, 0x00, 0x00, 0x00, 0x00, 0x00, 
	0x00, 0x00, 0x00, 0x00, 0x00, 0x00, 0x00, 0x00, 0x00, 0x00, 0x00, 0x00, 0x00, 0x00, 0x00, 0x00, 
	0x09, 0xCD, 0x09, 0xCD, 0x09, 0xCD, 0x09, 0xCD, 0x09, 0xCD, 0x09, 0xCD, 0x09, 0xCD, 0x09, 0xCD, 
	0x09, 0xCD, 0x09, 0xCD, 0x09, 0xCD, 0x09, 0xCD, 0x09, 0xCD, 0x09, 0xCD, 0x09, 0xCD, 0x09, 0xCD, 
	0x09, 0xCD, 0x09, 0xCD, 0x09, 0xCD, 0x09, 0xCD, 0x09, 0xCD, 0x09, 0xCD, 0x09, 0xCD, 0x09, 0xCD, 
	0x09, 0xCD, 0x09, 0xCD, 0x09, 0xCD, 0x09, 0xCD, 0x09, 0xCD, 0x09, 0xCD, 0x09, 0xCD, 0x09, 0xCD, 
	0x09, 0xCD, 0x09, 0xCD, 0x09, 0xCD, 0x09, 0xCD, 0x09, 0xCD, 0x09, 0xCD, 0x09, 0xCD, 0x09, 0xCD, 
	0x09, 0xCD, 0x00, 0x00, 0x00, 0x00, 0x00, 0x00, 0x00, 0x00, 0x00, 0x00, 0x00, 0x00, 0x00, 0x00, 
	0x00, 0x00, 0x00, 0x00, 0x00, 0x00, 0x00, 0x00, 0x00, 0x00, 0x00, 0x00, 0x00, 0x00, 0x00, 0x00, 
	0x00, 0x00, 0x00, 0x00, 0x00, 0x00, 0x00, 0x00, 0x00, 0x00, 0x00, 0x00, 0x00, 0x00, 0x00, 0x00, 
	0x00, 0x00, 0x00, 0x00, 0x00, 0x00, 0x00, 0x00, 0x00, 0x00, 0x00, 0x00, 0x00, 0x00, 0x00, 0x00, 
	0x00, 0x00, 0x00, 0x00, 0x00, 0x00, 0x00, 0x00, 0x00, 0x00, 0x00, 0x00, 0x00, 0x00, 0x09, 0xCD, 
	0x09, 0xCD, 0x09, 0xCD, 0x09, 0xCD, 0x09, 0xCD, 0x09, 0xCD, 0x09, 0xCD, 0x09, 0xCD, 0x09, 0xCD, 
	0x09, 0xCD, 0x09, 0xCD, 0x09, 0xCD, 0x09, 0xCD, 0x09, 0xCD, 0x09, 0xCD, 0x09, 0xCD, 0x09, 0xCD, 
	0x09, 0xCD, 0x09, 0xCD, 0x09, 0xCD, 0x09, 0xCD, 0x09, 0xCD, 0x09, 0xCD, 0x09, 0xCD, 0x09, 0xCD, 
	0x09, 0xCD, 0x09, 0xCD, 0x09, 0xCD, 0x09, 0xCD, 0x09, 0xCD, 0x09, 0xCD, 0x09, 0xCD, 0x09, 0xCD, 
	0x09, 0xCD, 0x09, 0xCD, 0x00, 0x84, 0x00, 0x00, 0x00, 0x00, 0x00, 0x00, 0x00, 0x00, 0x00, 0x00, 
	0x00, 0x00, 0x00, 0x00, 0x00, 0x00, 0x00, 0x00, 0x00, 0x00, 0x00, 0x00, 0x00, 0x00, 0x00, 0x00, 
	0x00, 0x00, 0x00, 0x00, 0x00, 0x00, 0x00, 0x00, 0x00, 0x00, 0x00, 0x00, 0x00, 0x00, 0x00, 0x00, 
	0x00, 0x00, 0x00, 0x00, 0x1C, 0x54, 0x1C, 0x54, 0x1C, 0x54, 0x1C, 0x54, 0x1C, 0x54, 0x1C, 0x54, 
	0x1C, 0x54, 0x1C, 0x54, 0x1C, 0x54, 0x1C, 0x54, 0x1C, 0x54, 0x1C, 0x54, 0x1C, 0x54, 0x1C, 0x54, 
	0x1C, 0x54, 0x1C, 0x54, 0x1C, 0x54, 0x1C, 0x54, 0x1C, 0x54, 0x1C, 0x54, 0x1C, 0x54, 0x1C, 0x54, 
	0x1C, 0x54, 0x1C, 0x54, 0x1C, 0x54, 0x1C, 0x54, 0x1C, 0x54, 0x1C, 0x54, 0x1C, 0x54, 0x1C, 0x54, 
	0x1C, 0x54, 0x1C, 0x54, 0x1C, 0x54, 0x1C, 0x54, 0x1C, 0x54, 0x00, 0x00, 0x00, 0x00, 0x00, 0x00, 
	0x00, 0x00, 0x00, 0x00, 0x00, 0x00, 0x00, 0x00, 0x00, 0x00, 0x00, 0x00, 0x00, 0x00, 0x00, 0x00, 
	0x00, 0x00, 0x00, 0x00, 0x00, 0x00, 0x00, 0x00, 0x00, 0x00, 0x00, 0x00, 0x00, 0x00, 0x25, 0xBA, 
	0x25, 0xBA, 0x25, 0xBA, 0x25, 0xBA, 0x25, 0xBA, 0x25, 0xBA, 0x25, 0xBA, 0x25, 0xBA, 0x25, 0xBA, 
	0x25, 0xBA, 0x25, 0xBA, 0x01, 0x05, 0x00, 0x00, 0x00, 0x00, 0x00, 0x00, 0x00, 0x00, 0x00, 0x00, 
	0x00, 0x00, 0x00, 0x00, 0x00, 0x00, 0x00, 0x00, 0x00, 0x00, 0x00, 0x00, 0x00, 0x00, 0x00, 0x00, 
	0x00, 0x00, 0x00, 0x00, 0x00, 0x00, 0x00, 0x00, 0x00, 0x00, 0x1C, 0x54, 0x1C, 0x54, 0x1C, 0x54, 
	0x1C, 0x54, 0x1C, 0x54, 0x1C, 0x54, 0x1C, 0x54, 0x1C, 0x54, 0x1C, 0x54, 0x1C, 0x54, 0x1C, 0x54, 
	0x1C, 0x54, 0x1C, 0x54, 0x1C, 0x54, 0x1C, 0x54, 0x1C, 0x54, 0x1C, 0x54, 0x1C, 0x54, 0x1C, 0x54, 
	0x1C, 0x54, 0x1C, 0x54, 0x1C, 0x54, 0x1C, 0x54, 0x1C, 0x54, 0x1C, 0x54, 0x1C, 0x54, 0x1C, 0x54, 
	0x1C, 0x54, 0x1C, 0x54, 0x1C, 0x54, 0x1C, 0x54, 0x1C, 0x54, 0x1C, 0x54, 0x1C, 0x54, 0x1C, 0x54, 
	0x00, 0x00, 0x00, 0x00, 0x00, 0x00, 0x00, 0x00, 0x00, 0x00, 0x00, 0x00, 0x00, 0x00, 0x00, 0x00, 
	0x00, 0x00, 0x00, 0x00, 0x00, 0x00, 0x00, 0x00, 0x00, 0x00, 0x00, 0x00, 0x00, 0x00, 0x25, 0xBA, 
	0x25, 0xBA, 0x25, 0xBA, 0x25, 0xBA, 0x25, 0xBA, 0x25, 0xBA, 0x25, 0xBA, 0x25, 0xBA, 0x25, 0xBA, 
	0x25, 0xBA, 0x25, 0xBA, 0x13, 0xF2, 0x00, 0x00, 0x00, 0x00, 0x00, 0x00, 0x00, 0x00, 0x00, 0x00, 
	0x00, 0x00, 0x00, 0x00, 0x00, 0x00, 0x00, 0x00, 0x00, 0x00, 0x00, 0x00, 0x00, 0x00, 0x00, 0x00, 
	0x00, 0x00, 0x00, 0x00, 0x00, 0x00, 0x00, 0x00, 0x00, 0x00, 0x00, 0x00, 0x00, 0x00, 0x00, 0x00, 
	0x00, 0x00, 0x00, 0x00, 0x00, 0x00, 0x00, 0x00, 0x00, 0x00, 0x00, 0x00, 0x00, 0x00, 0x00, 0x00, 
	0x00, 0x00, 0x00, 0x00, 0x00, 0x00, 0x00, 0x00, 0x00, 0x00, 0x00, 0x00, 0x00, 0x00, 0x00, 0x00, 
	0x00, 0x00, 0x09, 0x4A, 0x09, 0xCD, 0x09, 0xCD, 0x09, 0xCD, 0x09, 0xCD, 0x09, 0xCD, 0x09, 0xCD, 
	0x09, 0xCD, 0x09, 0xCD, 0x09, 0xCD, 0x09, 0xCD, 0x09, 0xCD, 0x09, 0xCD, 0x09, 0xCD, 0x09, 0xCD, 
	0x09, 0xCD, 0x09, 0xCD, 0x09, 0xCD, 0x09, 0xCD, 0x09, 0xCD, 0x09, 0xCD, 0x09, 0xCD, 0x09, 0xCD, 
	0x09, 0xCD, 0x09, 0xCD, 0x09, 0xCD, 0x09, 0xCD, 0x09, 0xCD, 0x09, 0xCD, 0x09, 0xCD, 0x09, 0xCD, 
	0x09, 0xCD, 0x09, 0xCD, 0x09, 0xCD, 0x09, 0xCD, 0x09, 0xCD, 0x09, 0xCD, 0x09, 0xCD, 0x00, 0xE6, 
	0x00, 0x00, 0x00, 0x00, 0x00, 0x00, 0x00, 0x00, 0x00, 0x00, 0x00, 0x00, 0x00, 0x00, 0x00, 0x00, 
	0x00, 0x00, 0x00, 0x00, 0x00, 0x00, 0x00, 0x00, 0x00, 0x00, 0x00, 0x00, 0x00, 0x00, 0x00, 0x00, 
	0x00, 0x00, 0x00, 0x00, 0x00, 0x00, 0x00, 0x00, 0x00, 0x00, 0x00, 0x00, 0x00, 0x00, 0x00, 0x00, 
	0x00, 0x00, 0x00, 0x00, 0x00, 0x00, 0x00, 0x00, 0x00, 0x00, 0x00, 0x00, 0x00, 0x00, 0x00, 0x00, 
	0x00, 0x00, 0x00, 0x00, 0x00, 0x00, 0x00, 0x00, 0x00, 0x00, 0x00, 0x00, 0x00, 0x00, 0x00, 0x00, 
	0x09, 0xCD, 0x09, 0xCD, 0x09, 0xCD, 0x09, 0xCD, 0x09, 0xCD, 0x09, 0xCD, 0x09, 0xCD, 0x09, 0xCD, 
	0x09, 0xCD, 0x09, 0xCD, 0x09, 0xCD, 0x09, 0xCD, 0x09, 0xCD, 0x09, 0xCD, 0x09, 0xCD, 0x09, 0xCD, 
	0x09, 0xCD, 0x09, 0xCD, 0x09, 0xCD, 0x09, 0xCD, 0x09, 0xCD, 0x09, 0xCD, 0x09, 0xCD, 0x09, 0xCD, 
	0x09, 0xCD, 0x09, 0xCD, 0x09, 0xCD, 0x09, 0xCD, 0x09, 0xCD, 0x09, 0xCD, 0x09, 0xCD, 0x09, 0xCD, 
	0x09, 0xCD, 0x00, 0x00, 0x00, 0x00, 0x00, 0x00, 0x00, 0x00, 0x00, 0x00, 0x00, 0x00, 0x00, 0x00, 
	0x00, 0x00, 0x00, 0x00, 0x00, 0x00, 0x00, 0x00, 0x00, 0x00, 0x00, 0x00, 0x00, 0x00, 0x00, 0x00, 
	0x00, 0x00, 0x00, 0x00, 0x00, 0x00, 0x00, 0x00, 0x00, 0x00, 0x00, 0x00, 0x00, 0x00, 0x00, 0x00, 
	0x00, 0x00, 0x00, 0x00, 0x00, 0x00, 0x00, 0x00, 0x00, 0x00, 0x00, 0x00, 0x00, 0x00, 0x00, 0x00, 
	0x00, 0x00, 0x00, 0x00, 0x00, 0x00, 0x00, 0x00, 0x00, 0x00, 0x00, 0x00, 0x00, 0x00, 0x00, 0x00, 
	0x00, 0x00, 0x00, 0x00, 0x00, 0x00, 0x00, 0x00, 0x00, 0x00, 0x00, 0x00, 0x00, 0x00, 0x00, 0x00, 
	0x00, 0x00, 0x00, 0x00, 0x00, 0x00, 0x00, 0x00, 0x00, 0x00, 0x00, 0x00, 0x00, 0x00, 0x00, 0x00, 
	0x00, 0x00, 0x00, 0x00, 0x00, 0x00, 0x00, 0x00, 0x00, 0x00, 0x00, 0x00, 0x00, 0x00, 0x00, 0x00, 
	0x00, 0x00, 0x00, 0x00, 0x00, 0x00, 0x00, 0x00, 0x00, 0x00, 0x00, 0x00, 0x00, 0x00, 0x00, 0x00, 
	0x00, 0x00, 0x00, 0x00, 0x00, 0x00, 0x00, 0x00, 0x00, 0x00, 0x00, 0x00, 0x00, 0x00, 0x00, 0x00, 
	0x00, 0x00, 0x00, 0x00, 0x00, 0x00, 0x09, 0x66, 0x12, 0xCD, 0x0A, 0x8B, 0x00, 0x41, 0x00, 0x00, 
	0x00, 0x00, 0x00, 0x00, 0x00, 0x00, 0x00, 0x00, 0x00, 0x00, 0x00, 0x00, 0x00, 0x00, 0x00, 0x00, 
	0x00, 0x00, 0x00, 0x00, 0x00, 0x00, 0x00, 0x00, 0x00, 0x00, 0x00, 0x00, 0x00, 0x00, 0x00, 0x00, 
	0x00, 0x00, 0x00, 0x00, 0x00, 0x00, 0x00, 0x00, 0x00, 0x00, 0x00, 0x00, 0x00, 0x00, 0x00, 0x00, 
	0x00, 0x00, 0x00, 0x00, 0x00, 0x00, 0x00, 0x00, 0x00, 0x00, 0x00, 0x00, 0x00, 0x00, 0x00, 0x00, 
	0x00, 0x00, 0x00, 0x00, 0x00, 0x00, 0x00, 0x00, 0x00, 0x00, 0x00, 0x00, 0x00, 0x00, 0x00, 0x00, 
	0x00, 0x00, 0x00, 0x00, 0x00, 0x00, 0x00, 0x00, 0x00, 0x00, 0x00, 0x00, 0x00, 0x00, 0x00, 0x00, 
	0x00, 0x00, 0x00, 0x00, 0x00, 0x00, 0x00, 0x00, 0x00, 0x00, 0x00, 0x00, 0x00, 0x00, 0x00, 0x00, 
	0x00, 0x00, 0x00, 0x00, 0x00, 0x00, 0x00, 0x00, 0x00, 0x00, 0x00, 0x00, 0x00, 0x00, 0x00, 0x00, 
	0x00, 0x00, 0x00, 0x00, 0x00, 0x00, 0x00, 0x00, 0x00, 0x00, 0x00, 0x00, 0x00, 0x00, 0x00, 0x00, 
	0x00, 0x00, 0x00, 0x00, 0x00, 0x00, 0x09, 0x66, 0x12, 0xCD, 0x12, 0xCD, 0x09, 0x66, 0x00, 0x00, 
	0x00, 0x00, 0x00, 0x00, 0x00, 0x00, 0x00, 0x00, 0x00, 0x00, 0x00, 0x00, 0x00, 0x00, 0x00, 0x00, 
	0x00, 0x00, 0x00, 0x00, 0x00, 0x00, 0x00, 0x00, 0x00, 0x00, 0x00, 0x00, 0x00, 0x00, 0x00, 0x00, 
	0x00, 0x00, 0x00, 0x00, 0x00, 0x00, 0x00, 0x00, 0x00, 0x00, 0x00, 0x00, 0x00, 0x00, 0x00, 0x00, 
	0x00, 0x00, 0x00, 0x00, 0x00, 0x00, 0x00, 0x00, 0x00, 0x00, 0x00, 0x00, 0x00, 0x00, 0x00, 0x00, 
	0x00, 0x00, 0x00, 0x00, 0x00, 0x00, 0x00, 0x00, 0x00, 0x00, 0x00, 0x00, 0x00, 0x00, 0x00, 0x00, 
	0x00, 0x00, 0x00, 0x00, 0x00, 0x00, 0x09, 0x4A, 0x09, 0xCD, 0x09, 0xCD, 0x09, 0xCD, 0x09, 0xCD, 
	0x09, 0xCD, 0x09, 0xCD, 0x09, 0xCD, 0x09, 0xCD, 0x09, 0xCD, 0x09, 0xCD, 0x09, 0xCD, 0x09, 0xCD, 
	0x09, 0xCD, 0x09, 0xCD, 0x09, 0xCD, 0x09, 0xCD, 0x09, 0xCD, 0x09, 0xCD, 0x09, 0xCD, 0x09, 0xCD, 
	0x09, 0xCD, 0x09, 0xCD, 0x09, 0xCD, 0x09, 0xCD, 0x09, 0xCD, 0x09, 0xCD, 0x09, 0xCD, 0x09, 0xCD, 
	0x09, 0xCD, 0x09, 0xCD, 0x09, 0xCD, 0x09, 0xCD, 0x09, 0xCD, 0x09, 0x4A, 0x00, 0x00, 0x00, 0x00, 
	0x00, 0x00, 0x00, 0x00, 0x00, 0x00, 0x00, 0x00, 0x00, 0x00, 0x00, 0x00, 0x00, 0x00, 0x00, 0x00, 
	0x00, 0x00, 0x00, 0x00, 0x00, 0x00, 0x00, 0x00, 0x00, 0x00, 0x00, 0x00, 0x00, 0x00, 0x00, 0x00, 
	0x00, 0x00, 0x00, 0x00, 0x00, 0x00, 0x00, 0x00, 0x00, 0x00, 0x00, 0x00, 0x00, 0x00, 0x00, 0x00, 
	0x00, 0x00, 0x00, 0x00, 0x00, 0x00, 0x00, 0x00, 0x00, 0x00, 0x00, 0x00, 0x00, 0x00, 0x00, 0x00, 
	0x00, 0x00, 0x00, 0x00, 0x00, 0x00, 0x00, 0x00, 0x00, 0x00, 0x00, 0x00, 0x00, 0x00, 0x00, 0x00, 
	0x00, 0x00, 0x00, 0x00, 0x09, 0xCD, 0x09, 0xCD, 0x09, 0xCD, 0x09, 0xCD, 0x09, 0xCD, 0x09, 0xCD, 
	0x09, 0xCD, 0x09, 0xCD, 0x09, 0xCD, 0x09, 0xCD, 0x09, 0xCD, 0x09, 0xCD, 0x09, 0xCD, 0x09, 0xCD, 
	0x09, 0xCD, 0x09, 0xCD, 0x09, 0xCD, 0x09, 0xCD, 0x09, 0xCD, 0x09, 0xCD, 0x09, 0xCD, 0x09, 0xCD, 
	0x09, 0xCD, 0x09, 0xCD, 0x09, 0xCD, 0x09, 0xCD, 0x09, 0xCD, 0x09, 0xCD, 0x09, 0xCD, 0x01, 0x08, 
	0x00, 0x00, 0x00, 0x00, 0x00, 0x00, 0x00, 0x00, 0x00, 0x00, 0x00, 0x00, 0x00, 0x00, 0x00, 0x00, 
	0x00, 0x00, 0x00, 0x00, 0x00, 0x00, 0x00, 0x00, 0x00, 0x00, 0x00, 0x00, 0x00, 0x00, 0x00, 0x00, 
	0x00, 0x00, 0x00, 0x00, 0x00, 0x00, 0x00, 0x00, 0x00, 0x00, 0x00, 0x00, 0x00, 0x00, 0x00, 0x00, 
	0x00, 0x00, 0x00, 0x00, 0x00, 0x00, 0x00, 0x00, 0x00, 0x00, 0x00, 0x00, 0x00, 0x00, 0x00, 0x00, 
	0x00, 0x00, 0x00, 0x00, 0x00, 0x00, 0x00, 0x00, 0x00, 0x00, 0x00, 0x00, 0x00, 0x00, 0x00, 0x00, 
	0x00, 0x00, 0x00, 0x00, 0x00, 0x00, 0x00, 0x00, 0x00, 0x00, 0x00, 0x00, 0x00, 0x00, 0x00, 0x00, 
	0x00, 0x00, 0x00, 0x00, 0x00, 0x00, 0x00, 0x00, 0x00, 0x00, 0x00, 0x00, 0x00, 0x00, 0x00, 0x00, 
	0x00, 0x00, 0x00, 0x00, 0x00, 0x00, 0x00, 0x00, 0x00, 0x00, 0x00, 0x00, 0x00, 0x00, 0x00, 0x00, 
	0x00, 0x00, 0x00, 0x00, 0x00, 0x00, 0x00, 0x00, 0x00, 0x00, 0x00, 0x00, 0x00, 0x00, 0x00, 0x00, 
	0x00, 0x00, 0x00, 0x00, 0x00, 0x00, 0x00, 0x00, 0x00, 0x00, 0x00, 0x00, 0x00, 0x00, 0x00, 0x00, 
	0x00, 0x00, 0x00, 0x00, 0x00, 0x00, 0x00, 0x00, 0x00, 0x00, 0x00, 0x00, 0x00, 0x00, 0x00, 0x00, 
	0x00, 0x00, 0x00, 0x00, 0x00, 0x00, 0x00, 0x00, 0x00, 0x00, 0x00, 0x00, 0x00, 0x00, 0x00, 0x00, 
	0x00, 0x00, 0x00, 0x00, 0x00, 0x00, 0x00, 0x00, 0x00, 0x00, 0x00, 0x00, 0x00, 0x00, 0x00, 0x00, 
	0x00, 0x00, 0x00, 0x00, 0x00, 0x00, 0x00, 0x00, 0x00, 0x00, 0x00, 0x00, 0x00, 0x00, 0x00, 0x00, 
	0x00, 0x00, 0x00, 0x00, 0x00, 0x00, 0x00, 0x00, 0x00, 0x00, 0x00, 0x00, 0x00, 0x00, 0x00, 0x00, 
	0x00, 0x00, 0x00, 0x00, 0x00, 0x00, 0x00, 0x00, 0x00, 0x00, 0x00, 0x00, 0x00, 0x00, 0x00, 0x00, 
	0x00, 0x00, 0x00, 0x00, 0x00, 0x00, 0x00, 0x00, 0x00, 0x00, 0x00, 0x00, 0x00, 0x00, 0x00, 0x00, 
	0x00, 0x00, 0x00, 0x00, 0x00, 0x00, 0x00, 0x00, 0x00, 0x00, 0x00, 0x00, 0x00, 0x00, 0x00, 0x00, 
	0x00, 0x00, 0x00, 0x00, 0x00, 0x00, 0x00, 0x00, 0x00, 0x00, 0x00, 0x00, 0x00, 0x00, 0x00, 0x00, 
	0x00, 0x00, 0x00, 0x00, 0x00, 0x00, 0x00, 0x00, 0x00, 0x00, 0x00, 0x00, 0x00, 0x00, 0x00, 0x00, 
	0x00, 0x00, 0x00, 0x00, 0x00, 0x00, 0x00, 0x00, 0x00, 0x00, 0x00, 0x00, 0x00, 0x00, 0x00, 0x00, 
	0x00, 0x00, 0x00, 0x00, 0x00, 0x00, 0x00, 0x00, 0x00, 0x00, 0x00, 0x00, 0x00, 0x00, 0x00, 0x00, 
	0x00, 0x00, 0x00, 0x00, 0x00, 0x00, 0x00, 0x00, 0x00, 0x00, 0x00, 0x00, 0x00, 0x00, 0x00, 0x00, 
	0x00, 0x00, 0x00, 0x00, 0x00, 0x00, 0x00, 0x00, 0x00, 0x00, 0x00, 0x00, 0x00, 0x00, 0x00, 0x00, 
	0x00, 0x00, 0x00, 0x00, 0x00, 0x00, 0x00, 0x00, 0x00, 0x00, 0x00, 0x00, 0x00, 0x00, 0x00, 0x00, 
	0x00, 0x00, 0x00, 0x00, 0x00, 0x00, 0x00, 0x00, 0x00, 0x00, 0x00, 0x00, 0x00, 0x00, 0x00, 0x00, 
	0x00, 0x00, 0x00, 0x00, 0x00, 0x00, 0x00, 0x00, 0x00, 0x00, 0x01, 0x29, 0x09, 0xCD, 0x09, 0xCD, 
	0x09, 0xCD, 0x09, 0xCD, 0x09, 0xCD, 0x09, 0xCD, 0x09, 0xCD, 0x09, 0xCD, 0x09, 0xCD, 0x09, 0xCD, 
	0x09, 0xCD, 0x09, 0xCD, 0x09, 0xCD, 0x09, 0xCD, 0x09, 0xCD, 0x09, 0xCD, 0x09, 0xCD, 0x09, 0xCD, 
	0x09, 0xCD, 0x09, 0xCD, 0x09, 0xCD, 0x09, 0xCD, 0x09, 0xCD, 0x09, 0xCD, 0x09, 0xCD, 0x09, 0xCD, 
	0x09, 0xCD, 0x09, 0xCD, 0x09, 0xCD, 0x09, 0x8B, 0x00, 0x00, 0x00, 0x00, 0x00, 0x00, 0x00, 0x00, 
	0x00, 0x00, 0x00, 0x00, 0x00, 0x00, 0x00, 0x00, 0x00, 0x00, 0x00, 0x00, 0x00, 0x00, 0x00, 0x00, 
	0x00, 0x00, 0x00, 0x00, 0x00, 0x00, 0x00, 0x00, 0x00, 0x00, 0x00, 0x00, 0x00, 0x00, 0x00, 0x00, 
	0x00, 0x00, 0x00, 0x00, 0x00, 0x00, 0x00, 0x00, 0x00, 0x00, 0x00, 0x00, 0x00, 0x00, 0x00, 0x00, 
	0x00, 0x00, 0x00, 0x00, 0x00, 0x00, 0x00, 0x00, 0x00, 0x00, 0x00, 0x00, 0x00, 0x00, 0x00, 0x00, 
	0x00, 0x00, 0x00, 0x00, 0x00, 0x00, 0x00, 0x00, 0x00, 0x00, 0x00, 0x00, 0x00, 0x00, 0x00, 0x00, 
	0x00, 0x00, 0x00, 0x00, 0x00, 0x00, 0x01, 0x08, 0x09, 0xCD, 0x09, 0xCD, 0x09, 0xCD, 0x09, 0xCD, 
	0x09, 0xCD, 0x09, 0xCD, 0x09, 0xCD, 0x09, 0xCD, 0x09, 0xCD, 0x09, 0xCD, 0x09, 0xCD, 0x09, 0xCD, 
	0x09, 0xCD, 0x09, 0xCD, 0x09, 0xCD, 0x09, 0xCD, 0x09, 0xCD, 0x09, 0xCD, 0x09, 0xCD, 0x09, 0xCD, 
	0x09, 0xCD, 0x09, 0xCD, 0x09, 0xCD, 0x09, 0xCD, 0x09, 0xCD, 0x09, 0x8B, 0x00, 0x00, 0x00, 0x00, 
	0x00, 0x00, 0x00, 0x00, 0x00, 0x00, 0x00, 0x00, 0x00, 0x00, 0x00, 0x00, 0x00, 0x00, 0x00, 0x00, 
	0x00, 0x00, 0x00, 0x00, 0x00, 0x00, 0x00, 0x00, 0x00, 0x00, 0x00, 0x00, 0x00, 0x00, 0x00, 0x00, 
	0x00, 0x00, 0x00, 0x00, 0x00, 0x00, 0x00, 0x00, 0x00, 0x00, 0x00, 0x00, 0x00, 0x00, 0x00, 0x00, 
	0x00, 0x00, 0x00, 0x00, 0x00, 0x00, 0x00, 0x00, 0x00, 0x00, 0x00, 0x00, 0x00, 0x00, 0x00, 0x00, 
	0x00, 0x00, 0x00, 0x00, 0x00, 0x00, 0x00, 0x00, 0x00, 0x00, 0x00, 0x00, 0x00, 0x00, 0x00, 0x00, 
	0x00, 0x00, 0x00, 0x00, 0x00, 0x00, 0x00, 0x00, 0x00, 0x00, 0x00, 0x00, 0x00, 0x00, 0x00, 0x00, 
	0x00, 0x00, 0x00, 0x00, 0x00, 0x00, 0x00, 0x00, 0x00, 0x00, 0x00, 0x00, 0x00, 0x00, 0x00, 0x00, 
	0x00, 0x00, 0x00, 0x00, 0x00, 0x00, 0x00, 0x00, 0x00, 0x00, 0x00, 0x00, 0x00, 0x00, 0x00, 0x00, 
	0x00, 0x00, 0x00, 0x00, 0x00, 0x00, 0x00, 0x00, 0x00, 0x00, 0x00, 0x00, 0x00, 0x00, 0x00, 0x00, 
	0x00, 0x00, 0x00, 0x00, 0x00, 0x00, 0x00, 0x00, 0x00, 0x00, 0x00, 0x00, 0x00, 0x00, 0x00, 0x00, 
	0x00, 0x00, 0x00, 0x00, 0x00, 0x00, 0x00, 0x00, 0x00, 0x00, 0x00, 0x00, 0x00, 0x00, 0x00, 0x00, 
	0x00, 0x00, 0x00, 0x00, 0x00, 0x00, 0x00, 0x00, 0x00, 0x00, 0x00, 0x00, 0x00, 0x00, 0x00, 0x00, 
	0x00, 0x00, 0x00, 0x00, 0x00, 0x00, 0x00, 0x00, 0x00, 0x00, 0x00, 0x00, 0x00, 0x00, 0x00, 0x00, 
	0x00, 0x00, 0x00, 0x00, 0x00, 0x00, 0x00, 0x00, 0x00, 0x00, 0x00, 0x00, 0x00, 0x00, 0x00, 0x00, 
	0x00, 0x00, 0x00, 0x00, 0x00, 0x00, 0x00, 0x00, 0x00, 0x00, 0x00, 0x00, 0x00, 0x00, 0x00, 0x00, 
	0x00, 0x00, 0x00, 0x00, 0x00, 0x00, 0x00, 0x00, 0x00, 0x00, 0x00, 0x00, 0x00, 0x00, 0x00, 0x00, 
	0x00, 0x00, 0x00, 0x00, 0x00, 0x00, 0x00, 0x00, 0x00, 0x00, 0x00, 0x00, 0x00, 0x00, 0x00, 0x00, 
	0x00, 0x00, 0x00, 0x00, 0x00, 0x00, 0x00, 0x00, 0x00, 0x00, 0x00, 0x00, 0x00, 0x00, 0x00, 0x00, 
	0x00, 0x00, 0x00, 0x00, 0x00, 0x00, 0x00, 0x00, 0x00, 0x00, 0x00, 0x00, 0x00, 0x00, 0x00, 0x00, 
	0x00, 0x00, 0x00, 0x00, 0x00, 0x00, 0x00, 0x00, 0x00, 0x00, 0x00, 0x00, 0x00, 0x00, 0x00, 0x00, 
	0x00, 0x00, 0x00, 0x00, 0x00, 0x00, 0x00, 0x00, 0x00, 0x00, 0x00, 0x00, 0x00, 0x00, 0x00, 0x00, 
	0x00, 0x00, 0x00, 0x00, 0x00, 0x00, 0x00, 0x00, 0x00, 0x00, 0x00, 0x00, 0x00, 0x00, 0x00, 0x00, 
	0x00, 0x00, 0x00, 0x00, 0x00, 0x00, 0x00, 0x00, 0x00, 0x00, 0x00, 0x00, 0x00, 0x00, 0x00, 0x00, 
	0x00, 0x00, 0x00, 0x00, 0x00, 0x00, 0x00, 0x00, 0x00, 0x00, 0x00, 0x00, 0x00, 0x00, 0x00, 0x00, 
	0x00, 0x00, 0x00, 0x00, 0x00, 0x00, 0x00, 0x00, 0x00, 0x00, 0x00, 0x00, 0x00, 0x00, 0x00, 0x00, 
	0x00, 0x00, 0x00, 0x00, 0x00, 0x00, 0x00, 0x00, 0x00, 0x00, 0x00, 0x00, 0x00, 0x00, 0x00, 0x00, 
	0x00, 0x00, 0x00, 0x00, 0x00, 0x00, 0x00, 0x00, 0x00, 0x00, 0x00, 0x00, 0x00, 0x00, 0x00, 0x00, 
	0x09, 0xCD, 0x09, 0xCD, 0x09, 0xCD, 0x09, 0xCD, 0x09, 0xCD, 0x09, 0xCD, 0x09, 0xCD, 0x09, 0xCD, 
	0x09, 0xCD, 0x09, 0xCD, 0x09, 0xCD, 0x09, 0xCD, 0x09, 0xCD, 0x09, 0xCD, 0x09, 0xCD, 0x09, 0xCD, 
	0x09, 0xCD, 0x09, 0xCD, 0x09, 0xCD, 0x09, 0xCD, 0x09, 0xCD, 0x09, 0xCD, 0x09, 0xCD, 0x09, 0xCD, 
	0x09, 0xCD, 0x00, 0x42, 0x00, 0x00, 0x00, 0x00, 0x00, 0x00, 0x00, 0x00, 0x00, 0x00, 0x00, 0x00, 
	0x00, 0x00, 0x00, 0x00, 0x00, 0x00, 0x00, 0x00, 0x00, 0x00, 0x00, 0x00, 0x00, 0x00, 0x00, 0x00, 
	0x00, 0x00, 0x00, 0x00, 0x00, 0x00, 0x00, 0x00, 0x00, 0x00, 0x00, 0x00, 0x00, 0x00, 0x00, 0x00, 
	0x00, 0x00, 0x00, 0x00, 0x00, 0x00, 0x00, 0x00, 0x00, 0x00, 0x00, 0x00, 0x00, 0x00, 0x00, 0x00, 
	0x00, 0x00, 0x00, 0x00, 0x00, 0x00, 0x00, 0x00, 0x00, 0x00, 0x00, 0x00, 0x00, 0x00, 0x00, 0x00, 
	0x00, 0x00, 0x00, 0x00, 0x00, 0x00, 0x00, 0x00, 0x00, 0x00, 0x00, 0x00, 0x00, 0x00, 0x00, 0x00, 
	0x00, 0x00, 0x00, 0x00, 0x00, 0x00, 0x00, 0x00, 0x00, 0x00, 0x00, 0x84, 0x09, 0xCD, 0x09, 0xCD, 
	0x09, 0xCD, 0x09, 0xCD, 0x09, 0xCD, 0x09, 0xCD, 0x09, 0xCD, 0x09, 0xCD, 0x09, 0xCD, 0x09, 0xCD, 
	0x09, 0xCD, 0x09, 0xCD, 0x09, 0xCD, 0x09, 0xCD, 0x09, 0xCD, 0x09, 0xCD, 0x09, 0xCD, 0x09, 0xCD, 
	0x09, 0xCD, 0x09, 0xCD, 0x09, 0xCD, 0x09, 0x8B, 0x00, 0x00, 0x00, 0x00, 0x00, 0x00, 0x00, 0x00, 
	0x00, 0x00, 0x00, 0x00, 0x00, 0x00, 0x00, 0x00, 0x00, 0x00, 0x00, 0x00, 0x00, 0x00, 0x00, 0x00, 
	0x00, 0x00, 0x00, 0x00, 0x00, 0x00, 0x00, 0x00, 0x00, 0x00, 0x00, 0x00, 0x00, 0x00, 0x00, 0x00, 
	0x00, 0x00, 0x00, 0x00, 0x00, 0x00, 0x00, 0x00, 0x00, 0x00, 0x00, 0x00, 0x00, 0x00, 0x00, 0x00, 
	0x00, 0x00, 0x00, 0x00, 0x00, 0x00, 0x00, 0x00, 0x00, 0x00, 0x00, 0x00, 0x00, 0x00, 0x00, 0x00, 
	0x00, 0x00, 0x00, 0x00, 0x00, 0x00, 0x00, 0x00, 0x00, 0x00, 0x00, 0x00, 0x00, 0x00, 0x00, 0x00, 
	0x00, 0x00, 0x00, 0x00, 0x00, 0x00, 0x00, 0x00, 0x00, 0x00, 0x00, 0x00, 0x00, 0x00, 0x00, 0x00, 
	0x00, 0x00, 0x00, 0x00, 0x00, 0x00, 0x00, 0x00, 0x00, 0x00, 0x00, 0x00, 0x00, 0x00, 0x00, 0x00, 
	0x00, 0x00, 0x00, 0x00, 0x00, 0x00, 0x00, 0x00, 0x00, 0x00, 0x00, 0x00, 0x00, 0x00, 0x00, 0x00, 
	0x00, 0x00, 0x00, 0x00, 0x00, 0x00, 0x00, 0x00, 0x00, 0x00, 0x00, 0x00, 0x00, 0x00, 0x00, 0x00, 
	0x00, 0x00, 0x00, 0x00, 0x00, 0x00, 0x00, 0x00, 0x00, 0x00, 0x00, 0x00, 0x00, 0x00, 0x00, 0x00, 
	0x00, 0x00, 0x00, 0x00, 0x00, 0x00, 0x00, 0x00, 0x00, 0x00, 0x00, 0x00, 0x00, 0x00, 0x00, 0x00, 
	0x00, 0x00, 0x00, 0x00, 0x00, 0x00, 0x00, 0x00, 0x00, 0x00, 0x00, 0x00, 0x00, 0x00, 0x00, 0x00, 
	0x00, 0x00, 0x00, 0x00, 0x00, 0x00, 0x00, 0x00, 0x00, 0x00, 0x00, 0x00, 0x00, 0x00, 0x00, 0x00, 
	0x00, 0x00, 0x00, 0x00, 0x00, 0x00, 0x00, 0x00, 0x00, 0x00, 0x00, 0x00, 0x00, 0x00, 0x00, 0x00, 
	0x00, 0x00, 0x00, 0x00, 0x00, 0x00, 0x00, 0x00, 0x00, 0x00, 0x00, 0x00, 0x00, 0x00, 0x00, 0x00, 
	0x00, 0x00, 0x00, 0x00, 0x00, 0x00, 0x00, 0x00, 0x00, 0x00, 0x00, 0x00, 0x00, 0x00, 0x00, 0x00, 
	0x00, 0x00, 0x00, 0x00, 0x00, 0x00, 0x00, 0x00, 0x00, 0x00, 0x00, 0x00, 0x00, 0x00, 0x00, 0x00, 
	0x00, 0x00, 0x00, 0x00, 0x00, 0x00, 0x00, 0x00, 0x00, 0x00, 0x00, 0x00, 0x00, 0x00, 0x00, 0x00, 
	0x00, 0x00, 0x00, 0x00, 0x00, 0x00, 0x00, 0x00, 0x00, 0x00, 0x00, 0x00, 0x00, 0x00, 0x00, 0x00, 
	0x00, 0x00, 0x00, 0x00, 0x00, 0x00, 0x00, 0x00, 0x00, 0x00, 0x00, 0x00, 0x00, 0x00, 0x00, 0x00, 
	0x00, 0x00, 0x00, 0x00, 0x00, 0x00, 0x00, 0x00, 0x00, 0x00, 0x00, 0x00, 0x00, 0x00, 0x00, 0x00, 
	0x00, 0x00, 0x00, 0x00, 0x00, 0x00, 0x00, 0x00, 0x00, 0x00, 0x00, 0x00, 0x00, 0x00, 0x00, 0x00, 
	0x00, 0x00, 0x00, 0x00, 0x00, 0x00, 0x00, 0x00, 0x00, 0x00, 0x00, 0x00, 0x00, 0x00, 0x00, 0x00, 
	0x00, 0x00, 0x00, 0x00, 0x00, 0x00, 0x00, 0x00, 0x00, 0x00, 0x00, 0x00, 0x00, 0x00, 0x00, 0x00, 
	0x00, 0x00, 0x00, 0x00, 0x00, 0x00, 0x00, 0x00, 0x00, 0x00, 0x00, 0x00, 0x00, 0x00, 0x00, 0x00, 
	0x00, 0x00, 0x00, 0x00, 0x00, 0x00, 0x00, 0x00, 0x00, 0x00, 0x00, 0x00, 0x00, 0x00, 0x00, 0x00, 
	0x00, 0x00, 0x00, 0x00, 0x00, 0x00, 0x00, 0x00, 0x00, 0x00, 0x00, 0x00, 0x00, 0x00, 0x00, 0x00, 
	0x00, 0x00, 0x00, 0x00, 0x00, 0x00, 0x01, 0x08, 0x09, 0xCD, 0x09, 0xCD, 0x09, 0xCD, 0x09, 0xCD, 
	0x09, 0xCD, 0x09, 0xCD, 0x09, 0xCD, 0x09, 0xCD, 0x09, 0xCD, 0x09, 0xCD, 0x09, 0xCD, 0x09, 0xCD, 
	0x09, 0xCD, 0x09, 0xCD, 0x09, 0xCD, 0x09, 0xCD, 0x09, 0xCD, 0x09, 0xAC, 0x00, 0x00, 0x00, 0x00, 
	0x00, 0x00, 0x00, 0x00, 0x00, 0x00, 0x00, 0x00, 0x00, 0x00, 0x00, 0x00, 0x00, 0x00, 0x00, 0x00, 
	0x00, 0x00, 0x00, 0x00, 0x00, 0x00, 0x00, 0x00, 0x00, 0x00, 0x00, 0x00, 0x00, 0x00, 0x00, 0x00, 
	0x00, 0x00, 0x00, 0x00, 0x00, 0x00, 0x00, 0x00, 0x00, 0x00, 0x00, 0x00, 0x00, 0x00, 0x00, 0x00, 
	0x00, 0x00, 0x00, 0x00, 0x00, 0x00, 0x00, 0x00, 0x00, 0x00, 0x00, 0x00, 0x00, 0x00, 0x00, 0x00, 
	0x00, 0x00, 0x00, 0x00, 0x00, 0x00, 0x00, 0x00, 0x00, 0x00, 0x00, 0x00, 0x00, 0x00, 0x00, 0x00, 
	0x00, 0x00, 0x00, 0x00, 0x00, 0x00, 0x00, 0x00, 0x00, 0x00, 0x00, 0x00, 0x00, 0x00, 0x00, 0x00, 
	0x00, 0x00, 0x00, 0x00, 0x00, 0x00, 0x00, 0x00, 0x00, 0x00, 0x00, 0x00, 0x00, 0x00, 0x00, 0x00, 
	0x00, 0xE7, 0x09, 0xCD, 0x09, 0xCD, 0x09, 0xCD, 0x09, 0xCD, 0x09, 0xCD, 0x09, 0xCD, 0x09, 0xCD, 
	0x09, 0xCD, 0x09, 0xCD, 0x09, 0xCD, 0x09, 0xCD, 0x09, 0xCD, 0x09, 0xCD, 0x09, 0xCD, 0x09, 0xCD, 
	0x09, 0xAC, 0x00, 0x00, 0x00, 0x00, 0x00, 0x00, 0x00, 0x00, 0x00, 0x00, 0x00, 0x00, 0x00, 0x00, 
	0x00, 0x00, 0x00, 0x00, 0x00, 0x00, 0x00, 0x00, 0x00, 0x00, 0x00, 0x00, 0x00, 0x00, 0x00, 0x00, 
	0x00, 0x00, 0x00, 0x00, 0x00, 0x00, 0x00, 0x00, 0x00, 0x00, 0x00, 0x00, 0x00, 0x00, 0x00, 0x00, 
	0x00, 0x00, 0x00, 0x00, 0x00, 0x00, 0x00, 0x00, 0x00, 0x00, 0x00, 0x00, 0x00, 0x00, 0x00, 0x00, 
	0x00, 0x00, 0x00, 0x00, 0x00, 0x00, 0x00, 0x00, 0x00, 0x00, 0x00, 0x00, 0x00, 0x00, 0x00, 0x00, 
	0x00, 0x00, 0x00, 0x00, 0x00, 0x00, 0x00, 0x00, 0x00, 0x00, 0x00, 0x00, 0x00, 0x00, 0x00, 0x00, 
	0x00, 0x00, 0x00, 0x00, 0x00, 0x00, 0x00, 0x00, 0x00, 0x00, 0x00, 0x00, 0x00, 0x00, 0x00, 0x00, 
	0x00, 0x00, 0x00, 0x00, 0x00, 0x00, 0x00, 0x00, 0x00, 0x00, 0x00, 0x00, 0x00, 0x00, 0x00, 0x00, 
	0x00, 0x00, 0x00, 0x00, 0x00, 0x00, 0x00, 0x00, 0x00, 0x00, 0x00, 0x00, 0x00, 0x00, 0x00, 0x00, 
	0x00, 0x00, 0x00, 0x00, 0x00, 0x00, 0x00, 0x00, 0x00, 0x00, 0x00, 0x00, 0x00, 0x00, 0x00, 0x00, 
	0x00, 0x00, 0x00, 0x00, 0x00, 0x00, 0x00, 0x00, 0x00, 0x00, 0x00, 0x00, 0x00, 0x00, 0x00, 0x00, 
	0x00, 0x00, 0x00, 0x00, 0x00, 0x00, 0x00, 0x00, 0x00, 0x00, 0x00, 0x00, 0x00, 0x00, 0x00, 0x00, 
	0x00, 0x00, 0x00, 0x00, 0x00, 0x00, 0x00, 0x00, 0x00, 0x00, 0x00, 0x00, 0x00, 0x00, 0x00, 0x00, 
	0x00, 0x00, 0x00, 0x00, 0x00, 0x00, 0x00, 0x00, 0x00, 0x00, 0x00, 0x00, 0x00, 0x00, 0x00, 0x00, 
	0x00, 0x00, 0x00, 0x00, 0x00, 0x00, 0x00, 0x00, 0x00, 0x00, 0x00, 0x00, 0x00, 0x00, 0x00, 0x00, 
	0x00, 0x00, 0x00, 0x00, 0x00, 0x00, 0x00, 0x00, 0x00, 0x00, 0x00, 0x00, 0x00, 0x00, 0x00, 0x00, 
	0x00, 0x00, 0x00, 0x00, 0x00, 0x00, 0x00, 0x00, 0x00, 0x00, 0x00, 0x00, 0x00, 0x00, 0x00, 0x00, 
	0x00, 0x00, 0x00, 0x00, 0x00, 0x00, 0x00, 0x00, 0x00, 0x00, 0x00, 0x00, 0x00, 0x00, 0x00, 0x00, 
	0x00, 0x00, 0x00, 0x00, 0x00, 0x00, 0x00, 0x00, 0x00, 0x00, 0x00, 0x00, 0x00, 0x00, 0x00, 0x00, 
	0x00, 0x00, 0x00, 0x00, 0x00, 0x00, 0x00, 0x00, 0x00, 0x00, 0x00, 0x00, 0x00, 0x00, 0x00, 0x00, 
	0x00, 0x00, 0x00, 0x00, 0x00, 0x00, 0x00, 0x00, 0x00, 0x00, 0x00, 0x00, 0x00, 0x00, 0x00, 0x00, 
	0x00, 0x00, 0x00, 0x00, 0x00, 0x00, 0x00, 0x00, 0x00, 0x00, 0x00, 0x00, 0x00, 0x00, 0x00, 0x00, 
	0x00, 0x00, 0x00, 0x00, 0x00, 0x00, 0x00, 0x00, 0x00, 0x00, 0x00, 0x00, 0x00, 0x00, 0x00, 0x00, 
	0x00, 0x00, 0x00, 0x00, 0x00, 0x00, 0x00, 0x00, 0x00, 0x00, 0x00, 0x00, 0x00, 0x00, 0x00, 0x00, 
}
